DATE,deathrate,nonfarm labor share,deliquency rate of comm and ind loans,civ unemply rate,M1V,births,aaa,baa,tr10 ,caputz index,GPDI,NFB R output ph,OUTMS,IMPGSC,EXPGSC,GDPIC,real GPDI fixed equip,chng real priv inventories,RGDP,IP index,NROU,CAPUTL,LLBAC,population,DPIC96,IRLTLT01USQ156N,DPSACBQ158SBOG,RSAHORUSQ156S,PINCOME,CP,LES1252881600Q,A067RP1Q027SBEA,MABMM301USQ657S,USAGFCFQDSMEI,SPASTT01USQ661N,HOHWMN02USQ065S,LRAC25MAUSQ156S,ULQELP01USQ657S,LCULMN01USQ661S,IRSTCI01USQ156N,PITGCG01USQ661N,PRMNTO01USQ657S,USAPROINDQISMEI,CSINFT02USQ460S,LFEAAGTTUSQ647S,IRSTFR01USQ156N,LFWA24TTUSQ647S,LRIN25MAUSQ156S,PRS84006173,PRS88003173,LREM64TTUSQ156S,PRS30006013,WASCUR
7/1/92,0.241120522,0.884578866,0.889960069,0.797417434,0.896305194,0.261639898,0.577529075,0.602724519,0.499394625,0.264709166,0.201040805,0.438917607,0.260459871,0.213626309,0.335756533,0.204173403,0.432794089,0.297999427,0.218267337,0.251626597,0.865756027,0.264709166,0.216086522,0.154886197,0.261401675,0.499394625,0.304802177,0.612451519,0.200670557,0.25796306,0.433816167,0.471011573,0.37336545,0.181748669,0.03675672,0.210249583,0.885763384,0.750062685,0.728674353,0.4870461,0.342153321,0.463922788,0.251626977,0.31213916,0.475098955,0.4870461,0.870246892,0.126880537,0.841592603,0.82653144,0.29206255,0.36899351,0.215940579
10/1/92,0.435589078,0.757920857,0.833582935,0.757545605,0.729040542,0.125291151,0.601067728,0.682197532,0.545305319,0.317832214,0.256845798,0.70069699,0.299441393,0.255740922,0.350153234,0.263369566,0.649167365,0.329421369,0.279619213,0.30094232,0.813098651,0.317832214,0.319661037,0.207493721,0.304711365,0.545305319,0.709933853,0.923436274,0.262092545,0.2796472,0.202328381,0.528988427,0.874403008,0.243649331,0.066978971,0.261447611,0.767666248,0.858703798,0.940044987,0.42275209,0.400231765,0.358932828,0.300945123,0.163643818,0.424006697,0.42275209,0.830256455,0.256884701,0.731454371,0.782205619,0.222744975,0.430304219,0.280242817
1/1/93,0.758879478,0.63994324,0.783541705,0.67159328,0.611153833,0.6170997,0.440772683,0.450737069,0.379025001,0.364949993,0.304442129,0.328533088,0.353079278,0.298293907,0.356753104,0.316090039,0.377594739,0.524107104,0.29030201,0.345867876,0.751452246,0.364949993,0.301025917,0.25990676,0.342679571,0.379025001,0.234715779,0.195682969,0.284048075,0.276204989,0.566183833,0.305344252,0.094825889,0.256321504,0.258571364,0.33846112,0.634609205,0.264671135,0.097159428,0.45475084,0.47809112,0.511228506,0.345870764,0.658423092,0.272492496,0.45475084,0.846240314,0.342518499,0.665349431,0.77192846,0.296980232,0.398180891,0.272786603
4/1/93,0.478446049,0.794562019,0.716909243,0.653768574,0.43749334,0.185763418,0.272471551,0.32238284,0.283634259,0.339576947,0.325117587,0.134537473,0.371183651,0.342630939,0.392279041,0.329928262,0.694201477,0.371593793,0.32894531,0.357918659,0.682899457,0.339576947,0.373183919,0.320432277,0.375470096,0.283634259,0.874708849,0.387548481,0.352803162,0.324473245,0.797671619,0.331286459,0.690054093,0.317121396,0.319516017,0.444768978,0.711966837,0.391842069,0.748447271,0.448320684,0.807338925,0.196390603,0.35792156,0.743141596,0.243344492,0.448320684,0.720743968,0.290961462,0.785806515,0.706269929,0.369516924,0.420754947,0.355123775
7/1/93,0.088291455,0.657014295,0.641756531,0.566665845,0.254101646,0.483028855,0.093006181,0.13077564,0.180887554,0.334249054,0.327824511,0.267908823,0.38190438,0.372742102,0.384172439,0.313526248,0.278275116,0.140203593,0.362261341,0.379061007,0.610149221,0.334249054,0.48157358,0.394883131,0.384910263,0.180887554,0.567578594,0.387548481,0.393436666,0.369763527,0.933192799,0.034518174,0.721493393,0.356402972,0.490914907,0.444768978,0.711966837,0.336030685,0.86578059,0.459044313,0.47809112,0.150841775,0.379063926,0.889616243,0.240985972,0.459044313,0.39026553,0.319045816,0.70463948,0.692183356,0.422909872,0.43634901,0.40273865
10/1/93,0.241120522,0.609826134,0.527274768,0.520298637,0.20334251,0.209398342,0.081913266,0.112683489,0.178501051,0.461303652,0.447222245,0.427433879,0.470271793,0.470021797,0.484058722,0.446633841,0.869173863,0.246656449,0.462722637,0.464035317,0.536179692,0.461303652,0.434465497,0.468469517,0.462281484,0.178501051,0.415754759,0.612451519,0.474249184,0.442974416,0.933192799,0.668713541,0.80810332,0.4891102,0.662110252,0.555231022,0.650657718,0.840492421,0.944604432,0.431244346,0.342153321,0.760432767,0.464032552,0.163643818,0.283404672,0.431244346,0.435716092,0.355775606,0.598830158,0.545005704,0.466413067,0.499327122,0.48955691
1/1/94,0.647425236,0.32622931,0.472725232,0.479701363,0.220828968,0.290066147,0.171070915,0.201376979,0.307736633,0.538696348,0.552777755,0.561082393,0.529728207,0.529978203,0.515941278,0.553366159,0.517764383,0.612504134,0.537277363,0.535964683,0.463820308,0.538696348,0.51842642,0.531530483,0.537718516,0.307736633,0.304802177,0.387548481,0.525750816,0.557025584,0.691462461,0.358064784,0.540506898,0.5108898,0.755028124,0.555231022,0.349342282,0.530326079,0.423455116,0.5129539,0.383346518,0.552800837,0.535967448,0.256858404,0.524901045,0.5129539,0.622503068,0.644224394,0.328144602,0.454994296,0.533586933,0.500672878,0.51044309
4/1/94,0.564410922,0.390173866,0.392163656,0.355617256,0.327755034,0.64913223,0.559227317,0.549262931,0.663986876,0.668462671,0.683903229,0.595340741,0.648644882,0.626049502,0.624700949,0.689291527,0.213925895,0.923385624,0.639641205,0.639565684,0.3953788,0.668462671,0.581065666,0.599647088,0.650034751,0.663986876,0.116730765,0.195682969,0.630802166,0.607501783,0.797671619,0.904748221,0.459493102,0.598682786,0.428556254,0.805411575,0.206905843,0.817958777,0.469449701,0.700220163,0.52190888,0.91575682,0.63956811,0.532530582,0.608278376,0.700220163,0.531314451,0.791355584,0.397014937,0.41016938,0.612664781,0.580563725,0.637471487
7/1/94,0.313311142,0.371597097,0.356279651,0.298661625,0.375693757,0.790601658,0.679269747,0.66837564,0.742472349,0.709921624,0.657802541,0.346097494,0.717748409,0.696421911,0.737725736,0.643750241,0.482235617,0.679497518,0.681853792,0.708495595,0.332491471,0.709921624,0.730346536,0.671390745,0.71070665,0.742472349,0.550790808,0.195682969,0.692391698,0.684427894,0.433816167,0.694655748,0.345181652,0.664967979,0.579091763,0.773372647,0.183203031,0.407114115,0.522482687,0.783727593,0.75562794,0.674099139,0.708497703,0.836356182,0.638272243,0.783727593,0.468685549,0.818834492,0.401169842,0.339774728,0.698060428,0.759426908,0.696666438
10/1/94,0.927780655,0.212522608,0.348462887,0.20042554,0.56250666,0.516971145,0.846086074,0.817271547,0.866340217,0.822163046,0.761663912,0.784996568,0.81814607,0.76188989,0.799595716,0.751436361,0.909274855,0.867427541,0.758145149,0.806324401,0.276143948,0.822163046,0.76407491,0.734219866,0.835539222,0.866340217,0.449209192,0.612451519,0.784630763,0.729095746,0.433816167,0.991802464,0.258920438,0.738849001,0.509085093,0.82034133,0.349342282,0.469673921,0.477517313,0.879914646,0.70487077,0.944697891,0.806327889,0.5,0.817769423,0.879914646,0.324993367,0.683719591,0.256189752,0.271457103,0.834886935,0.8769466,0.776013474
1/1/95,0.521553951,0.230762669,0.336858325,0.167623908,0.678447569,0.680138135,0.730613074,0.685235754,0.784522035,0.822637642,0.794213581,0.808291793,0.849496089,0.808220482,0.844762394,0.776831927,0.829763073,0.772293113,0.779823451,0.84701097,0.226733275,0.822637642,0.802750045,0.783901288,0.890762614,0.784522035,0.680138135,0.977249868,0.847077031,0.773596414,0.308537539,0.743619774,0.408794275,0.817290658,0.762041834,0.756298236,0.365390795,0.395658267,0.265841657,0.928051863,0.851747134,0.488771494,0.847010539,0.5,0.838924698,0.928051863,0.126940772,0.683403999,0.329441711,0.342843098,0.856331733,0.912372397,0.83474755
4/1/95,0.758879478,0.217646262,0.333023731,0.2164095,0.770114547,0.550790808,0.400731105,0.366357778,0.500605375,0.749038955,0.755563237,0.922122382,0.847446566,0.826819563,0.87355493,0.724615756,0.144541905,0.475892896,0.797218731,0.858475832,0.184221115,0.749038955,0.776096425,0.830249494,0.90585705,0.500605375,0.883269235,0.999898111,0.885441232,0.836343938,0.433816167,0.211855399,0.958837518,0.829651983,0.991909942,0.401293675,0.273536966,0.641710543,0.380063598,0.929524634,0.968354583,0.143205139,0.858475403,0.435154774,0.730691049,0.929524634,0.008892475,0.72705792,0.323529052,0.332940235,0.818853512,0.909900478,0.873704198
7/1/95,0.791262837,0.260936725,0.327304536,0.209672384,0.879051546,0.550790808,0.284982704,0.283647973,0.394123077,0.726768165,0.75429108,0.919076061,0.864988475,0.83331518,0.93911411,0.708929603,0.172502892,0.187039321,0.842236968,0.888311078,0.148216529,0.726768165,0.755866971,0.87457253,0.944234945,0.394123077,0.99855274,0.999990892,0.919911732,0.853776601,0.797671619,0.719655422,0.999913962,0.858587724,0.999977718,0.444768978,0.161271076,0.708267769,0.465523661,0.913717069,0.97783669,0.349931124,0.888307958,0.31213916,0.578957082,0.913717069,0.00523196,0.850816695,0.341206562,0.238201528,0.823598712,0.881837084,0.910788806
10/1/95,0.923436274,0.374801447,0.36700138,0.253723376,0.964035637,0.589894161,0.16063511,0.211285028,0.29925119,0.586420824,0.698974843,0.934101359,0.789796133,0.784791255,0.902672226,0.686251743,0.514118902,0.237943469,0.799113446,0.821601481,0.147744377,0.586420824,0.465100782,0.882635745,0.873271914,0.29925119,0.786896474,0.998650102,0.889122074,0.817092042,0.202328381,0.302493835,0.892061283,0.839531615,0.999999986,0.412070445,0.231878867,0.639972424,0.432836649,0.767088752,0.976659838,0.487783189,0.821599268,0.060448397,0.563169558,0.767088752,0.001781671,0.790790293,0.397144428,0.280114441,0.735583241,0.793910421,0.891509968
1/1/96,0.887267007,0.435159344,0.408052268,0.309210976,0.991680113,0.972128757,0.287688436,0.29024915,0.369974493,0.401271821,0.720437868,0.965146662,0.750163072,0.807657965,0.877010788,0.701726544,0.474597858,0.190996241,0.824330508,0.8034493,0.14677699,0.401271821,0.741122058,0.882934019,0.872273254,0.369974493,0.916718659,0.993790335,0.894044024,0.824306888,0.121672505,0.849544734,0.943144292,0.872525628,0.999999993,0.143547476,0.359288834,0.716315411,0.138635934,0.625397613,0.963869352,0.242603493,0.803446915,0.31213916,0.674555128,0.625397613,0.029125679,0.63740952,0.392483221,0.232438588,0.691009168,0.740401989,0.883193801
4/1/96,0.782448099,0.278949855,0.427161059,0.35989462,0.990862532,0.770574674,0.577712415,0.582094207,0.663993571,0.547798929,0.862479921,0.97944448,0.795995669,0.830997799,0.842356607,0.878890809,0.525402142,0.448748628,0.898529115,0.849481419,0.145275098,0.547798929,0.519452884,0.877430898,0.880533674,0.663993571,0.847174506,0.963521808,0.902649861,0.800488723,0.17798356,0.782672264,0.83731668,0.900023848,0.99648305,0.589324023,0.339913794,0.935283027,0.053601548,0.541960508,0.968473922,0.890878356,0.849480691,0.902735543,0.628949378,0.541960508,0.079903134,0.616662042,0.091416995,0.264094984,0.672994385,0.578809764,0.882868045
7/1/96,0.765284221,0.331499828,0.371650399,0.292848657,0.978064968,0.977249868,0.528105058,0.561762937,0.598186523,0.48991152,0.970749133,0.989273462,0.851076297,0.90385628,0.800034631,0.992623938,0.705941825,0.723241273,0.928416732,0.868729962,0.143212426,0.48991152,0.230447551,0.877769015,0.86983733,0.598186523,0.8054674,0.905624964,0.899677695,0.766928403,0.5,0.452050697,0.685068495,0.91438673,0.960050131,0.626493575,0.7425293,0.280092227,0.00042332,0.502451243,0.973237856,0.736827692,0.868734382,0.655421742,0.621602509,0.502451243,0.213467459,0.285105823,0.161861724,0.27549228,0.777987115,0.490773441,0.900244833
10/1/96,0.742855507,0.333681118,0.208933714,0.250209704,0.973611689,0.999683036,0.335461938,0.340808932,0.38510457,0.45539697,0.986786046,0.948327423,0.915998404,0.935876419,0.917474896,0.998803133,0.24498538,0.422879138,0.954904243,0.914856546,0.140574554,0.45539697,0.544235881,0.886310401,0.868483383,0.38510457,0.939282751,0.785439783,0.898969759,0.768663924,0.379158237,0.399537096,0.756167334,0.916131956,0.951847981,0.638644784,0.804317036,0.567203003,0.003968429,0.494246224,0.974212645,0.548115861,0.914859537,0.353830234,0.508131071,0.494246224,0.639069706,0.283802199,0.07773118,0.199338904,0.891296769,0.573501514,0.912831809
1/1/97,0.841344746,0.911908459,0.077356929,0.109640966,0.964985716,0.951254702,0.413255664,0.399382769,0.452122454,0.787489881,0.995915845,0.874325727,0.992167678,0.971444146,0.928755285,0.994561105,0.36182265,0.346496868,0.95726892,0.969823467,0.137374833,0.787489881,0.378796944,0.889288134,0.899275415,0.452122454,0.841344746,0.725746882,0.90675144,0.759608223,0.252492538,0.595369427,0.659483924,0.910500901,0.921819275,0.626493572,0.716145423,0.204379095,0.00043019,0.565547113,0.888306903,0.826161403,0.969826843,0.143061192,0.348946,0.565547113,0.962122027,0.350699244,0.696764571,0.378726462,0.990578797,0.861447683,0.930849963
4/1/97,0.641935216,0.273811518,0.001482089,0.009196905,0.959785424,0.900087671,0.48300627,0.452200209,0.51317217,0.608613483,0.977957008,0.910136468,0.982209889,0.984425697,0.95464963,0.982077017,0.642310254,0.978595415,0.942661536,0.960280941,0.133697336,0.608613483,0.40936969,0.883340748,0.910521406,0.51317217,0.742252951,0.757309585,0.900394245,0.847500467,0.691462461,0.234715779,0.564805533,0.921215382,0.897109102,0.638644788,0.500000006,0.903006782,0.010695065,0.717470147,0.764512368,0.570881863,0.960282638,0.041518219,0.626355009,0.717470147,0.935580086,0.452125239,0.161818136,0.421224914,0.998525068,0.995713738,0.927786833
7/1/97,0.46934237,0.120379566,0.000855285,0.025997591,0.918469041,0.738360102,0.158164939,0.136370057,0.237144745,0.921740287,0.951102745,0.936893003,0.972451834,0.976536233,0.954766814,0.957390649,0.947281491,0.846470121,0.933222504,0.962830239,0.129738105,0.921740287,0.36944134,0.883562269,0.911206414,0.237144745,0.91400755,0.780591829,0.904082168,0.953109816,0.691462461,0.723942753,0.837186498,0.922749616,0.96540872,0.614215271,0.747507461,0.775910151,0.030526798,0.633231953,0.761517161,0.856860618,0.962829794,0.008197536,0.32294836,0.633231953,0.986617255,0.278505263,0.1111934,0.151739184,0.965835332,0.995210816,0.927082436
10/1/97,0.999946688,0.996679057,0.005063995,0.004106598,0.871325544,0.469919707,0.062044811,0.048791424,0.056270753,0.973514903,0.937315652,0.923308335,0.965539793,0.949819686,0.905910516,0.950032036,0.118845457,0.840930011,0.915211075,0.961347701,0.125765362,0.973514903,0.01890433,0.889943137,0.936170722,0.056270753,0.763605546,0.75562794,0.899265693,0.944647246,0.691462461,0.965157557,0.831646744,0.880728587,0.946313527,0.754438757,0.5,0.457213774,0.097996832,0.505823768,0.654851707,0.811045809,0.961345934,0.039535876,0.165257665,0.505823768,0.991209528,0.558673995,0.92398637,0.864191965,0.945173822,0.999993677,0.930405139
1/1/98,0.995750544,0.99999999,0.12123583,0.029194198,0.832896024,0.96227982,0.046707168,0.05414132,0.055072445,0.705275002,0.901536499,0.925543573,0.927568419,0.921916192,0.886389777,0.913833021,0.857638,0.972214355,0.900114066,0.931763051,0.122077823,0.705275002,0.708651854,0.890023419,0.957768865,0.055072445,0.643859483,0.873451046,0.903137932,0.405615824,0.999999981,0.998749646,0.907903813,0.877760581,0.959662201,0.665029689,0.663141678,0.853793012,0.195434422,0.465100782,0.356615078,0.470873852,0.931761108,0.006704321,0.010914786,0.465100782,0.942297577,0.451197458,0.998593629,1,0.879318739,0.999892577,0.922070516
4/1/98,0.39486291,0.999997356,0.161062864,0.074343965,0.785375139,0.950920612,0.101507932,0.074024393,0.156455566,0.047190696,0.810240768,0.904172827,0.863433148,0.908757562,0.759297502,0.810428411,0.540750875,0.557848421,0.866226359,0.894863456,0.118880485,0.047190696,0.421599913,0.879181841,0.967608184,0.156455566,0.430695727,0.929716682,0.921145954,0.362655372,0.999999713,0.731772253,0.890202064,0.902853201,0.970533292,0.385784737,0.456954966,0.547513208,0.418298305,0.597785414,0.396822487,0.208005271,0.894861495,0.05549602,0.350507787,0.597785414,0.946445457,0.45823244,0.999948217,1,0.771372285,0.997078153,0.916971032
7/1/98,0.99964361,0.997462942,0.282958838,0.141748962,0.784602714,0.59300977,0.081593089,0.081937451,0.059653102,0.000112844,0.85469564,0.963487075,0.817572942,0.87594359,0.661196898,0.869827271,0.215022209,0.620008709,0.890041559,0.857213657,0.116238378,0.000112844,0.11506967,0.87436246,0.962231516,0.059653102,0.141081798,0.996593841,0.923698242,0.313329596,0.999968329,0.383501907,0.786084169,0.910169464,0.854846151,0.33775255,0.500000006,0.916788187,0.501830984,0.523685609,0.427591447,0.274713214,0.857212595,0.048835601,0.945296221,0.523685609,0.909585385,0.489378635,0.998810865,1,0.730841131,0.839173953,0.912511361
10/1/98,0.949118248,0.969870694,0.522784301,0.136607202,0.761799834,0.294412155,0.112159427,0.247507902,0.035208604,0.003693693,0.889091299,0.961296132,0.816267589,0.876358811,0.696595138,0.896529438,0.839622556,0.625515464,0.911720891,0.835014947,0.114197098,0.003693693,0.602630825,0.879955266,0.933721125,0.035208604,0.673807163,0.977249868,0.901364102,0.171405078,1,0.133260263,0.998730594,0.944776392,0.799507827,0.393476165,0.579259702,0.900248299,0.43582578,0.000300039,0.438530442,0.603657509,0.835013942,0.101154621,0.307704341,0.000300039,0.873164623,0.228190227,0.956532042,0.999549875,0.791240294,0.734579353,0.89791713
1/1/99,0.939551603,0.841926685,0.737007339,0.168486152,0.776210545,0.721812815,0.195437649,0.348213635,0.137722964,0.036694794,0.866272701,0.949651667,0.816053634,0.849715611,0.672654805,0.854635245,0.504039853,0.787786194,0.898032323,0.824571807,0.112758685,0.036694794,2.62E-07,0.881712156,0.885497685,0.137722964,0.09018403,0.935744512,0.874846269,0.469054204,0.952209648,0.20758916,0.729923357,0.921472885,0.809396129,0.276057245,0.971874818,0.342192811,0.455019997,0.002094043,0.387548478,0.296155503,0.824572809,0.283013323,0.012918209,0.002094043,0.959601105,0.054530422,0.85826262,0.913935343,0.746313901,0.431391329,0.891226312
4/1/99,0.872284129,0.756934826,0.794038088,0.243949983,0.782769882,0.847796131,0.458486627,0.567281847,0.314264603,0.047430949,0.847819538,0.898979055,0.824095361,0.871074217,0.742801186,0.837065317,0.609678431,0.287678987,0.878729597,0.811097134,0.111838179,0.047430949,0.02871656,0.874854731,0.836311916,0.314264603,0.061818877,0.892767171,0.854273944,0.634726193,0.995455598,0.051199455,0.408591079,0.895959295,0.841005411,0.276057245,0.289257365,0.426282807,0.397777548,0.001723769,0.949299085,0.218963993,0.81109796,0.384540201,0.317057814,0.001723769,0.977443736,0.544685335,0.785540669,0.872590415,0.611927056,0.28996452,0.872929907
7/1/99,0.802851838,0.62839536,0.870383351,0.246582532,0.867538428,0.441825918,0.732653766,0.767065273,0.555551242,0.124589864,0.890121985,0.902919961,0.80032838,0.907251422,0.952737037,0.889315071,0.548360012,0.36738977,0.892921291,0.797623062,0.11133257,0.124589864,0.298124843,0.874947597,0.795335496,0.555551242,0.100376047,0.848159445,0.835933935,0.582768925,0.959240133,0.426541894,0.431874256,0.90094821,0.801513458,0.393476165,0.00674455,0.889805811,0.740731666,0.263336285,0.999467424,0.1575154,0.797622657,0.455269163,0.013434608,0.263336285,0.959436477,0.994115013,0.656424708,0.820964411,0.605832947,0.316385797,0.855479563
10/1/99,0.593783367,0.528717685,0.779121836,0.161262579,0.914800545,0.949118248,0.813044669,0.82348836,0.688749079,0.259341337,0.901179351,0.937585789,0.855347872,0.906388223,0.990588272,0.888584609,0.030422037,0.787383211,0.910686146,0.849742112,0.111129199,0.259341337,0.552599369,0.883719528,0.79664693,0.688749079,0.566606848,0.841344746,0.852399195,0.707524928,0.92710243,0.995237223,0.281696114,0.898214115,0.78420138,0.393476172,0.029453356,0.849960687,0.636894837,0.363169349,0.998772777,0.732460344,0.849744315,0.747507463,0.046053865,0.363169349,0.927140717,0.956764364,0.55263628,0.750888611,0.812384012,0.180100793,0.869174664
1/1/00,0.793373312,0.979858508,0.895408284,0.16254776,0.916763457,0.928766623,0.85889948,0.815912969,0.851352922,0.38435413,0.856806393,0.875535586,0.91213414,0.929171173,0.998271533,0.835254873,0.770440557,0.116829907,0.890963212,0.905843713,0.111157444,0.38435413,0.775960254,0.887520622,0.848749629,0.851352922,0.569262416,0.812968601,0.909582874,0.413343938,0.83706241,0.998705148,0.492943325,0.893296271,0.751918085,0.54304504,0.963230716,5.89E-06,0.999023519,0.847318406,0.999917978,0.328316776,0.905843174,0.841344746,2.41E-08,0.847318406,0.831981479,0.341401016,0.96473113,0.850343323,0.988328406,0.192641112,0.919815525
4/1/00,0.519938806,0.879495382,0.957322856,0.136042632,0.95078892,0.678778471,0.869475041,0.876443396,0.730730391,0.509019624,0.955452899,0.918112564,0.924570039,0.940139423,0.997835769,0.94418909,0.571072167,0.7220491,0.906464946,0.928270347,0.111341451,0.509019624,0.809493969,0.877840761,0.91961332,0.730730391,0.585024768,0.833413366,0.943355154,0.390534312,0.841344746,0.597120813,0.648508752,0.881345758,0.802141251,0.414409615,0.21692846,0.950989908,0.880862965,0.992262182,0.99953244,0.422045315,0.928268224,0.76550947,5.20E-12,0.992262182,0.781894937,0.876299649,0.828996096,0.92675876,0.979794512,0.388340655,0.92210616
7/1/00,0.998476534,0.99999932,0.946065231,0.192067866,0.938881822,0.678778471,0.819961242,0.796693198,0.587513677,0.246421347,0.882564392,0.853258588,0.820844417,0.93666171,0.9781011,0.85092591,0.056814564,0.482986837,0.8507342,0.870633466,0.111605415,0.246421347,0.336017164,0.87042778,0.954313138,0.587513677,0.626493573,0.871462851,0.957010647,0.336403322,0.773372648,0.659358975,0.031959573,0.873985267,0.823356158,0.074307,0.040059157,0.183368429,0.998126955,0.991749932,0.984361998,0.081118501,0.870629654,0.857457396,6.69E-14,0.991749932,0.730021624,0.999256538,0.999999972,0.973744986,0.442297767,0.257497863,0.928133784
10/1/00,0.989491872,0.981787402,0.976240864,0.179422941,0.971622881,0.397717606,0.706654134,0.732654434,0.366768047,0.000417334,0.84085521,0.866434929,0.673927858,0.887918757,0.916788574,0.820221194,0.110720111,0.478434518,0.833840058,0.783293256,0.111917485,0.000417334,0.178862678,0.872586916,0.927183163,0.366768047,0.22324184,0.92710243,0.93154851,0.108731343,0.658145606,0.167451351,0.312615775,0.85846883,0.683984467,2.82E-10,0.064602875,0.189723054,0.996909291,0.960565085,0.968450309,0.01407882,0.783293256,0.888530453,0.000220724,0.960565085,0.706118623,0.991860823,0.997486588,0.96954473,0.707597858,0.228017918,0.884749009
1/1/01,0.999606238,0.999388793,0.98864448,0.515107524,0.917856082,0.556798497,0.476801902,0.484152159,0.138929405,8.18E-12,0.690729753,0.832956197,0.53033073,0.792804492,0.827374425,0.644068028,0.077283931,0.012633087,0.805580778,0.672066174,0.112294497,8.18E-12,0.263104757,0.871577043,0.904879491,0.138929405,0.7778942,0.930331016,0.91033425,0.732288011,0.627629455,0.577977184,0.999434999,0.783064259,0.570269758,3.93E-17,0.322206167,0.023957911,0.9666945,0.413562315,0.930810202,3.57E-06,0.672067219,0.711858919,0.120781757,0.413562315,0.780175192,0.955435142,0.999509309,0.925843486,0.464165741,0.105050119,0.865041162
4/1/01,0.98001477,0.870369049,0.997922459,0.773201795,0.798753402,0.443201503,0.509428667,0.520811398,0.346600513,1.86E-14,0.626192207,0.849751665,0.345907263,0.661635114,0.582935173,0.580370768,0.02553071,0.023830385,0.748576724,0.513836091,0.112748252,1.86E-14,0.174592779,0.862968484,0.848880982,0.346600513,0.714894894,0.920346692,0.86845659,0.937674584,0.7398416,0.012607423,0.99743723,0.738399942,0.521941067,1.34E-20,0.110135768,0.738050376,0.849072457,0.048944765,0.869297587,0.003076548,0.513829085,0.874420948,0.133785092,0.048944765,0.923144221,0.910029637,0.878452177,0.802401003,3.03E-07,2.89E-05,0.828976927
7/1/01,0.938032097,0.657836811,0.998621602,0.981571047,0.578107364,0.523453666,0.405732907,0.421569521,0.233999579,3.89E-11,0.480562386,0.859653033,0.178301966,0.547512847,0.323580987,0.383192095,0.119164638,0.008926868,0.684818681,0.336810696,0.113256506,3.89E-11,0.093047082,0.860494838,0.852722031,0.233999579,0.624405959,0.869705483,0.782104765,0.216590201,0.793373312,0.964378198,0.900490514,0.653074562,0.049559125,0.000373897,0.053577754,0.114397314,0.7558914,0.030180238,0.785299291,0.044645782,0.336808092,0.259089863,0.234832993,0.030180238,0.98787147,0.939575458,0.667813769,0.694013251,1.17E-22,9.57E-14,0.712166448
10/1/01,0.758879478,0.434251378,0.990647319,0.999998445,0.527956104,0.066807201,0.229231909,0.362864748,0.197687678,0.000167761,0.180014389,0.884798207,0.116612556,0.44172827,0.192349384,0.059590563,0.317967711,0.008464838,0.652776507,0.212518259,0.113807832,0.000167761,0.115764679,0.869069651,0.730695204,0.197687678,0.43853044,0.824676055,0.719416868,0.081238389,0.873451046,0.001482089,0.788799811,0.517121796,0.006649193,0.027428949,0.132151355,0.551758411,0.565836524,0.002912127,0.59248983,0.168918863,0.212521563,6.25E-05,0.370799002,0.002912127,0.990525786,0.8546859,0.459852234,0.726668707,3.27E-45,2.12E-14,0.648848517
1/1/02,0.475465192,0.142847957,0.98095109,0.999999846,0.472027012,0.566183833,0.084935557,0.372696334,0.302515597,0.027632459,0.362176031,0.961753552,0.194750395,0.56845276,0.26370202,0.178483477,0.293084525,0.27745297,0.703705524,0.277749001,0.114406267,0.027632459,0.116929641,0.875023079,0.815549888,0.302515597,0.54399248,0.740588666,0.682319375,0.690738579,0.990184671,0.85840274,0.563630582,0.456360395,0.027961069,0.136903028,0.151433885,0.681067662,0.19298057,0.006621014,0.489085031,0.600624407,0.277752275,0.041131411,0.474294573,0.006621014,0.977375646,0.76859228,0.179876226,0.253708244,2.70E-12,4.69E-06,0.62360458
4/1/02,0.367507703,0.198575523,0.947447867,0.999403738,0.559675533,0.991225525,0.119278322,0.443874207,0.304241157,0.136374704,0.415237815,0.928035551,0.363554253,0.7575379,0.372450332,0.281053772,0.484235635,0.489748524,0.78414172,0.440163118,0.115054295,0.136374704,0.192812175,0.872118525,0.882340769,0.304241157,0.014281215,0.650657717,0.72717004,0.994775171,0.949118248,0.459623419,0.148096666,0.442003541,0.007897681,0.345796481,0.137656445,0.425363258,0.121678584,0.058765973,0.580878738,0.692735248,0.440165824,0.225395081,0.387564305,0.058765973,0.938776181,0.894724161,0.226774368,0.184710536,0.004611183,0.003345797,0.687920241
7/1/02,0.275423556,0.163910564,0.878858654,0.93930464,0.588599429,0.401293674,0.026772686,0.07397286,0.095292376,0.261424812,0.38964038,0.963199808,0.44735747,0.798231037,0.37497746,0.248478567,0.732100475,0.505596104,0.950968565,0.50957417,0.115778432,0.261424812,0.552485883,0.871257548,0.86783193,0.095292376,0.449740979,0.728636905,0.72385049,0.999980717,0.681032595,0.129679604,0.63168327,0.435320512,0.001764932,0.389358371,0.125071934,0.335726592,0.058929902,0.138587513,0.596304167,0.576676608,0.509576437,0.104184212,0.295787934,0.138587513,0.875942415,0.950769559,0.165793014,0.111227784,0.060476112,0.035768745,0.704404484
10/1/02,0.4588036,0.169612247,0.812114246,0.839313162,0.449516332,0.324718142,0.085360139,0.087861317,0.10074357,0.351145302,0.439634824,0.884196454,0.461388077,0.840630945,0.291337576,0.258897939,0.193272396,0.572323258,0.97930857,0.473527457,0.116634653,0.351145302,0.87691904,0.876524411,0.871034588,0.10074357,0.951055235,0.866739737,0.787587347,0.999998986,0.546826342,0.355434348,0.663780637,0.507768989,0.004075008,0.417019677,0.044975882,0.457689328,0.065611638,0.208616632,0.664428928,0.425762571,0.47351285,0.108810882,0.488392321,0.208616632,0.827842257,0.978568961,0.164379247,0.026979931,0.123967743,0.108614904,0.77781478
1/1/03,0.280344578,0.129641712,0.668139885,0.772866787,0.339681206,0.211855399,0.076672368,0.003933277,0.052529277,0.481271471,0.580151183,0.8351992,0.550085773,0.735822477,0.35726919,0.415817813,0.629597991,0.583567065,0.961449549,0.600673328,0.117708729,0.481271471,0.769913525,0.878684899,0.836255533,0.052529277,0.110498637,0.773372648,0.86426505,0.999914785,0.40699023,0.310392946,0.405510279,0.729886875,0.01250167,0.387548479,0.001602455,0.31663497,0.039813758,0.296085297,0.960905362,0.618555836,0.600672596,0.484046563,0.289364782,0.296085297,0.832658605,0.995601241,0.11829243,0.023891341,0.189484177,0.170391204,0.821133691
4/1/03,0.287261246,0.161265138,0.567354492,0.733788616,0.20421301,0.058041567,0.00897904,1.15E-08,0.01984277,0.477426238,0.626372108,0.861325117,0.475537051,0.777899648,0.429696686,0.568518628,0.977249868,0.284314272,0.965342254,0.473293907,0.119081614,0.477426238,0.644357137,0.874543237,0.857009018,0.01984277,0.526576464,0.859242684,0.969994656,0.972744079,0.716145417,0.5,0.600320897,0.944732266,0.161582164,0.274253111,0.037720182,0.741445354,0.154308158,0.374780513,0.919842282,0.399107349,0.473287625,0.206626688,0.075502308,0.374780513,0.870296294,0.968385632,0.138570081,0.057021531,0.252909227,0.198710884,0.975781344
7/1/03,0.220077996,0.156657529,0.386919751,0.622534371,0.256055065,0.049772978,0.081497271,0.002808935,0.204279618,0.609870503,0.990230852,0.905429816,0.608867247,0.832843986,0.647577226,0.940193491,0.953012941,0.431637634,0.986793572,0.650148603,0.120764417,0.609870503,0.559617692,0.873380934,0.896311807,0.204279618,0.761492307,0.977249868,0.994344461,0.917019871,0.561134479,0.917746329,0.555630721,0.996496624,0.367594187,0.308537541,0.115069673,0.995352653,0.214574801,0.386838119,0.953848964,0.719803729,0.650175031,0.379755708,0.513229455,0.386838119,0.88048976,0.917041907,0.132134695,0.100339525,0.22058725,0.210270783,0.994186924
10/1/03,0.285470336,0.261953181,0.114721729,0.550033896,0.367371337,0.646169767,0.123091207,0.005982106,0.258009555,0.916864759,0.999997315,0.918774262,0.786391706,0.930783049,0.974145591,0.997520202,0.817013011,0.807459471,0.990462957,0.86702724,0.122732983,0.916864759,0.030054039,0.879816335,0.884470689,0.258009555,0.000705704,0.967565065,0.986214116,0.888734734,0.5,0.330321932,4.71E-05,0.999892306,0.505208883,0.972128754,0.206626688,0.653410574,0.465160537,0.353433032,0.922505909,0.797148175,0.867033538,0.532311264,0.816802196,0.353433032,0.884137462,0.797542955,0.218462481,0.234319465,0.237599944,0.225699227,0.99934337
1/1/04,0.383965632,0.193698762,0.044187193,0.438953251,0.325217112,0.894350226,0.159076668,0.052184364,0.28174971,0.979577956,0.999999854,0.889329879,0.8270082,0.97169099,0.997557203,0.99804881,0.397632055,0.865391031,0.973543758,0.946727531,0.124955182,0.979577956,0.33671109,0.881131752,0.934070945,0.28174971,0.730849625,0.993082872,0.973187215,0.947077668,0.5,0.550790808,0.010760324,0.999744009,0.724689803,0.998444348,0.093078432,0.419797851,0.33805042,0.204824198,0.918007159,0.592815601,0.946729685,0.626057183,0.123779133,0.204824198,0.914074906,0.83374262,0.158329148,0.160852892,0.234120595,0.219492936,0.998912692
4/1/04,0.544235881,0.170761713,0.014322393,0.164884786,0.463963914,0.598706326,0.359684763,0.210628407,0.629602857,0.994564918,0.999999963,0.926664883,0.892154188,0.982132024,0.999548668,0.999836507,0.94439908,0.953099484,0.962982043,0.978570675,0.127361559,0.994564918,0.910039152,0.875917872,0.948246229,0.629602857,0.993082872,0.999991752,0.96780985,0.933938594,0.996169619,0.752492098,0.610112699,0.99775269,0.691995739,0.989491872,0.184060125,0.460218158,0.481940112,0.221639864,0.963909895,0.571725088,0.978571296,0.994936005,0.456847119,0.221639864,0.910931431,0.768822471,0.146896361,0.123373389,0.256213769,0.233019815,0.987813103
7/1/04,0.563559463,0.317388484,0.00510013,0.0294442,0.722284467,0.947918721,0.301514216,0.236786745,0.514848609,0.998684066,0.997055705,0.867117956,0.937488578,0.985678074,0.998583291,0.991278811,0.845089552,0.840975153,0.937055679,0.97568993,0.129886233,0.998684066,0.630191853,0.875009405,0.923449486,0.514848609,0.668935184,0.952209648,0.964229134,0.929514645,0.133260263,0.45600752,0.099280246,0.981944964,0.669817262,0.852093535,0.365517151,0.542006104,0.841809244,0.692675431,0.916550894,0.633170151,0.975692297,0.804317031,0.552251359,0.692675431,0.877115912,0.609066082,0.310696996,0.150098821,0.337317612,0.274347886,0.988277285
10/1/04,0.143061192,0.165512276,0.037911236,0.028108205,0.88708207,0.938881822,0.265037659,0.237474845,0.436524452,0.98729627,0.981239183,0.841969048,0.994569308,0.978109494,0.958953089,0.969414181,0.728550079,0.866630287,0.92358224,0.991125777,0.132496792,0.98729627,0.677472048,0.883593528,0.937989778,0.436524452,0.540161397,0.916914948,0.9623588,0.917398191,0.5,0.921931156,0.311835656,0.968258903,0.804400286,0.616498095,0.246177763,0.717054115,0.613622449,0.901254432,0.921272175,0.873496823,0.991124864,0.878961546,0.050498278,0.901254432,0.856286016,0.678259511,0.168970898,0.135188592,0.450786241,0.345041909,0.96948725
1/1/05,0.716145417,0.061329458,0.073050634,0.004017696,0.997479076,0.90878878,0.239302264,0.249332076,0.555104286,0.980627771,0.976287421,0.806604368,0.999646396,0.938525033,0.933093402,0.96170847,0.455631428,0.974621336,0.903325382,0.991809741,0.135224702,0.980627771,0.690963609,0.888426431,0.793985395,0.555104286,0.433203413,0.912632088,0.928147158,0.980759635,0.252492538,0.020661797,0.118114599,0.954245313,0.827154203,0.547758426,0.266897872,0.866217593,0.232476473,0.97445388,0.897328578,0.971037643,0.991808479,0.887680681,0.01614109,0.97445388,0.763654078,0.786020274,0.08387937,0.083698062,0.491424632,0.40617016,0.943233989
4/1/05,0.283854583,0.073473631,0.145112737,0.022077797,0.999833349,0.945200708,0.187369126,0.202713922,0.379158237,0.945272786,0.887212837,0.720436973,0.996420092,0.874720988,0.911329166,0.82430229,0.639759283,0.352410317,0.849760614,0.976232152,0.138107978,0.945272786,0.709431315,0.882116349,0.758134275,0.379158237,0.3068943,0.650657717,0.903451355,0.964859628,0.008197536,0.707279533,0.25792835,0.914217398,0.803459595,0.320924091,0.404225722,0.005653684,0.27202274,0.993354254,0.923797078,0.348198262,0.976232498,0.963521808,0.512538337,0.993354254,0.778813059,0.540915798,0.117521971,0.036133739,0.697206789,0.435055917,0.867386182
7/1/05,0.63793373,0.040434435,0.219883814,0.051631298,0.999990519,0.980163757,0.145087752,0.176506932,0.514636798,0.83618881,0.855118691,0.768240366,0.95849037,0.818733988,0.833631481,0.796434963,0.72836933,0.26036041,0.844330283,0.912152968,0.141429998,0.83618881,0.796152571,0.88252062,0.774560342,0.514636798,0.801045295,0.553035117,0.89152529,0.93141456,7.93E-07,0.588621348,0.479499844,0.914905878,0.804888871,0.518548759,0.70943132,0.388639275,0.546689651,0.997948229,0.955781772,0.024384626,0.912153544,0.957097015,0.3632405,0.997948229,0.800549953,0.139391849,0.075453978,0.126518423,0.910765738,0.321625597,0.869299584
10/1/05,0.920990373,0.045707738,0.263448327,0.08150668,0.999994027,0.93622185,0.334027648,0.411306522,0.861853594,0.775172145,0.871570265,0.824155124,0.917260511,0.807123312,0.823822648,0.839757825,0.307402761,0.792570617,0.862908836,0.855860664,0.147715843,0.775172145,0.422976085,0.889834671,0.884593967,0.861853594,0.326557789,0.616498093,0.896712612,0.909311973,0.012224473,0.910934924,0.48645149,0.910836975,0.782978302,0.835652094,0.158655264,0.424863371,0.376007931,0.990026553,0.937312717,0.925677942,0.855856478,0.965321866,0.107308352,0.990026553,0.787252807,0.755521341,0.074293105,0.071021848,0.866770206,0.205431386,0.89194582
1/1/06,0.59300977,0.227594255,0.285097081,0.115545084,0.994845509,0.881361074,0.409183216,0.433858675,0.977249868,0.784037389,0.871886048,0.858809408,0.874293726,0.826073676,0.906043765,0.853904608,0.781735503,0.756664775,0.898524457,0.853969308,0.140308221,0.784037389,0.414661915,0.892962278,0.92850755,0.977249868,0.344578258,0.420740291,0.942763288,0.822578306,0.022750132,0.920346692,0.487955538,0.907413013,0.89522189,0.889616241,0.725746878,0.810464326,0.899026905,0.967890677,0.897033637,0.637509464,0.853967609,0.666368187,0.150551909,0.967890677,0.752118919,0.749872148,0.265613498,0.160641559,0.933832667,0.174086546,0.933184485
4/1/06,0.996593841,0.159898687,0.292992896,0.137067127,0.976471699,0.703098571,0.924698311,0.858734108,0.999996602,0.744177489,0.845552449,0.815600177,0.823056257,0.850167294,0.945010916,0.787071247,0.16631288,0.611653829,0.873110003,0.866923986,0.128206753,0.744177489,0.626645323,0.886102462,0.936697997,0.999996602,0.470107356,0.60513709,0.9212413,0.873144875,0.016062286,0.320696003,0.380840275,0.845602258,0.94712267,0.92876662,0.556798506,0.007901191,0.744635696,0.924712014,0.882794452,0.107589277,0.866921793,0.864943798,0.640692713,0.924712014,0.804351035,0.399213363,0.192582842,0.122196441,0.959869721,0.102567907,0.897490142
7/1/06,0.999791758,0.232813162,0.30562594,0.140011702,0.953834131,0.422274389,0.757307512,0.697319362,0.97574231,0.665250066,0.802860734,0.720629322,0.736575201,0.895482751,0.931358037,0.765581109,0.188154238,0.571430673,0.820394245,0.814707406,0.11129351,0.665250066,0.569033099,0.882946377,0.962536973,0.97574231,0.21916983,0.707279533,0.913775262,0.819604924,0.382088578,0.310714125,0.653038111,0.796765891,0.890768523,0.916353199,0.315613698,0.014357213,0.501814193,0.852170434,0.845692172,0.124161605,0.81469828,0.656908496,0.478777342,0.852170434,0.883760213,0.326331108,0.238046961,0.093216543,0.942967079,0.002049677,0.895374462
10/1/06,0.996593841,0.511423256,0.270288629,0.093707249,0.912583724,0.822992407,0.392837684,0.467266647,0.811100756,0.55492829,0.706758972,0.787412181,0.693569286,0.840204683,0.920641171,0.609689875,0.259765736,0.193941368,0.828917849,0.775932654,0.093414111,0.55492829,0.082066578,0.888963049,0.949562591,0.811100756,0.233529451,0.420740291,0.900777972,0.664882376,0.691462461,0.418045325,0.774499819,0.763946367,0.934126146,0.760630859,0.889188199,0.215518223,0.635787812,0.80459859,0.716971222,0.221614275,0.775933856,0.310714125,0.283024974,0.80459859,0.934737304,0.001391656,0.524465194,0.269947578,0.956282306,0.0011669,0.930115898
1/1/07,0.900728603,0.800875913,0.279556868,0.226005543,0.882492935,0.582515647,0.42151914,0.50148597,0.758358143,0.555434956,0.691297555,0.79705621,0.802384707,0.846756984,0.89587534,0.559372609,0.418467105,0.051496587,0.798539986,0.838399213,0.086689691,0.555434956,0.104118692,0.892097278,0.908036563,0.758358143,0.44576691,0.080756659,0.903231828,0.553555938,0.617911422,0.725746882,0.597278185,0.72087275,0.925870007,0.640821593,0.999999998,0.139254082,0.749555736,0.765320962,0.748183602,0.632267571,0.838399175,0.344578259,0.543263052,0.765320962,0.983538303,4.41E-06,0.832333281,0.421995431,0.815515973,0.009508253,0.924698624
4/1/07,0.968105986,0.57593987,0.242786129,0.234175547,0.873859707,0.252492538,0.737284175,0.70693704,0.80610616,0.768506879,0.686141107,0.876238841,0.960747457,0.815082508,0.910724738,0.624879595,0.411861037,0.233834786,0.83511054,0.93645385,0.082620646,0.768506879,0.101937587,0.885506786,0.916570344,0.80610616,0.81834893,0.013903448,0.881219508,0.66019334,0.546826342,0.300460362,0.866053747,0.724238078,0.972547083,0.793798479,0.960796097,0.719964263,0.350906741,0.703824787,0.862377601,0.775083519,0.93645685,0.751103407,0.011813993,0.703824787,0.954274465,0.019242121,0.599145659,0.38796255,0.548560929,0.022947764,0.901812021
7/1/07,0.945200708,0.287733699,0.237909427,0.364350556,0.857169641,0.538859543,0.933774957,0.845491191,0.673139209,0.790157981,0.556869318,0.961529283,0.970068663,0.75129537,0.925564813,0.471211093,0.341236474,0.184875934,0.824390481,0.918971786,0.086006235,0.790157981,0.527026229,0.88101629,0.835708189,0.673139209,0.077356929,0.000188591,0.842617363,0.502878381,0.646169767,0.226627352,0.773147077,0.671295609,0.938010269,0.714698679,0.415162131,0.548273079,0.186159838,0.596817973,0.862415111,0.247041234,0.918977011,0.647425236,0.006350371,0.596817973,0.95910483,0.339368333,0.307564366,0.673929694,0.461252224,0.020803953,0.858547384
10/1/07,0.887947773,0.273283205,0.434417834,0.591790189,0.845684321,0.313311142,0.712582971,0.705246142,0.240888215,0.902237378,0.440370949,0.985489578,0.953509685,0.649509274,0.876140199,0.321334835,0.326170671,0.25126807,0.817331877,0.890274687,0.09901729,0.902237378,0.46934237,0.885190033,0.717589521,0.240888215,0.998167605,0.001732954,0.813387834,0.54711504,0.265985529,0.403381411,0.085959099,0.60225682,0.871824666,0.58230439,0.584837869,0.500649372,0.245981498,0.383221916,0.982353467,0.336293631,0.890275325,0.610909442,0.321004231,0.383221916,0.924764707,0.17508606,0.223854082,0.677285924,0.388338523,0.026464401,0.828436034
1/1/08,0.883672663,0.979088704,0.718138208,0.756640492,0.772367602,0.215383805,0.606089837,0.90966909,0.023524118,0.693648373,0.111309407,0.918892216,0.855710709,0.64185228,0.886251508,0.105781987,0.024982418,0.198276346,0.774917864,0.788293242,0.119682416,0.693648373,0.171382041,0.887222143,0.728777418,0.023524118,0.433816167,0.016448696,0.8163751,0.095026185,0.598706326,0.516446567,0.892318634,0.523967297,0.663754517,0.617099699,0.988478688,0.093995504,0.373966567,0.03836186,0.997889205,0.085885003,0.788298199,0.606876179,0.605419985,0.03836186,0.781011009,0.450634559,0.967565065,0.925440568,0.227266162,0.022505701,0.817458982
4/1/08,0.971874817,0.453365538,0.977249868,0.969845101,0.731530914,0.088037212,0.778780114,0.967969335,0.081295368,0.01072087,0.05064577,0.945413498,0.586056738,0.577031777,0.932763046,0.040546356,0.014340436,0.131792318,0.824733366,0.602678405,0.135925325,0.01072087,0.002175776,0.880443893,0.883902885,0.081295368,0.009815329,0.169404353,0.901439063,0.157683594,0.620841763,0.999118979,0.784625926,0.509451231,0.676441922,0.262269709,0.33846112,0.781747931,0.843281963,0.01157206,0.990897569,0.000323921,0.602680151,1,0.271534959,0.01157206,0.772295422,0.723769663,0.384137618,0.859709356,0.048335779,0.033247484,0.82242328
7/1/08,0.97266997,0.463919659,0.977249868,0.999953373,0.530916126,0.053725556,0.752134031,0.977014223,0.074638762,2.84E-12,0.014794449,0.891323573,0.153371041,0.365175258,0.858718448,0.010549528,4.41E-06,0.16702374,0.696008931,0.159614498,0.149534978,2.84E-12,4.40E-05,0.875373245,0.612351025,0.074638762,0.065873758,0.120515482,0.83154237,0.040604679,0.140757316,0.004239786,0.282458716,0.164673827,0.271441741,0.009815328,0.401293686,0.248523836,0.996438108,0.007609931,0.994627861,1.37E-06,0.159613145,0.999292293,0.493290466,0.007609931,0.679458648,0.524188968,0.487301735,0.295403055,0.000256163,0.030486614,0.753349827
10/1/08,0.998387597,0.968018542,0.999999934,1,0.041074945,0.017381381,0.833978385,0.999999988,0.011517456,8.59E-43,2.23E-06,0.788552867,0.003346634,0.014220448,0.629602232,2.85E-05,1.75E-19,0.029896109,0.273219906,0.007668521,0.161664763,8.59E-43,0.017908014,0.877984886,0.66833327,0.011517456,0.028125183,0.137656443,0.707045274,4.32E-15,0.954706339,0.022750132,0.999998558,4.37E-06,0.001829741,6.10E-12,0.027640149,0.008577738,0.999993486,0.00086617,0.754211109,5.45E-11,0.007668639,0.021250981,0.685118327,0.00086617,0.716046666,0.771255216,0.974564081,0.850851235,2.64E-08,0.004947981,0.642331165
1/1/09,0.946886285,0.009025009,0.999999998,1,0.006066185,0.001045746,0.109019426,0.999994196,0.016942307,4.67E-73,2.62E-06,0.806122766,4.56E-06,1.01E-11,0.267935808,2.37E-06,1.39E-07,0.000797342,0.131107937,1.23E-05,0.171200028,4.67E-73,0.000181381,0.878689122,0.623615687,0.016942307,0.136198121,0.15097562,0.488170569,0.010958633,0.993790335,7.49E-07,0.999982117,7.56E-22,0.000250516,2.19E-27,8.84E-05,0.825859424,0.999992154,0.049848991,0.524147286,2.91E-06,1.23E-05,0.000997724,0.130344187,0.049848991,0.594882545,0.975150537,0.017713301,0.609506583,2.22E-10,6.42E-05,0.333725269
4/1/09,0.799545807,0.10576542,0.999994761,0.999999716,0.000800047,0.024997895,0.382263573,0.991780098,0.115755474,2.54E-15,3.55E-07,0.948551148,1.58E-05,1.96E-17,0.26729639,5.79E-06,0.047384381,0.000359566,0.117957575,2.45E-06,0.17692412,2.54E-15,0.01513014,0.871352553,0.950374672,0.115755474,0.603785559,0.208252393,0.546574899,0.117538271,0.999861743,0.727762746,0.121841465,4.28E-27,0.001767451,2.71E-13,0.00951794,0.834494374,0.99860059,0.091544009,0.612376414,0.145386494,2.45E-06,0.149859298,0.43346331,0.091544009,0.764843689,0.994959137,0.138489316,0.778216358,2.51E-06,6.23E-05,0.336069802
7/1/09,0.597709438,0.024943062,0.999966515,0.998096641,0.002479385,0.011283051,0.095653623,0.485369058,0.309063205,0.003826015,0.000404252,0.985278036,0.022160545,4.54E-07,0.395903953,0.002278175,0.754052022,0.001497083,0.153053047,0.008864945,0.177625276,0.003826015,0.001241299,0.867047021,0.68483847,0.309063205,0.136505727,0.216017446,0.471219172,0.598487632,0.999229015,0.053058612,0.000333548,4.58E-07,0.077452108,0.026066796,0.031645418,0.820037455,0.732682578,0.196404702,0.704509496,0.742757066,0.008864932,0.096594178,0.074054805,0.196404702,0.892233989,0.988759326,0.036175141,0.584539597,0.000510953,0.002348913,0.296241729
10/1/09,0.368028805,0.009276623,0.962917542,0.966527995,0.071550594,0.152825494,0.081377658,0.336496689,0.362159972,0.102359727,0.100295245,0.99987219,0.157560848,0.105275976,0.657278903,0.150991903,0.893344795,0.372453514,0.313957977,0.115058082,0.172371832,0.102359727,0.02417047,0.873268598,0.612894251,0.362159972,0.232562232,0.167783055,0.570355729,0.865527636,0.899727432,0.427106524,0.018458352,0.026530831,0.271884302,0.288971802,0.026066796,0.960859388,0.668993179,0.324905066,0.768486309,0.708009913,0.115055777,0.189429655,0.113636705,0.324905066,0.945793269,0.979942676,0.00837745,0.02435415,0.010334866,0.021602081,0.349179819
1/1/10,0.239684729,0.031358183,0.853154977,0.863697033,0.133103948,0.151433889,0.203022388,0.321075736,0.480237499,0.265458179,0.225028732,0.99845964,0.26825531,0.265905586,0.660662493,0.251751685,0.956081534,0.549394145,0.371830046,0.255227235,0.160948978,0.265458179,0.15176783,0.877618129,0.852610175,0.480237499,0.09121122,0.189429655,0.718888605,0.943061299,0.806443518,0.502849563,0.006051106,0.127395529,0.319753011,0.446172186,0.041097017,0.331737692,0.311959908,0.340332222,0.875028006,0.676369097,0.255228599,0.362419131,0.811936743,0.340332222,0.997648896,0.900928578,0.026345505,5.73E-05,0.090393567,0.09597626,0.271925865
4/1/10,0.125826946,0.042830769,0.730481849,0.767456138,0.246884249,0.208429905,0.07142271,0.278739183,0.35969228,0.424956121,0.328484617,0.9621712,0.432565257,0.47431364,0.75576026,0.383914314,0.928535197,0.677928321,0.562187626,0.396013833,0.144343673,0.424956121,0.266558215,0.87093478,0.995168441,0.35969228,0.045293661,0.09121122,0.894312927,0.887147903,0.667286425,0.727841959,0.327311607,0.25903462,0.423588915,0.635277787,0.128705816,0.416252431,0.31140164,0.385730762,0.916400181,0.725930438,0.396014578,0.487236025,0.790956246,0.385730762,0.99853754,0.880808467,0.029899898,0.008684775,0.173186758,0.188168283,0.465113232
7/1/10,0.14713958,0.06300428,0.58620698,0.666849805,0.35670852,0.507598441,0.00434031,0.161527019,0.035782997,0.54502285,0.506063585,0.918970246,0.530542286,0.638070907,0.881109758,0.555805908,0.819613812,0.896200119,0.689919293,0.512213508,0.124936016,0.54502285,0.456463459,0.864464346,0.999794502,0.035782997,0.357334997,0.057174065,0.91572291,0.941198249,0.543045032,0.51424491,0.393561707,0.39056956,0.470973651,0.67225694,0.141127197,0.629991091,0.331902499,0.498998891,0.823616732,0.602449377,0.512212471,0.288634921,0.573514129,0.498998891,0.987458252,0.860261171,0.045679196,0.006056583,0.264376962,0.280466123,0.563191736
10/1/10,0.129990343,0.18661406,0.446708029,0.583788294,0.371045751,0.705807023,0.041022121,0.232009243,0.079773995,0.581962304,0.53663465,0.838107414,0.551213266,0.669881622,0.909705951,0.555543019,0.598127373,0.784391129,0.757765234,0.535663305,0.105935565,0.581962304,0.568689311,0.866009334,0.992034292,0.079773995,0.645549815,0.043238133,0.920986377,0.85584499,0.456954968,0.565246886,0.571801521,0.525240338,0.599928244,0.67225694,0.127039886,0.553244996,0.38990684,0.498824914,0.832886036,0.54064569,0.535665077,0.574944334,0.823658026,0.498824914,0.965371502,0.848063215,0.162608445,0.064723288,0.325449378,0.382748594,0.618697259
1/1/11,0.187551155,0.431118521,0.290288406,0.453826889,0.286999261,0.490027482,0.343589332,0.294769838,0.48851205,0.641148475,0.515410495,0.709359064,0.63230522,0.690989754,0.898577131,0.528671625,0.585338085,0.67705984,0.725412899,0.591560036,0.09018584,0.641148475,0.587044504,0.863905723,0.983948195,0.48851205,0.341576908,0.017102485,0.977421202,0.683279149,0.233529451,0.719184148,0.521205383,0.527520569,0.776744286,0.67225694,0.093291582,0.02734832,0.419208079,0.464585107,0.930743322,0.579578981,0.591560112,0.938032097,0.93428369,0.464585107,0.896401708,0.858845178,0.378592977,0.352067271,0.390134533,0.463710365,0.753149194
4/1/11,0.305990979,0.30031309,0.195231331,0.434475602,0.112337458,0.666681913,0.293063231,0.303271263,0.271421565,0.662044053,0.687841841,0.626607553,0.643094201,0.709856303,0.892709326,0.670495794,0.455302504,0.743295256,0.808268298,0.634817843,0.079218844,0.662044053,0.627507666,0.856361966,0.933015991,0.271421565,0.999999798,0.011883668,0.950321085,0.655337887,0.103266221,0.47420409,0.968758592,0.693391171,0.793098973,0.712466939,0.135905604,0.496283336,0.417282842,0.008197536,0.958491345,0.45389075,0.63481253,0.946886285,0.720234572,0.008197536,0.86129946,0.880324388,0.280938303,0.229157129,0.408783243,0.50795173,0.787366869
7/1/11,0.273711554,0.36800918,0.141743473,0.316886033,9.05E-05,0.583371543,0.005923165,0.266856743,0.005063995,0.69919383,0.725832543,0.538088015,0.692709079,0.742564469,0.870524056,0.681104975,0.694092731,0.485607014,0.805168076,0.71039556,0.073242872,0.69919383,0.846701365,0.854329234,0.904348744,0.005063995,0.999989065,0.071233377,0.961705549,0.593859851,0.103266221,0.519520847,0.99999805,0.918028396,0.624768479,0.700146772,0.126548953,0.047141721,0.371793907,0.005063995,0.930204912,0.54941664,0.710391847,0.859242684,0.934134421,0.005063995,0.857721011,0.896588566,0.363686432,0.248499627,0.454317547,0.505173382,0.85407781
10/1/11,0.360492431,0.121506739,0.111696134,0.132876589,0.000292872,0.825407221,6.74E-06,0.1849588,0.023630305,0.720683718,0.911205952,0.604723191,0.718491754,0.766764138,0.839079759,0.877069653,0.48646479,0.767195239,0.886382008,0.768746058,0.071759449,0.720683718,0.8852199,0.861893518,0.850203552,0.023630305,0.235078931,0.100663896,0.914216656,0.706980102,0.070283318,0.377858077,0.622908164,0.971282732,0.569042455,0.685192743,0.221639863,0.456929414,0.424658935,0.022750132,0.892424377,0.509316068,0.768743877,0.718138208,0.753125133,0.022750132,0.816048221,0.818394544,0.159882411,0.263582003,0.519492112,0.717752322,0.807601588
1/1/12,0.198733463,0.378318806,0.120303813,0.031100905,0.00571184,0.997511438,0.006434917,0.052671709,0.038628609,0.695734681,0.946398737,0.766470549,0.704657126,0.710385154,0.793237916,0.900458043,0.565582166,0.644704647,0.871691791,0.800274258,0.074119421,0.695734681,0.846701365,0.8715854,0.872835245,0.038628609,0.691462461,0.079009627,0.873002015,0.99847976,0.149859298,0.999028801,0.741986658,0.993875103,0.862471721,0.688472561,0.286681082,0.012131235,0.733892481,0.355553274,0.830390858,0.576386369,0.80027108,0.78922594,0.496912448,0.355553274,0.934673406,0.743559916,0.359846638,0.332148809,0.768322274,0.894112162,0.9076417
4/1/12,0.24849123,0.330653276,0.162438505,0.024924537,0.042300493,0.841344746,0.03099567,0.064990536,0.031024464,0.673147093,0.934358515,0.936078153,0.702057373,0.690798727,0.767873522,0.921107217,0.5,0.706140677,0.885268927,0.828750732,0.079728115,0.673147093,0.772190909,0.872705407,0.909424893,0.031024464,0.742153889,0.187031399,0.876031314,0.977601767,0.286887702,0.614036443,0.660687717,0.974416412,0.773436249,0.711625448,0.314928646,0.207101818,0.844601782,0.587929552,0.808567913,0.188834557,0.828752343,0.506937777,0.662402314,0.587929552,0.97706848,0.674448218,0.302166246,0.314092848,0.916927156,0.950054174,0.893870722
7/1/12,0.270563012,0.231429427,0.226332997,0.036653264,0.131637096,0.593783367,0.034286429,0.102315877,0.109966594,0.643074533,0.950143581,0.887979064,0.704588825,0.735984223,0.748104289,0.948186036,0.163481032,0.705482294,0.919942507,0.843842655,0.088005972,0.643074533,0.679735878,0.873141934,0.862398179,0.109966594,0.998859018,0.135666061,0.829350975,0.997583504,0.158655254,0.010100846,0.734594199,0.931995168,0.785480199,0.793373315,0.350651686,0.100594104,0.860287169,0.462062856,0.783742384,0.098541019,0.843841272,0.650000235,0.220417009,0.462062856,0.988434056,0.601213077,0.215758076,0.449329787,0.96055973,0.967162309,0.891075655
10/1/12,0.016951978,0.99572162,0.271363095,0.122882116,0.153556106,0.806106159,0.151933877,0.077435703,0.214799978,0.663834002,0.870353013,0.686030335,0.774856732,0.732107269,0.734659422,0.844718939,0.386621474,0.250644409,0.876243563,0.87170007,0.098278481,0.663834002,0.714231548,0.880807334,0.978897003,0.214799978,0.969945961,0.139830524,0.89145005,0.942870851,0.235762498,0.999996146,0.828939177,0.905189602,0.785134349,0.78164999,0.367670981,0.119461743,0.903001027,0.648380708,0.653075901,0.266224394,0.871697241,0.603302566,0.000277615,0.648380708,0.96155149,0.584397372,0.985470445,0.589563625,0.997052513,0.891682812,0.9450139
1/1/13,0.195682969,0.356781163,0.28509113,0.149048472,0.195032138,0.320924094,0.290312595,0.150452312,0.305245406,0.696927299,0.885333392,0.890748682,0.876406988,0.737432867,0.789174754,0.889729867,0.403141911,0.564934593,0.896313013,0.854434492,0.109716358,0.696927299,0.742385633,0.882554822,0.621476195,0.305245406,0.608153565,0.18546389,0.735719946,0.739562577,0.189429655,1.50E-06,0.467797535,0.846975254,0.936443417,0.925693,0.141597265,0.825547964,0.727117304,0.412070448,0.616637406,0.436505256,0.854435982,0.717470146,4.91E-07,0.412070448,0.820800867,0.892797661,0.211235348,0.15570989,0.919938948,0.872621684,0.862488096
4/1/13,0.991802464,0.768369644,0.278433975,0.117541512,0.234861894,0.873451046,0.413466645,0.263732979,0.408023091,0.645054727,0.817581992,0.688375618,0.903842594,0.782922742,0.813888458,0.829640311,0.079404144,0.593005137,0.854283604,0.818749239,0.121377531,0.645054727,0.542524636,0.874559727,0.711687579,0.408023091,0.471528335,0.18546389,0.79181386,0.721928645,0.40699023,0.418507049,0.247029441,0.786071015,0.969038945,0.822016444,0.295129229,0.242353477,0.737967691,0.133260263,0.676954721,0.168239565,0.818751244,0.477536262,0.016117287,0.133260263,0.801344986,0.699375731,0.591518341,0.193898067,0.902635797,0.772096716,0.909164023
7/1/13,0.401293674,0.245878543,0.266630219,0.143911464,0.27890496,0.747507462,0.76136176,0.575319396,0.774290559,0.612997458,0.832344666,0.825473713,0.895651787,0.786694186,0.855060168,0.837601363,0.045500506,0.99393237,0.864647821,0.795544953,0.132322777,0.612997458,0.468118628,0.871398105,0.730536577,0.774290559,0.562230394,0.252492538,0.797312661,0.695891304,0.292720467,0.461328502,0.347502861,0.79476955,0.990203607,0.820931004,0.091211221,0.654257309,0.718825421,0.195682969,0.85549097,0.270990258,0.79554324,0.584837871,0.53464366,0.195682969,0.710666028,0.972165699,0.108902684,0.372364263,0.878797053,0.721145469,0.851036426
10/1/13,0.083085052,0.125189205,0.226122406,0.158756525,0.220249351,0.5,0.809708066,0.574811505,0.802169953,0.799868269,0.80995337,0.974131805,0.931969606,0.863583149,0.969400393,0.796027854,0.885827534,0.936740359,0.865935237,0.811417489,0.141741441,0.799868269,0.80326276,0.880957939,0.702472943,0.802169953,0.760113176,0.252492538,0.776011662,0.642343674,0.344578258,0.461328502,0.592345847,0.817410649,0.995160626,0.876546497,0.005300921,0.819401764,0.657791663,0.216928467,0.788403738,0.567775459,0.8114179,0.120853318,0.228900944,0.216928467,0.583854149,0.999872512,0.067658387,0.366973971,0.736414953,0.716101238,0.78774
1/1/14,0.20758916,0.858724957,0.238952099,0.095741394,0.138920409,0.723942753,0.768652112,0.422576899,0.81624429,0.985365442,0.81759434,0.64428722,0.827751189,0.973338652,0.926370126,0.795776545,0.247813003,0.247348357,0.828690347,0.866944194,0.149042106,0.985365442,0.999545171,0.889330157,0.825116954,0.81624429,0.665188934,0.203952441,0.844466434,0.483582476,0.5,0.959070491,0.365794348,0.857477787,0.973133671,0.659744043,0.005763291,0.096803137,0.905628069,0.283854583,0.930331017,0.246750372,0.866950578,0.577351261,0.207869817,0.283854583,0.450350288,0.999950555,0.911622296,0.999691342,0.884753018,0.779579443,0.863972442
4/1/14,0.912632088,0.301032076,0.209106957,0.019615828,0.188994322,0.705587845,0.670348436,0.251972852,0.766180755,0.999994038,0.940533899,0.978862095,0.914365467,0.998910719,0.964758678,0.933072287,0.611875475,0.689428322,0.965129778,0.959085651,0.153885788,0.999994038,0.999866015,0.885416563,0.956579113,0.766180755,0.585438831,0.135666061,0.951041631,0.855171561,0.00042906,0.957026099,0.25732902,0.948647501,0.958216574,0.94009309,0.019484402,0.845125281,0.944783244,0.566183833,0.992136253,0.856673991,0.959086329,0.412070448,0.210729247,0.566183833,0.398921162,0.988602235,0.224776183,0.745575053,0.972207139,0.844108946,0.921059352
7/1/14,0.7398416,0.180145568,0.211855399,0.038198543,0.228954775,0.849544734,0.614179723,0.207910024,0.734390667,0.999960443,0.941816197,0.999910088,0.897576276,0.992702916,0.959824601,0.925541677,0.659290048,0.747079394,0.976238511,0.972086144,0.156167991,0.999960443,0.998954254,0.884098249,0.993221282,0.734390667,0.240430624,0.02871656,0.985412784,0.98483728,0.773372648,0.699242192,0.061642769,0.968926386,0.913443803,0.905324266,0.11506967,0.778683291,0.979565925,0.466793248,0.983000473,0.518357314,0.972088262,0.295129225,0.887348644,0.466793248,0.349999275,0.754054588,0.180812365,0.10579389,0.993039465,0.96055881,0.947500706
10/1/14,0.655421742,0.679521519,0.199679301,0.047590357,0.191482377,0.801266537,0.432571013,0.265683019,0.628537232,0.9994348,0.926322913,0.987348363,0.800427869,0.99646519,0.906265154,0.892676011,0.094145794,0.321908061,0.965268133,0.943625228,0.15597228,0.9994348,0.90878878,0.893369011,0.993627182,0.628537232,0.316100054,0.000577025,0.986070344,0.852638148,0.773372648,0.574910049,0.126731507,0.955563754,0.787950109,0.961572318,0.123453496,0.346377629,0.99432688,0.683030658,0.622669717,0.387934287,0.943623473,4.37E-05,0.961229328,0.683030658,0.185559487,0.870394025,0.659794567,0.257792424,0.996881723,0.996442336,0.943285563
1/1/15,0.923436274,0.837543993,0.200949284,0.080454437,0.133380452,0.987775527,0.193549334,0.152059588,0.395981864,0.848461381,0.919452303,0.981564994,0.603620953,0.981792697,0.811170001,0.910540311,0.36000249,0.999989312,0.961649374,0.841819036,0.153510196,0.848461381,0.993181138,0.896800937,0.98680556,0.395981864,0.763605546,0.001349898,0.957733738,0.327265187,0.998066972,0.453982033,0.800180528,0.924814252,0.750410801,0.69146246,0.570551253,0.678500084,0.997088506,0.5,0.018610426,0.037723216,0.841816759,0.000293555,0.989293893,0.5,0.203547141,0.550925541,0.852745118,0.972630723,0.961696485,0.960718887,0.961456635
4/1/15,0.973657873,0.734280883,0.337752545,0.131380101,0.155338017,0.992168323,0.483244884,0.504358395,0.515551149,0.379737112,0.856174279,0.990887363,0.510147091,0.938509096,0.740840593,0.857557168,0.362870224,0.989008089,0.940005059,0.656748785,0.149072726,0.379737112,0.866390367,0.886147422,0.969983621,0.515551149,0.105649774,0.001812407,0.93724015,0.458054232,0.933192799,0.333688002,0.118676144,0.869561884,0.746977123,0.445147467,0.429448747,0.479405739,0.997399637,0.691462461,0.177100746,0.190623393,0.656752133,0.049249552,0.962694012,0.691462461,0.04535092,0.523374328,0.765770828,0.989017042,0.949194313,0.944204607,0.973220345
7/1/15,0.788144601,0.695339786,0.523003139,0.145564958,0.205682257,0.999346153,0.626770956,0.984116667,0.498051572,0.353133559,0.839417631,0.925385059,0.525550313,0.936190416,0.625585891,0.833840037,0.635104627,0.724439702,0.895628442,0.596590856,0.143019284,0.353133559,0.711223312,0.877863734,0.904670785,0.498051572,0.221565346,0.080756659,0.910237724,0.217776556,0.966623492,0.506539744,0.22961413,0.833373409,0.571587319,0.36944135,0.23352946,0.439641534,0.98624316,0.794896501,0.192793794,0.497592264,0.596590176,0.112319319,0.855273197,0.794896501,0.056627894,0.656968809,0.716127561,0.857955533,0.87108997,0.886356537,0.925169232
10/1/15,0.761725628,0.728568242,0.755052611,0.214340424,0.276976145,0.999002276,0.467454691,0.925703418,0.463552953,0.112153342,0.774899671,0.775957641,0.291381434,0.840212471,0.546840696,0.780113535,0.094848598,0.410792823,0.867155962,0.357185739,0.135808406,0.112153342,0.668354565,0.882380087,0.844711579,0.463552953,0.193793945,0.17878638,0.859906482,0.025585638,0.99957094,0.243773732,0.426962575,0.772496869,0.485897412,0.430966905,0.252492545,0.237715858,0.89851293,0.999254605,0.013356497,0.050965415,0.357185199,0.126548954,0.78278319,0.999254605,0.061138642,0.829108166,0.734517,0.890907991,0.811626786,0.855889238,0.851289446
1/1/16,0.576249403,0.679858038,0.997329504,0.217543416,0.221476299,0.812968601,0.383332821,0.838626325,0.26317095,0.057592057,0.618612392,0.747987491,0.473097166,0.763267411,0.461052038,0.63545879,0.236586722,0.145623874,0.817106082,0.258151062,0.12801822,0.057592057,0.638272909,0.886911011,0.802995061,0.26317095,0.232173615,0.214048343,0.782307623,0.144093972,0.977249868,0.446964883,0.994092869,0.724077235,0.203560971,0.5,0.841344751,0.22742697,0.774017175,0.999999999,0.006403126,0.445407005,0.258150321,0.16145251,0.765792522,0.999999999,0.060515816,0.187247979,0.722566579,0.895551618,0.83922729,0.775604074,0.817344931
4/1/16,0.810041376,0.465434433,0.999446668,0.231237842,0.074417042,0.889188199,0.101237904,0.27145831,0.170143077,0.03339908,0.544380212,0.709690774,0.226568951,0.711902217,0.51168574,0.545639615,0.225984412,0.02037979,0.766836516,0.18842147,0.120329161,0.03339908,0.5,0.879039219,0.769179813,0.170143077,0.681332642,0.216428024,0.771983114,0.384097971,0.965481826,0.201060892,0.799962307,0.677574107,0.490761415,0.5,0.884930336,0.470913363,0.774424487,1,0.076788175,0.086097864,0.188413425,0.292062823,0.780138573,1,0.070962542,0.130180122,0.531013755,0.918740952,0.801826199,0.653889246,0.811387361
7/1/16,0.835371056,0.41122128,0.999606238,0.272963608,0.042677144,0.757540431,0.032716111,0.107013617,0.096854555,0.091255759,0.533927692,0.681822604,0.34933302,0.717850829,0.931922453,0.532903239,0.355081143,0.014797804,0.781077619,0.241711804,0.113456832,0.091255759,0.215674523,0.873529663,0.744129266,0.096854555,0.471528335,0.359423567,0.786518545,0.353072536,0.904960396,0.4893628,0.579344573,0.723850147,0.718081701,0.663141686,0.856938809,0.466351345,0.705530281,0.999927652,0.292610424,0.739272983,0.241710477,0.33846112,0.660799399,0.999927652,0.053967199,0.11233608,0.455383226,0.839418376,0.859101358,0.610417741,0.793678745
10/1/16,0.857638,0.302030668,0.978718449,0.251703008,0.079261275,0.626852832,0.326072041,0.360986557,0.447961242,0.215963456,0.784626135,0.812519931,0.520242184,0.778510285,0.924846366,0.800450912,0.380876923,0.252474258,0.827004575,0.284592454,0.108019602,0.215963456,0.11506967,0.878172208,0.752668244,0.447961242,0.255544532,0.393476168,0.82421478,0.636619953,0.841344746,0.635579122,0.515781684,0.831712631,0.673836468,0.583371548,0.806443517,0.643956576,0.670721844,0.991931388,0.323200468,0.81750868,0.284586432,0.281312343,0.337467795,0.991931388,0.123339132,0.122162113,0.422748874,0.85063369,0.868518451,0.603865609,0.806709706
1/1/17,0.323784184,0.529768839,0.804039924,0.210722581,0.086023913,0.685761277,0.555745741,0.403467485,0.757693079,0.32214753,0.809554797,0.904927738,0.609200341,0.888465978,0.998596112,0.710697259,0.73048673,0.033087874,0.84834795,0.380080245,0.10439236,0.32214753,0.000864165,0.878657271,0.82853914,0.757693079,0.569531875,0.460172163,0.890862074,0.947030064,0.874928064,0.91756673,0.452740562,0.967237217,0.936321543,0.500000013,0.822992409,0.498724355,0.777340989,0.99451557,0.563260773,0.857193008,0.380070258,0.5,0.649290265,0.99451557,0.059749767,0.21713892,0.578184223,0.864783549,0.918868042,0.841344746,0.863876868
4/1/17,0.985866054,0.895853131,0.685449717,0.126387934,0.075783302,0.615117739,0.33441613,0.193083686,0.59186545,0.523895003,0.911153159,0.958060404,0.827855394,0.98346125,0.988550472,0.774736695,0.724057111,0.108405212,0.902669727,0.623082245,0.102612645,0.523895003,0.011135489,0.866604221,0.939236118,0.59186545,0.448111225,0.82201644,0.940164847,0.794334804,0.915434278,0.747507462,0.243822075,0.978852177,0.972456528,0.646169754,0.675281864,0.270363009,0.926816059,0.999257426,0.767486294,0.816087005,0.62308082,0.340255947,0.93837704,0.999257426,0.055590635,0.323400211,0.976064463,0.701355089,0.950902756,0.859066992,0.916816518
7/1/17,0.963230719,0.85528891,0.551947876,0.134884915,0.097305474,0.679630809,0.146909395,0.13733181,0.582385516,0.533282379,0.955079205,0.992515629,0.44636034,0.975135245,0.991557203,0.889893176,0.778819354,0.454690253,0.940590767,0.611771595,0.102340172,0.533282379,0.099912329,0.857116928,0.949086695,0.582385516,0.455764119,0.82201644,0.961554537,0.864307989,0.799183877,0.572137292,0.106269956,0.987796227,0.985640809,0.779121843,0.707279528,0.668515577,0.9996846,0.997147114,0.860048425,0.281875285,0.611765756,0.462062855,0.123619597,0.997147114,0.032793877,0.210090544,0.958644334,0.797869419,0.947109504,0.989187831,0.948955237
10/1/17,0.759869349,0.94146607,0.441226659,0.052916711,0.180522697,0.747507462,0.171469928,0.183676681,0.74325371,0.840460995,0.981181289,0.972688814,0.999782332,0.993108599,0.998165586,0.980283143,0.965204956,0.375059977,0.952204688,0.910847978,0.102868799,0.840460995,0.211855399,0.8591985,0.947239159,0.74325371,0.308537539,0.890795407,0.97012859,0.467249552,0.455764119,0.778149189,0.115936313,0.99096522,0.990754711,0.677793818,0.747507461,0.995669031,0.995411668,0.977249868,0.916598604,0.941330076,0.910854576,0.195682969,0.608651782,0.977249868,0.047466691,0.149067902,0.962138015,0.794461397,0.887934898,0.998064189,0.967651562
1/1/18,0.585590393,0.760612086,0.346705335,0.071943885,0.296529665,0.933192799,0.435294429,0.353992154,0.976313747,0.879510941,0.99991208,0.991622647,0.999999509,0.970275949,0.97696402,0.999981627,0.862627087,0.474975885,0.951896164,0.951588812,0.103246588,0.879510941,0.179300851,0.858691499,0.956527571,0.976313747,0.035493895,0.967565065,0.95863031,0.936700233,0.807730974,0.999422975,0.080224582,0.983187879,0.97967858,0.954706342,0.99957094,0.403119317,0.984131049,0.960529396,0.963963578,0.647596399,0.951589969,0.546826342,0.334726149,0.960529396,0.114316536,0.012511468,0.806894265,0.830984887,0.881887052,0.999906676,0.960268805
4/1/18,0.988029181,0.134373939,0.289901562,0.070212641,0.428002423,0.999999999,0.66805051,0.601231514,0.999616874,0.940234417,0.992429661,0.965906672,0.999999993,0.907964481,0.966860984,0.996335775,0.464918343,0.174424759,0.952862989,0.988941017,0.102496766,0.940234417,0.36944134,0.848520057,0.952338251,0.999616874,0.176555617,0.987775527,0.940292099,0.80747625,0.810570345,0.844826157,0.278683788,0.976840548,0.9115247,0.989491871,0.99957094,0.670190555,0.879333256,0.96641303,0.955553458,0.631323118,0.988941672,0.982897515,0.109454167,0.96641303,0.112518161,0.00055923,0.134543822,0.800048767,0.889657032,0.998230653,0.934382175
7/1/18,0.951395395,0.512258708,0.235762498,0.079943131,0.457193406,0.957940653,0.64043428,0.640769937,0.987321656,0.961222608,0.979493858,0.893506158,0.999949391,0.887820664,0.812636522,0.984755888,0.625801861,0.780705634,0.92461423,0.989337987,0.099919369,0.961222608,0.492939443,0.844689948,0.931908812,0.987321656,0.380933384,0.961193395,0.91656672,0.775397789,0.831472393,0.603785559,0.211238095,0.951199528,0.870256534,0.984373878,0.969025922,0.804047272,0.806424485,0.943122514,0.941785159,0.747956778,0.989338365,0.99888896,0.599719086,0.943122514,0.158598744,0.047646684,0.543155682,0.762443777,0.851233863,0.979840794,0.909370152
10/1/18,0.716145417,0.40533619,0.221923162,0.200504217,0.428896953,0.815020916,0.866702588,0.920168624,0.9601826,0.922874277,0.9413852,0.848939732,0.995158557,0.834244285,0.758648534,0.949832093,0.781019515,0.844438217,0.886106629,0.956878842,0.095415767,0.922874277,0.709742143,0.854186416,0.896715855,0.9601826,0.463782413,0.92710243,0.882358897,0.638608515,0.797671619,0.406389643,0.105805854,0.88581254,0.64062815,0.869705488,0.981553966,0.119948747,0.786741236,0.921486802,0.824676059,0.470508951,0.95688007,0.982897515,0.572820957,0.921486802,0.256197456,0.017369433,0.371228211,0.735973228,0.850015314,0.960931735,0.87128898
1/1/19,0.594096386,0.975036138,0.361562386,0.254248024,0.438768165,0.983048022,0.538298536,0.818955279,0.679383168,0.792148557,0.906837378,0.924940289,0.93829931,0.840578552,0.771783025,0.909210462,0.357208431,0.881939562,0.877875209,0.879551637,0.089644617,0.792148557,0.754438755,0.859488489,0.86446804,0.679383168,0.696776427,0.655421742,0.873964733,0.506140167,0.668139885,0.296078014,0.65899504,0.869806775,0.630488503,0.170451921,0.991802464,0.956368053,0.805252582,0.887775109,0.648354723,0.047837099,0.879553024,0.192269027,0.557746492,0.887775109,0.155895545,0.00775765,0.979516852,0.997047371,0.801023917,0.931758406,0.90473763
4/1/19,0.98758066,0.629098391,0.327901822,0.194100631,0.574480706,0.889188199,0.229893013,0.442565286,0.45012081,0.591613691,0.833155484,0.923191119,0.73133817,0.808781199,0.610692666,0.802063749,0.0642994,0.583201419,0.848301905,0.764477513,0.083886319,0.591613691,0.184060125,0.852597428,0.824575223,0.45012081,0.929716682,0.697951729,0.856676887,0.655489529,0.862343557,0.008718566,0.600796448,0.852797474,0.724783377,0.018074919,0.751508776,0.61083594,0.847501803,0.847711275,0.840435084,0.020670077,0.764476225,0.841344746,0.131966918,0.847711275,0.096061544,0.317779252,0.660429781,0.966121096,0.829475643,0.850893218,0.880163794
7/1/19,0.872097796,0.291547687,0.425055665,0.226588743,0.368074838,0.687539819,0.005630913,0.045287257,0.130050203,0.482615065,0.75054399,0.884056265,0.692945262,0.699803141,0.521555033,0.708394089,0.124488354,0.472603032,0.829133571,0.718265149,0.079659031,0.482615065,0.587929552,0.855316301,0.816300329,0.130050203,0.883561878,0.88493033,0.829286111,0.691418484,0.988864511,0.192717825,0.929909125,0.823918076,0.729473818,0.006639637,0.814236581,0.090974599,0.82588358,0.726853886,0.753380878,0.330812728,0.71826148,0.71074264,0.370627363,0.726853886,0.045436246,0.276235094,0.316633971,0.877478682,0.910641414,0.814544803,0.842020736
,,,,,,,,,,,,,,,,,,,,,,,,,,,,,,,,,,,,,,,,,,,,,,,,,,,,,
,,,,,,,,,,,,,,,,,,,,,,,,,,,,,,,,,,,,,,,,,,,,,,,,,,,,,
,,,,,,,,,,,,,,,,,,,,,,,,,,,,,,,,,,,,,,,,,,,,,,,,,,,,,
,,,,,,,,,,,,,,,,,,,,,,,,,,,,,,,,,,,,,,,,,,,,,,,,,,,,,
,,,,,,,,,,,,,,,,,,,,,,,,,,,,,,,,,,,,,,,,,,,,,,,,,,,,,