births,UNRATE,PCE,AAA,BAA,INDPRO,PSAVERT,HOUST,CIVPART,EXUSEU,BAA10YM,UMCSENT,INTDSRUSM193N,PPIACO,BUSLOANS,TOTALSA,DSPIC96,MICH,TCU,DPSACBM027NBOG,PI,DGORDER,DSPI,JTSJOL,USEPUINDXM,TTLCONS,PMSAVE,WPSFD49207,BUSINV
-100.0,-99.0,-100.0,-99.0,-99.0,-100.0,-99.0,-99.0,-99.5,-100.0,-99.0,-99.0,-100.0,-100.0,-100.0,-99.0,-100.0,-100.0,-100.0,-100.0,-100.0,-100.0,-100.0,-100.0,-99.0,-100.0,-99.0,-100.0,-100.0
-100.0,-99.0,-100.0,-99.0,-99.0,-100.0,-99.0,-99.0,-100.0,-100.0,-99.0,-99.0,-100.0,-100.0,-100.0,-99.0,-100.0,-100.0,-100.0,-100.0,-100.0,-100.0,-100.0,-100.0,-99.0,-100.0,-99.0,-100.0,-100.0
-100.0,-99.0,-100.0,-99.93222082852397,-100.0,-100.0,-99.0,-99.0001535980549,-100.0,-100.0,-99.0,-99.0,-100.0,-100.0,-100.0,-99.0,-100.0,-100.0,-100.0,-100.0,-100.0,-100.0,-100.0,-100.0,-99.0,-100.0,-99.0,-100.0,-100.0
-100.0,-99.0,-100.0,-99.06777917147603,-100.0,-100.0,-99.0,-99.0,-100.0,-100.0,-99.0,-99.0,-100.0,-100.0,-100.0,-99.0,-100.0,-99.5,-100.0,-100.0,-100.0,-100.0,-100.0,-100.0,-99.0,-100.0,-99.0,-100.0,-100.0
-100.0,-99.0,-100.0,-99.0,-100.0,-100.0,-99.0,-100.0,-100.0,-99.0,-99.0,-99.0,-100.0,-100.0,-100.0,-99.0,-100.0,-100.0,-100.0,-100.0,-100.0,-100.0,-100.0,-100.0,-99.0,-100.0,-99.99999626046906,-100.0,-100.0
-100.0,-99.0,-100.0,-99.06777917147603,-100.0,-100.0,-99.0,-99.0,-100.0,-99.0,-99.0,-99.0,-100.0,-100.0,-100.0,-99.0,-100.0,-100.0,-100.0,-100.0,-100.0,-100.0,-100.0,-100.0,-99.0,-100.0,-99.0,-100.0,-100.0
-100.0,-99.0,-100.0,-100.0,-100.0,-100.0,-99.5,-99.0,-100.0,-99.0,-99.0,-99.0,-100.0,-100.0,-100.0,-100.0,-100.0,-100.0,-100.0,-100.0,-100.0,-100.0,-100.0,-100.0,-99.99110650925216,-100.0,-100.0,-100.0,-100.0
-100.0,-99.0,-100.0,-100.0,-100.0,-100.0,-100.0,-99.0,-100.0,-99.0,-100.0,-99.0,-100.0,-100.0,-100.0,-100.0,-100.0,-100.0,-99.99999934467807,-100.0,-100.0,-100.0,-100.0,-100.0,-100.0,-100.0,-100.0,-100.0,-100.0
-100.0,-99.0,-100.0,-100.0,-100.0,-100.0,-100.0,-99.9998464019451,-100.0,-99.0,-100.0,-99.0,-100.0,-100.0,-100.0,-99.0,-100.0,-99.0,-100.0,-100.0,-100.0,-100.0,-100.0,-100.0,-100.0,-100.0,-100.0,-100.0,-100.0
-100.0,-99.0,-100.0,-100.0,-100.0,-100.0,-100.0,-99.0,-99.5,-99.0,-99.5,-100.0,-100.0,-100.0,-100.0,-99.0,-100.0,-99.0,-100.0,-100.0,-100.0,-100.0,-100.0,-100.0,-99.00810315531466,-100.0,-100.0,-100.0,-100.0
-100.0,-99.0,-100.0,-100.0,-100.0,-100.0,-100.0,-99.0,-99.5,-99.99999963957391,-99.0,-100.0,-100.0,-100.0,-100.0,-99.0,-100.0,-99.0,-100.0,-100.0,-100.0,-100.0,-100.0,-100.0,-100.0,-100.0,-100.0,-100.0,-100.0
-100.0,-99.0,-100.0,-100.0,-100.0,-100.0,-100.0,-99.0,-99.5,-100.0,-99.0,-99.0,-100.0,-100.0,-100.0,-99.0,-100.0,-99.0,-99.00000065532193,-100.0,-100.0,-100.0,-100.0,-100.0,-99.00889349074784,-100.0,-100.0,-100.0,-100.0
-100.0,-99.0,-100.0,-100.0,-100.0,-100.0,-100.0,-99.0,-99.5,-100.0,-99.0,-99.0,-100.0,-100.0,-100.0,-99.0,-100.0,-100.0,-100.0,-100.0,-100.0,-100.0,-100.0,-100.0,-100.0,-100.0,-100.0,-100.0,-100.0
-100.0,-99.0,-100.0,-100.0,-100.0,-100.0,-100.0,-99.0,-99.0,-100.0,-99.99999985374119,-99.0999123286662,-100.0,-100.0,-100.0,-99.0,-100.0,-99.5,-100.0,-100.0,-100.0,-100.0,-100.0,-100.0,-100.0,-100.0,-100.0,-100.0,-100.0
-100.0,-99.0,-100.0,-100.0,-100.0,-100.0,-100.0,-99.0,-99.5,-100.0,-99.0,-100.0,-100.0,-100.0,-100.0,-99.9999999089916,-100.0,-99.0,-100.0,-100.0,-100.0,-100.0,-100.0,-99.99999999999996,-99.0,-99.0,-100.0,-100.0,-100.0
-99.0,-99.0,-100.0,-100.0,-99.9991109747009,-100.0,-100.0,-99.0,-99.5,-100.0,-99.0,-100.0,-100.0,-99.0,-100.0,-100.0,-100.0,-99.0,-100.0,-100.0,-100.0,-100.0,-100.0,-100.0,-99.0,-99.0,-100.0,-99.0,-100.0
-99.0,-99.0,-100.0,-100.0,-99.0,-100.0,-100.0,-99.0,-100.0,-100.0,-99.0,-100.0,-100.0,-99.8849303297783,-100.0,-100.0,-100.0,-99.0,-100.0,-100.0,-100.0,-99.0,-100.0,-100.0,-100.0,-99.0,-100.0,-100.0,-100.0
-99.0,-99.0,-100.0,-100.0,-99.0008890252991,-99.99999999999939,-99.5,-99.0,-100.0,-100.0,-99.0,-99.0,-99.99999996766901,-99.99999999999477,-100.0,-99.0,-100.0,-99.5,-99.0,-100.0,-100.0,-99.0,-100.0,-100.0,-99.0,-99.0,-100.0,-99.99541784713239,-100.0
-99.00000005098941,-99.5,-99.9999999849279,-100.0,-100.0,-99.99964243788871,-99.0,-99.0,-100.0,-100.0,-99.0,-99.0,-99.00000003233099,-99.00015910859015,-99.9999999999924,-99.0,-99.99999999999947,-100.0,-99.0,-99.9999999997221,-99.99999999999643,-100.0,-99.9999999996187,-99.39834959599364,-99.0,-99.0,-99.0,-99.0,-100.0
-99.0,-99.0,-99.97223315832758,-100.0,-100.0,-99.99942800638712,-99.0,-99.0,-99.5,-100.0,-99.99999985374119,-100.0,-99.00000003233099,-100.0,-99.9901837081775,-99.0,-99.79334833444362,-100.0,-99.00000000002261,-99.9998296303776,-99.98080947307439,-99.0,-99.97032714367849,-100.0,-100.0,-99.0,-99.0,-100.0,-99.99999931457475
-99.0,-99.5,-99.02776684167242,-99.0,-99.0,-99.00057199361288,-99.0,-99.0,-99.0,-100.0,-100.0,-99.9000876713338,-99.0,-100.0,-99.0098162918225,-99.81936406712742,-99.0067495357654,-100.0,-99.0,-99.0001703696224,-99.01919052692561,-99.0,-99.02967285632151,-99.0,-100.0,-99.0,-99.0,-99.99999999996358,-99.00000068542525
-99.0,-99.5,-99.0,-99.0,-99.0,-99.0,-99.0,-100.0,-99.5,-100.0,-100.0,-100.0,-99.0,-99.00015910859015,-99.0,-99.0,-99.05613577025346,-99.0,-99.0,-99.0,-99.00000000002136,-99.97238752471415,-99.00000000165464,-99.0,-99.0,-99.0,-99.0,-99.0,-99.0
-99.0,-100.0,-99.0,-99.0,-99.0,-99.0,-99.0,-99.0,-99.5,-99.00945202090048,-100.0,-100.0,-99.0,-99.0,-99.0,-100.0,-99.2066516655563,-99.0,-99.0,-99.0,-99.0,-99.02761247528585,-99.0,-99.0,-100.0,-99.0,-99.14593723616316,-99.0,-99.0
-99.0,-100.0,-99.0,-99.0,-99.0,-99.0,-99.0,-100.0,-99.0,-100.0,-100.0,-100.0,-99.0,-99.0,-99.0,-100.0,-99.00000010109918,-99.0,-99.0,-99.0,-99.0,-99.0,-99.0,-99.0,-99.0,-99.0,-99.0,-99.0,-99.0
-99.0,-99.5,-99.0,-99.0,-99.0,-99.0,-100.0,-100.0,-99.5,-99.99999999998263,-100.0,-100.0,-99.0,-99.0,-99.0,-99.0,-99.00009290435854,-99.0,-99.0,-99.0,-99.0,-100.0,-99.0,-99.60165040400636,-99.0,-99.0,-100.0,-99.0,-99.0
-99.0,-99.5,-99.0,-99.0,-99.0,-99.0,-99.5,-100.0,-99.0,-99.00000000000414,-99.5,-100.0,-99.0,-99.0,-99.0,-100.0,-99.00066781264276,-99.0,-99.0,-99.0,-99.0,-100.0,-99.0,-99.0,-100.0,-99.00000059292367,-100.0,-99.0,-99.0
-100.0,-100.0,-99.0,-99.0,-99.0,-99.0,-100.0,-100.0,-99.5,-99.99054797909952,-99.5,-100.0,-99.0,-99.0,-99.0,-99.18063593287245,-99.0,-99.5,-100.0,-99.0,-99.0,-99.0,-99.0,-99.0,-100.0,-100.0,-100.0,-99.00000009354568,-99.0
-100.0,-100.0,-99.0,-99.0,-99.0,-99.0,-100.0,-100.0,-99.0,-100.0,-100.0,-99.0,-99.0,-100.0,-99.0,-100.0,-99.0,-99.5,-100.0,-99.0,-99.0,-99.00000001384711,-99.0,-99.0,-100.0,-100.0,-100.0,-100.0,-99.0
-100.0,-100.0,-99.0,-100.0,-100.0,-99.0,-99.0,-100.0,-99.0,-99.0,-100.0,-99.0,-99.0,-99.00000000098659,-99.0,-100.0,-99.0,-100.0,-100.0,-99.0,-99.0,-99.0,-99.0,-99.0,-100.0,-100.0,-99.0,-99.00458215286761,-99.0
-99.0,-100.0,-99.0,-100.0,-100.0,-99.0,-99.0,-100.0,-99.0,-99.0,-100.0,-99.0,-99.0,-99.0,-99.0,-99.0,-99.0,-100.0,-99.0,-99.0,-99.0,-99.0,-99.0,-99.0,-100.0,-100.0,-99.00000000000912,-99.0,-99.0
-100.0,-100.0,-99.0,-100.0,-99.0,-99.0,-99.5,-100.0,-99.0,-99.0,-100.0,-99.0,-99.0,-99.1150696702217,-99.0,-100.0,-99.0,-100.0,-100.0,-99.0,-99.0,-99.0,-99.0,-99.0,-99.0,-99.99999999993776,-99.29909359197352,-99.0,-99.0
-99.0,-100.0,-99.0,-100.0,-100.0,-99.0,-99.0,-100.0,-99.0,-99.0,-100.0,-99.0,-99.0,-99.0,-99.0,-99.0,-99.0,-100.0,-99.0,-99.0,-99.0,-99.0,-99.0,-99.0,-100.0,-99.99999940707633,-99.0,-99.0,-99.0
-99.00001016097058,-100.0,-99.0,-100.0,-100.0,-99.0,-99.0,-100.0,-99.0,-99.0,-99.5,-99.99999999999999,-99.0,-99.0,-99.0,-100.0,-99.0,-100.0,-99.0,-99.0,-99.0,-99.0,-99.0,-99.0,-100.0,-99.00000000216227,-99.0,-99.0,-99.0
-99.99998983902942,-100.0,-99.0,-99.06777917147603,-99.0,-99.0,-99.0,-100.0,-100.0,-99.0,-99.99999985374119,-100.0,-99.0,-99.0,-99.0,-100.0,-99.0,-99.0,-99.0,-99.0,-99.0,-99.0,-99.0,-99.0,-100.0,-99.0,-99.0,-99.0,-99.0
-99.0,-100.0,-99.0,-99.06777917147603,-99.0,-99.0,-99.0,-100.0,-100.0,-99.0,-100.0,-100.0,-99.0,-99.0,-99.0,-100.0,-99.0,-99.0,-99.0,-99.0,-99.0,-99.0,-99.0,-99.0,-99.00055937717146,-99.0,-99.0,-99.0,-99.0
-99.0,-100.0,-99.0,-99.0,-99.0,-99.0,-99.0,-100.0,-100.0,-99.0,-100.0,-100.0,-99.0,-99.0,-99.0,-100.0,-99.0,-99.0,-99.0,-99.0,-99.0,-99.0,-99.0,-99.0,-99.99999999999825,-99.0,-99.0,-99.0,-99.0
-99.0,-99.5,-99.0,-99.0,-99.0,-99.0,-99.5,-100.0,-100.0,-99.0,-100.0,-99.0,-99.0,-99.0,-99.0,-100.0,-99.0,-99.0,-99.0,-99.0,-99.0,-99.0,-99.0,-99.0,-100.0,-99.0,-99.0,-99.0,-99.0
-99.0,-100.0,-99.0,-99.0,-99.0,-99.0,-100.0,-100.0,-100.0,-99.0,-99.0,-100.0,-99.0,-99.0,-99.0,-100.0,-99.0,-99.0,-99.0,-99.0,-99.0,-99.0,-99.0,-99.0,-99.0,-99.0,-100.0,-99.0,-99.0
-99.0,-99.5,-99.0,-99.0,-99.0,-99.0,-100.0,-100.0,-100.0,-99.0,-99.0,-100.0,-99.99999996766901,-99.0,-99.0,-100.0,-99.0,-99.5,-99.0,-99.0,-99.0,-99.0,-99.0,-99.0,-99.0,-99.0,-99.70090640802648,-99.0,-99.0
-99.0,-99.5,-99.0,-99.0,-99.0,-99.0,-100.0,-100.0,-100.0,-99.0,-99.0,-100.0,-100.0,-99.0,-99.0,-100.0,-99.0,-99.5,-99.0,-99.0,-99.0,-99.0,-99.0,-99.0,-99.0,-99.0,-100.0,-99.0,-99.0
-99.99999999999994,-99.5,-99.0,-99.99999999999996,-99.0,-99.0,-100.0,-100.0,-100.0,-99.0,-99.0,-100.0,-100.0,-99.0,-99.0,-100.0,-99.0,-99.0,-99.0,-99.0,-99.0,-99.0,-99.0,-99.0,-99.0,-100.0,-100.0,-99.0,-99.0
-99.0,-99.0,-99.0,-99.0,-99.0,-99.0,-100.0,-100.0,-100.0,-99.0,-99.0,-100.0,-100.0,-99.0,-99.0,-100.0,-99.0,-99.0,-99.0,-99.0,-99.0,-99.0,-99.0,-99.0,-99.0,-100.0,-99.0,-99.0,-99.0
-100.0,-99.0,-99.0,-100.0,-99.0,-99.0,-99.0,-100.0,-99.0,-99.0,-99.0,-100.0,-100.0,-99.0,-99.0,-100.0,-99.0,-99.0,-99.0,-99.0,-99.0,-99.0,-99.0,-99.0,-99.0,-100.0,-99.0,-99.0,-99.0
-100.0,-99.0,-99.0,-99.0,-99.0,-99.0,-99.0,-100.0,-100.0,-99.0,-99.0,-100.0,-100.0,-99.0,-99.0,-100.0,-99.0,-99.0,-99.0,-99.0,-99.0,-99.0,-99.0,-100.0,-99.0,-100.0,-99.0,-99.0,-99.0
-99.0,-99.0,-99.0,-99.0,-99.0,-99.0,-99.0,-100.0,-99.5,-99.0,-99.0,-100.0,-100.0,-99.0,-99.0,-100.0,-99.0,-99.0,-99.9999977565912,-99.0,-99.0,-99.0,-99.0,-100.0,-99.0,-100.0,-99.0,-99.0,-99.0
-99.0,-99.0,-99.0,-99.0,-99.0,-99.0,-100.0,-100.0,-100.0,-99.0,-99.0,-100.0,-100.0,-99.0,-99.0,-100.0,-99.0,-99.0,-100.0,-99.0,-99.0,-99.0,-99.0,-100.0,-99.0,-100.0,-99.11132492503926,-99.0,-99.0
-100.0,-99.0,-99.0,-99.0,-99.0,-99.0,-99.0,-100.0,-99.5,-99.0,-99.0,-100.0,-100.0,-99.0,-99.0,-100.0,-99.0,-99.0,-100.0,-99.0,-99.0,-99.0,-99.0,-100.0,-99.0,-100.0,-99.0,-99.0,-99.0
-100.0,-99.0,-99.0,-99.0,-99.0,-99.0,-99.0,-100.0,-99.5,-99.0,-99.0,-100.0,-100.0,-99.0,-99.0,-100.0,-99.0,-99.0,-100.0,-99.0,-99.0,-99.0,-99.0,-100.0,-99.0,-100.0,-99.0,-99.0,-99.0
-100.0,-99.0,-99.0,-99.0,-99.0,-99.01970032764807,-99.0,-100.0,-99.5,-99.0,-99.0,-100.0,-100.0,-99.0,-99.0,-100.0,-99.0,-99.0,-100.0,-99.0,-99.0,-100.0,-99.0,-100.0,-99.0,-100.0,-99.0,-99.0,-99.0
-99.0,-99.0,-99.0,-99.0,-99.0,-100.0,-99.0,-100.0,-99.5,-99.0,-99.0,-100.0,-100.0,-99.0,-99.0,-100.0,-99.0,-99.0,-100.0,-99.0,-99.0,-100.0,-99.0,-100.0,-99.0,-100.0,-99.0,-99.0,-99.0
-100.0,-99.0,-99.0,-99.0,-99.0,-100.0,-99.0,-100.0,-100.0,-99.0,-99.0,-100.0,-100.0,-99.0,-99.0,-100.0,-99.0,-99.0,-100.0,-99.0,-99.0,-100.0,-99.0,-100.0,-99.0,-100.0,-99.0,-99.0,-99.0
-100.0,-99.0,-99.0,-99.0,-99.0,-100.0,-99.0,-100.0,-100.0,-99.0000000022851,-99.0,-100.0,-100.0,-99.0,-99.0,-100.0,-99.0,-99.0,-100.0,-99.0,-99.0,-100.0,-99.0,-100.0,-99.0,-100.0,-99.0,-99.0,-99.0
-100.0,-99.0,-99.0,-99.0,-99.0,-100.0,-99.0,-100.0,-100.0,-100.0,-99.0,-100.0,-100.0,-99.0,-99.0,-100.0,-99.0,-100.0,-100.0,-99.0,-99.0,-100.0,-99.0,-100.0,-99.0,-100.0,-99.0,-99.0,-99.0
-100.0,-99.0,-99.0,-100.0,-99.0,-100.0,-99.0,-100.0,-100.0,-99.0,-99.0,-100.0,-100.0,-99.00011995926805,-99.0,-100.0,-99.0,-100.0,-100.0,-99.0,-99.0,-100.0,-99.0,-100.0,-99.0,-100.0,-99.0,-99.0,-99.0
-100.0,-99.0,-99.0,-100.0,-99.0,-100.0,-99.0,-100.0,-100.0,-99.75727787261376,-99.0,-100.0,-100.0,-99.36330055976873,-99.0,-100.0,-99.0,-100.0,-100.0,-99.0,-99.0,-100.0,-99.0,-100.0,-99.0,-100.0,-99.0,-99.0,-99.0
-100.0,-99.0,-99.0,-100.0,-99.0,-100.0,-99.0,-100.0,-100.0,-100.0,-99.0,-100.0,-100.0,-100.0,-99.0,-100.0,-99.0,-100.0,-100.0,-99.0,-99.99738067222476,-100.0,-99.0,-100.0,-99.0,-100.0,-99.0,-99.0,-100.0
-100.0,-99.0,-99.00000004706267,-99.9999999999609,-99.0,-100.0,-99.0,-100.0,-100.0,-100.0,-99.0,-100.0,-100.0,-100.0,-99.0,-100.0,-99.0,-100.0,-100.0,-99.0,-100.0,-100.0,-99.0,-100.0,-99.0,-100.0,-99.0,-99.0,-100.0
-100.0,-99.0,-99.02347308242426,-100.0,-99.0,-100.0,-99.0,-100.0,-100.0,-99.99975506800216,-99.0,-100.0,-100.0,-100.0,-99.0,-100.0,-99.0,-100.0,-100.0,-99.0,-99.2078845067958,-100.0,-99.0,-100.0,-99.0,-100.0,-99.0,-99.0,-100.0
-100.0,-99.0,-99.00000014495224,-99.00000000001901,-99.0,-100.0,-99.0,-100.0,-100.0,-99.0,-99.0,-100.0,-100.0,-99.99989660554711,-99.0,-100.0,-99.0,-100.0,-100.0,-99.0,-99.0,-100.0,-99.0,-100.0,-99.0,-100.0,-99.0,-99.0,-100.0
-100.0,-99.0,-99.0,-99.0,-99.0,-100.0,-99.0,-100.0,-100.0,-99.0,-99.0,-100.0,-100.0,-99.0,-99.0,-100.0,-99.0,-100.0,-100.0,-99.0,-99.0,-100.0,-99.0,-100.0,-99.0,-100.0,-99.0,-99.0,-100.0
-100.0,-99.0,-99.0,-100.0,-99.0,-100.0,-99.0,-100.0,-100.0,-99.0,-99.0,-100.0,-100.0,-99.0000011539251,-99.0001257064214,-100.0,-99.0,-100.0,-100.0,-99.0,-99.62935142497176,-100.0,-99.0,-100.0,-99.0,-100.0,-99.0,-99.0,-100.0
-100.0,-99.0,-99.0,-100.0,-100.0,-100.0,-99.0,-100.0,-100.0,-99.0,-99.0,-100.0,-100.0,-99.0,-100.0,-100.0,-99.0,-100.0,-100.0,-99.0,-99.29443190272679,-100.0,-99.0,-100.0,-99.0,-100.0,-99.0,-99.0,-100.0
-100.0,-99.0,-99.0,-100.0,-100.0,-100.0,-99.0,-100.0,-100.0,-99.0,-99.0,-100.0,-100.0,-99.0,-100.0,-100.0,-99.0,-100.0,-100.0,-99.0,-99.0,-100.0,-99.0,-100.0,-99.0,-100.0,-99.0,-99.0,-100.0
-100.0,-99.0,-99.0,-100.0,-100.0,-100.0,-99.0,-100.0,-100.0,-99.0,-99.00763574336091,-100.0,-100.0,-99.0,-100.0,-100.0,-100.0,-100.0,-100.0,-99.0,-99.00004493812307,-100.0,-99.0,-100.0,-99.0,-100.0,-99.0,-99.0,-100.0
-100.0,-99.0,-99.0,-100.0,-100.0,-100.0,-99.0,-100.0,-100.0,-99.0,-99.20810669843922,-100.0,-100.0,-99.0,-100.0,-100.0,-99.0,-100.0,-100.0,-99.0,-99.0,-100.0,-99.0,-100.0,-99.0,-100.0,-99.0,-99.0,-100.0
-100.0,-99.0,-99.0,-100.0,-100.0,-100.0,-99.0,-100.0,-100.0,-99.0,-99.99999999999989,-99.00000000000001,-100.0,-99.0,-100.0,-100.0,-99.0,-100.0,-100.0,-99.0,-99.0,-100.0,-99.0,-100.0,-99.0,-100.0,-99.0,-99.0,-100.0
-100.0,-99.0,-99.0,-100.0,-100.0,-100.0,-99.0,-100.0,-100.0,-99.0,-100.0,-99.0,-100.0,-99.0,-100.0,-100.0,-99.0,-100.0,-100.0,-99.0,-99.0,-100.0,-99.0,-100.0,-99.0,-100.0,-99.0,-99.0,-100.0
-100.0,-99.0,-99.0,-100.0,-100.0,-100.0,-99.0,-100.0,-100.0,-100.0,-100.0,-99.0,-100.0,-99.0,-100.0,-100.0,-99.0,-100.0,-100.0,-99.0,-99.0,-100.0,-99.0,-100.0,-99.0,-100.0,-99.0,-99.0,-100.0
-100.0,-99.0,-99.0,-100.0,-100.0,-100.0,-99.0,-100.0,-100.0,-100.0,-100.0,-99.0,-100.0,-99.0,-100.0,-100.0,-99.0,-100.0,-100.0,-99.0,-99.0,-100.0,-99.0,-100.0,-99.0,-100.0,-99.0,-99.0,-100.0
-100.0,-99.0,-99.0,-100.0,-100.0,-100.0,-99.0,-100.0,-100.0,-100.0,-100.0,-99.00000000000003,-100.0,-99.0,-100.0,-100.0,-99.0,-100.0,-100.0,-99.0,-99.0,-100.0,-99.0,-100.0,-99.0,-100.0,-99.0,-99.0,-100.0
-99.0,-99.0,-99.0,-100.0,-100.0,-100.0,-99.0,-100.0,-100.0,-100.0,-100.0,-99.0,-100.0,-99.0,-100.0,-100.0,-99.0,-99.0,-100.0,-99.0,-99.0,-100.0,-99.0,-100.0,-99.0,-100.0,-99.0,-99.0,-100.0
-100.0,-99.0,-99.0,-100.0,-100.0,-100.0,-99.0,-100.0,-100.0,-100.0,-99.0,-99.0,-100.0,-99.0,-100.0,-100.0,-99.0,-100.0,-100.0,-99.0,-99.0,-100.0,-99.0,-100.0,-99.0,-100.0,-99.0,-99.0,-100.0
-99.16655201062741,-99.0,-99.0,-100.0,-100.0,-100.0,-99.0,-100.0,-100.0,-100.0,-99.00000011306135,-100.0,-100.0,-99.0,-100.0,-100.0,-99.0,-100.0,-99.29537111330427,-99.0,-99.0,-99.20633805301476,-99.0,-99.99999999999999,-99.0,-100.0,-99.0,-99.0,-100.0
-99.17412615163713,-99.0,-99.0,-100.0,-100.0,-99.98756100858257,-99.0,-100.0,-100.0,-100.0,-99.97532769655857,-100.0,-100.0,-99.0,-100.0,-99.30786638347004,-99.0,-100.0,-99.00000400810302,-99.0,-99.0,-99.00073153523834,-99.0,-100.0,-99.0,-100.0,-99.0,-99.0,-100.0
-99.0,-99.0,-99.0,-100.0,-100.0,-99.0043776038618,-99.0,-100.0,-100.0,-100.0,-99.00141754573855,-100.0,-99.5,-99.0,-100.0,-99.89800244579371,-99.0,-100.0,-99.00000000000063,-99.0,-99.0,-99.0,-99.0,-100.0,-99.0,-100.0,-99.0,-99.0,-100.0
-99.0,-99.0,-99.0,-100.0,-100.0,-99.2004210911072,-99.0,-100.0,-100.0,-99.9999895277785,-99.0,-100.0,-99.5,-99.0,-100.0,-99.0,-99.0,-100.0,-99.0000000000949,-99.0,-99.0,-99.00000000000001,-99.0,-99.0,-99.0,-100.0,-99.0,-99.0,-100.0
-99.0,-99.0,-99.0,-100.0,-100.0,-99.10885606032903,-99.0,-100.0,-100.0,-100.0,-99.0,-99.0,-99.5,-99.0,-100.0,-99.0,-99.0,-99.0,-99.00000000000001,-99.0,-99.0,-99.0,-99.0,-99.00000000000654,-99.0,-100.0,-99.0,-99.0,-99.00000000005636
-100.0,-99.0,-99.0,-100.0,-100.0,-99.0,-99.0,-100.0,-100.0,-100.0,-100.0,-99.0,-99.5,-99.0,-100.0,-99.0,-99.0,-99.0,-99.0,-99.0,-99.0,-99.00000000000001,-99.0,-99.99999686449279,-99.0,-100.0,-99.0,-99.0,-99.0
-99.0,-99.90297677088574,-99.0,-100.0,-100.0,-99.0,-99.0,-99.0,-100.0,-100.0,-100.0,-99.0,-99.5,-99.0,-100.0,-99.0,-99.0,-99.0,-99.0,-99.0,-99.0,-99.0,-99.0,-99.00128552093038,-99.0,-100.0,-99.0,-99.0,-99.0
-99.0,-99.99999998893105,-99.0,-100.0,-100.0,-99.00000021905845,-99.0,-100.0,-100.0,-100.0,-100.0,-99.0,-99.5,-99.0,-100.0,-99.0,-99.0,-99.0,-99.0,-99.0,-99.0,-99.0,-99.0,-99.0,-99.0,-100.0,-99.0,-99.0,-99.0
-99.0,-99.99999999449172,-99.0,-100.0,-100.0,-99.0,-99.0,-99.01613921326187,-100.0,-99.0,-100.0,-100.0,-99.5,-99.0,-100.0,-99.0,-99.0,-99.0,-99.0,-99.0,-99.0,-99.0,-99.0,-99.0,-99.0,-100.0,-99.0,-99.0,-99.0
-99.0,-99.9991109747009,-99.0,-100.0,-100.0,-99.0,-99.0,-100.0,-100.0,-99.0,-100.0,-99.0,-99.5,-99.0,-100.0,-99.0,-99.0,-99.0,-99.0,-99.0,-99.0,-99.0,-99.0,-99.0,-99.0,-100.0,-99.0,-99.0,-99.0
-100.0,-99.99999999999825,-99.0,-100.0,-100.0,-99.0,-99.0,-100.0,-100.0,-99.0,-100.0,-99.0,-99.5,-99.0,-100.0,-99.0,-99.0,-99.0,-99.0,-99.0,-99.0,-99.0,-99.0,-99.0,-100.0,-100.0,-99.0,-99.0,-99.0
-99.0,-99.9999813591966,-99.0,-100.0,-100.0,-99.0,-99.0,-99.0,-100.0,-99.0,-100.0,-99.0,-99.5,-99.0,-100.0,-99.97675176632015,-99.0,-99.0,-99.0,-99.0,-99.0,-99.0,-99.0,-99.0,-99.0,-100.0,-99.0,-99.0,-99.0
-99.0,-100.0,-99.0,-100.0,-100.0,-99.0,-99.0,-99.0,-100.0,-99.0,-100.0,-100.0,-99.5,-99.0,-100.0,-99.0,-99.0,-99.0,-99.0,-99.0,-99.0,-99.0,-99.0,-99.0,-99.0,-100.0,-99.0,-99.0,-99.0
-99.0,-100.0,-99.0,-100.0,-100.0,-99.0,-99.0,-99.99015915957594,-100.0,-99.0,-99.0,-100.0,-99.5,-99.0,-99.99999969529841,-99.0,-99.0,-99.0,-99.0,-99.0,-99.0,-99.0,-99.0,-99.0,-99.0,-100.0,-99.0,-99.0,-99.0
-99.0,-100.0,-99.0,-100.0,-100.0,-99.0,-99.0,-99.0,-100.0,-99.99994933803386,-99.0,-100.0,-99.5,-99.0,-99.03030807320239,-99.0,-99.0,-99.0,-99.0,-99.0,-99.0,-99.0,-99.0,-99.0,-99.0,-100.0,-99.0,-99.0,-99.0
-100.0,-100.0,-99.0,-100.0,-100.0,-99.0,-99.0,-99.0,-100.0,-99.04607975180342,-99.0,-100.0,-99.5,-99.0,-99.00000002087445,-99.0,-99.0,-99.0,-99.0,-99.0,-99.0,-99.0,-99.0,-99.0,-99.0,-100.0,-99.0,-99.0,-99.0
-99.0,-100.0,-99.0,-100.0,-100.0,-99.0,-99.0,-99.0,-100.0,-100.0,-99.0,-100.0,-99.5,-99.0,-99.0,-99.0,-99.0,-99.0,-99.0,-99.0,-99.0,-99.0,-99.0,-99.0,-99.0,-100.0,-99.0,-99.0,-99.0
-99.0,-100.0,-99.0,-100.0,-100.0,-99.0,-99.0,-99.0,-100.0,-100.0,-99.0,-99.0,-99.5,-99.0,-99.0,-99.0,-99.0,-99.0,-99.0,-99.0,-99.0,-99.0,-99.0,-99.0,-99.0,-99.7216689690659,-99.0,-99.0,-99.0
-100.0,-100.0,-99.0,-100.0,-100.0,-99.0,-99.0,-99.0,-100.0,-100.0,-99.0,-99.0,-99.5,-99.0,-99.0,-99.0,-99.0,-99.0,-99.0,-99.0,-99.0,-99.0,-99.0,-99.0,-99.0,-99.0,-99.0,-99.0,-99.0
-99.0,-100.0,-99.0,-100.0,-100.0,-99.0,-99.0,-99.0,-100.0,-100.0,-99.0,-99.0,-99.5,-99.0,-99.0,-99.0,-99.0,-99.0,-99.0,-99.0,-99.0,-99.0,-99.0,-99.0,-99.99999999878693,-99.00722984425113,-99.0,-99.0,-99.0
-99.0,-100.0,-99.0,-100.0,-100.0,-99.0,-99.0,-99.0,-100.0,-100.0,-99.0,-99.0,-99.5,-99.0,-99.0,-99.0,-99.0,-99.0,-99.0,-99.0,-99.0,-99.0,-99.0,-99.0,-100.0,-99.0,-99.0,-99.0,-99.0
-99.0,-100.0,-99.0,-100.0,-100.0,-99.0,-99.0,-99.0,-100.0,-100.0,-99.0,-99.0,-99.5,-99.0,-99.0,-99.0,-99.0,-99.0,-99.0,-99.0,-99.0,-99.0,-99.0,-99.0,-100.0,-99.0,-99.0,-99.0,-99.0
-99.0,-100.0,-99.0,-100.0,-100.0,-99.0,-99.0,-99.0,-100.0,-100.0,-99.0,-99.0,-99.5,-99.0,-99.0,-99.0,-99.0,-99.0,-99.0,-99.0,-99.0,-99.0,-99.0,-99.0,-99.0,-99.0,-99.0,-99.0,-99.0
-99.00000000230169,-100.0,-99.0,-100.0,-100.0,-99.0,-99.0,-99.0,-100.0,-100.0,-99.0,-99.0,-99.5,-99.0,-99.0,-99.0,-99.0,-99.0,-99.0,-99.0,-99.0,-99.0,-99.0,-99.0,-99.0,-99.0,-99.0,-99.0,-99.0
-99.00000044426372,-100.0,-99.0,-100.0,-100.0,-99.0,-99.0,-99.0,-100.0,-100.0,-99.0,-99.0,-99.5,-99.0,-99.0,-99.0,-99.0,-99.5,-99.0,-99.0,-99.0,-99.0,-99.0,-99.0,-99.0,-99.0,-99.0,-99.0,-99.0
-99.00000000000004,-100.0,-99.0,-100.0,-100.0,-99.0,-99.0,-99.0,-100.0,-100.0,-99.0,-99.0,-99.5,-99.0,-99.0,-99.0,-99.0,-99.0,-99.0,-99.0,-99.0,-99.0,-99.0,-99.0,-99.00000007777837,-99.0,-99.0,-99.0,-99.0
-100.0,-100.0,-99.0,-100.0,-100.0,-99.0,-99.0,-99.0,-100.0,-100.0,-99.0,-99.0,,-99.0,-99.0,-99.0,-99.0,-99.0,-99.0,-99.0,-99.0,-99.0,-99.0,-99.0,-99.0,-99.0,-99.0,-99.0,-99.0
-99.0,-100.0,-99.0,-100.0,-100.0,-99.0,-99.0,-99.0,-100.0,-100.0,-100.0,-99.0,,-99.0,-99.0,-99.0,-99.0,-99.5,-99.0,-99.0,-99.0,-99.0,-99.0,-99.0,-99.0,-99.0,-99.0,-99.0,-99.0
-100.0,-100.0,-99.0,-100.0,-100.0,-99.0,-99.0,-99.0,-100.0,-100.0,-100.0,-99.0,,-99.0,-99.0,-99.0,-99.0,-99.5,-99.0,-99.0,-99.0,-99.0,-99.0,-99.0,-99.0,-99.0,-99.0,-99.0,-99.0
-99.0,-100.0,-99.0,-100.0,-100.0,-99.0,-99.0,-99.0,-100.0,-100.0,-100.0,-99.22175380952525,,-99.0,-99.0,-99.0,-99.0,-99.0,-99.0,-99.0,-99.0,-99.0,-99.0,-99.0,-99.0,-99.0,-99.0,-99.0,-99.0
-99.0,-100.0,-99.0,-100.0,-100.0,-99.0,-100.0,-99.0,-100.0,-99.99999999999999,-100.0,-99.0,,-99.0,-99.0,-99.0,-99.0,-99.0,-99.0,-99.0,-99.0,-99.0,-99.0,-99.0,-99.98244878853428,-99.0,-100.0,-99.0,-99.0
-99.81698773673388,-100.0,-99.0,-100.0,-100.0,-99.0,-100.0,-99.0,-100.0,-99.1764198358731,-100.0,-99.0,,-99.0,-99.0,-99.0,-99.0,-99.0,-99.0,-99.0,-99.0,-99.0,-99.0,-99.0,-100.0,-99.0,-100.0,-99.0,-99.0
-99.0,-100.0,-99.0,-100.0,-100.0,-99.0,-100.0,-99.0,-100.0,-100.0,-100.0,-99.0,,-99.0,-99.0,-99.0,-99.0,-99.5,-99.0,-99.0,-99.0,-99.0,-99.0,-99.0,-100.0,-99.0,-100.0,-99.0,-99.0
-99.00000001053392,-100.0,-99.0,-100.0,-100.0,-99.0,-100.0,-99.0,-100.0,-100.0,-100.0,-99.0,,-99.0,-99.0,-99.0,-99.0,-100.0,-99.0,-99.0,-99.0,-99.0,-99.0,-99.0,-100.0,-99.0,-100.0,-99.0,-99.0
-100.0,-100.0,-99.0,-100.0,-100.0,-99.0,-100.0,-99.0,-100.0,-100.0,-100.0,-99.0,,-99.0,-99.0,-99.0,-99.0,-100.0,-99.0,-99.0,-99.0,-99.0,-99.0,-99.0,-100.0,-99.0,-99.0001780968867,-99.0,-99.0
-99.0,-100.0,-99.0,-99.0,-100.0,-99.0,-100.0,-99.0,-100.0,-99.98987611822332,-100.0,-99.0,,-99.0,-99.0,-99.0,-99.0,-100.0,-99.0,-99.0,-99.0,-99.0,-99.0,-99.0,-100.0,-99.0,-99.0,-99.0,-99.0
-99.0,-100.0,-99.0,-99.0,-99.00000000432195,-99.0,-100.0,-99.0,-100.0,-100.0,-100.0,-99.0,,-99.0,-99.0,-99.0,-99.0,-100.0,-99.0,-99.0,-99.0,-99.0,-99.0,-99.0,-100.0,-99.0,-99.99430844502824,-99.0,-99.0
-99.0,-100.0,-99.0,-99.0,-99.0,-99.0,-100.0,-99.0,-100.0,-99.0,-100.0,-99.0,,-99.0,-99.0,-99.0,-99.0,-100.0,-99.0,-99.0,-99.0,-99.0,-99.0,-99.0,-100.0,-99.0,-99.00137973711075,-99.0,-99.0
-100.0,-100.0,-99.0,-99.0,-99.0,-99.0,-100.0,-99.0,-100.0,-99.0,-100.0,-99.0,,-99.0,-99.0,-99.0,-99.0,-99.0,-99.0,-99.0,-99.0,-99.0,-99.0,-99.0,-100.0,-99.0,-99.0,-99.0,-99.0
-99.0,-100.0,-99.0,-99.0,-99.00000000224428,-99.0,-100.0,-99.0,-100.0,-99.0,-100.0,-100.0,,-99.00000000000112,-99.0,-99.0,-99.0,-100.0,-99.0,-99.0,-99.0,-99.0,-99.0,-99.0,-99.0,-99.0,-100.0,-99.0,-99.0
-99.0,-100.0,-99.0,-99.0,-99.0,-99.0,-100.0,-99.0,-100.0,-99.0,-100.0,-99.0,,-100.0,-99.0,-99.0,-99.0,-100.0,-99.0,-99.0,-99.0,-99.0,-99.0,-99.0,-100.0,-99.0,-100.0,-99.0,-99.0
-99.0,-100.0,-99.0,-99.0,-99.0,-99.0,-100.0,-99.0,-100.0,-99.0,-100.0,-99.0,,-100.0,-99.0,-99.0,-99.0,-100.0,-99.0,-99.0,-99.0,-99.0,-99.0,-99.0,-100.0,-99.0,-100.0,-99.0,-99.0
-100.0,-100.0,-99.0,-99.0,-100.0,-99.0,-99.0,-99.0,-100.0,-99.0,-100.0,-99.0,,-99.0,-99.0,-99.0,-99.0,-100.0,-99.0,-99.0,-99.0,-99.0,-99.0,-99.0,-100.0,-99.0,-99.0,-99.0,-99.0
-99.0,-100.0,-99.0,-99.0,-100.0,-99.0,-99.00008045920963,-99.0,-100.0,-99.0,-100.0,-99.0,,-99.0,-99.0,-99.0,-99.0,-99.5,-99.0,-99.0,-99.0,-99.0,-99.0,-99.0,-100.0,-99.0,-99.0,-99.0,-99.0
-99.0,-100.0,-99.0,-99.0,-100.0,-99.0,-99.00000000000001,-99.0,-100.0,-99.0,-100.0,-99.0,,-99.0,-99.0,-99.0,-99.0,-99.5,-99.0,-99.0,-99.0,-99.0,-99.0,-99.0,-100.0,-99.0,-99.0,-99.0,-99.0
-99.0,-100.0,-99.0,-99.0,-100.0,-99.0,-99.0,-99.0,-100.0,-99.0,-100.0,-99.0,,-99.0,-99.0,-99.0,-99.0,-99.5,-99.0,-99.0,-99.0,-99.0,-99.0,-99.0,-100.0,-99.0,-99.0,-99.0,-99.0
-99.0,-100.0,-99.0,-99.0,-100.0,-99.0,-99.0,-99.0,-100.0,-99.0,-100.0,-99.0,,-99.0,-99.0,-99.0,-99.0,-99.0,-99.0,-99.0,-99.0,-99.0,-99.0,-99.0,-100.0,-99.0,-99.0,-99.0,-99.0
-99.0,-100.0,-99.0,-99.0,-100.0,-99.0,-99.0,-99.0,-100.0,-99.0,-100.0,-99.0,,-99.0,-99.0,-99.0,-99.0,-100.0,-99.0,-99.0,-99.0,-99.0,-99.0,-99.0,-100.0,-99.0,-99.0,-99.0,-99.0
-99.0,-100.0,-99.0,-99.0,-100.0,-99.0,-99.0,-99.0,-100.0,-99.0,-100.0,-99.0,,-99.0,-99.0,-99.0,-99.0,-99.0,-99.0,-99.0,-99.0,-99.0,-99.0,-99.0,-100.0,-99.0,-99.0,-99.0,-99.0
-99.0,-100.0,-99.0,-99.00000000006563,-100.0,-99.0,-99.0,-99.0,-100.0,-99.98664974451677,-100.0,-99.0,,-99.0,-99.0,-99.0,-99.0,-99.5,-99.0,-99.0,-99.0,-99.0,-99.0,-99.0,-100.0,-99.0,-99.0,-99.0,-99.0
-99.0,-100.0,-99.0,-99.0,-100.0,-99.0,-99.0,-99.0,-100.0,-100.0,-100.0,-99.0,,-99.0,-99.0,-99.0,-99.0,-100.0,-99.0,-99.0,-99.0,-99.0,-99.0,-99.0,-100.0,-99.0,-99.0,-99.0,-99.0
-99.0,-100.0,-99.0,-100.0,-100.0,-99.0,-99.0,-99.0,-100.0,-100.0,-100.0,-99.0,,-100.0,-99.0,-99.0,-99.0,-100.0,-99.0,-99.0,-99.0,-99.0,-99.0,-99.0,-100.0,-99.0,-99.0,-99.0,-99.0
-99.0,-100.0,-99.0,-100.0,-100.0,-99.0,-99.0,-99.0,-100.0,-100.0,-100.0,-99.0,,-100.0,-99.0,-99.0,-99.0,-100.0,-99.0,-99.0,-99.0,-99.00000000000009,-99.0,-99.0,-100.0,-99.0,-99.0,-99.0,-99.0
-100.0,-100.0,-99.0,-100.0,-100.0,-99.0,-99.0,-99.0,-100.0,-100.0,-100.0,-99.0,,-100.0,-99.0,-99.0,-99.0,-100.0,-99.0,-99.0,-99.0,-99.99999999999999,-99.0,-99.0,-100.0,-99.0,-99.0,-99.00000000020523,-99.0
-99.0,-100.0,-99.0,-100.0,-100.0,-99.0,-99.0,-99.0,-100.0,-100.0,-100.0,-99.0,,-100.0,-99.0,-99.0,-99.0,-100.0,-99.0,-99.0,-99.0,-99.00000051831579,-99.0,-99.0,-99.99999999990924,-99.0,-99.0,-100.0,-99.0
-99.0,-100.0,-99.0,-100.0,-100.0,-99.0,-99.0,-100.0,-100.0,-100.0,-100.0,-99.0,,-100.0,-99.0,-99.0,-99.0,-100.0,-99.0,-99.0,-99.0,-100.0,-99.0,-99.0,-100.0,-99.0,-99.0,-100.0,-99.0
-99.0,-100.0,-99.0,-100.0,-100.0,-99.0,-99.0,-99.0,-100.0,-100.0,-100.0,-99.0,,-100.0,-99.0,-99.0,-99.0,-100.0,-99.0,-99.0,-99.0,-99.0,-99.0,-99.0,-100.0,-99.0,-99.0,-100.0,-99.0
-99.0,-100.0,-99.0,-100.0,-100.0,-99.0,-99.0,-99.0,-100.0,-100.0,-100.0,-99.0,,-100.0,-99.0,-99.0,-99.0,-100.0,-99.0011554126769,-99.0,-99.0,-99.01341475420135,-99.0,-99.0,-99.99999999999999,-99.0,-99.0,-100.0,-99.0
-99.0,-100.0,-99.0,-99.0,-99.0,-99.0,-99.00010623720745,-99.0,-100.0,-100.0,-99.13458577958865,-99.0,,-100.0,-99.0,-99.0,-99.0,-100.0,-100.0,-99.0,-99.0,-100.0,-99.0,-99.0,-100.0,-99.0,-99.0,-100.0,-99.0
-99.0,-100.0,-99.0,-99.0,-99.0,-99.0,-99.99989376279255,-99.0,-100.0,-100.0,-99.0,-99.0,,-100.0,-99.0,-99.0,-99.0,-100.0,-100.0,-99.0,-99.0,-99.0,-99.0,-99.0,-99.00402921883271,-99.0,-99.0,-99.99999999901341,-99.0
-99.0,-100.0,-99.0,-99.0,-99.0,-99.0,-99.99999999999993,-99.0,-100.0,-100.0,-99.0,-99.0,,-100.0,-99.0,-99.0,-99.0,-100.0,-100.0,-99.0,-99.0,-99.0,-99.0,-99.0,-100.0,-99.0,-99.0,-100.0,-99.0
-99.0,-100.0,-99.0,-99.0,-99.0,-99.0,-100.0,-99.0,-100.0,-100.0,-99.0,-99.0,,-100.0,-99.0,-99.0,-99.0,-100.0,-100.0,-99.0,-99.0,-99.74759792346883,-99.0,-99.0,-99.0,-99.0,-99.0,-100.0,-99.0
-99.0,-100.0,-99.0,-99.0,-99.0,-99.0,-99.00000014625881,-99.0,-100.0,-100.0,-99.0,-99.0,,-100.0,-99.0,-99.0,-99.0,-100.0,-100.0,-99.0,-99.0,-100.0,-99.0,-99.0,-99.0,-99.0,-99.0,-100.0,-99.0
-99.0,-100.0,-99.0,-100.0,-99.0,-99.22015562335885,-99.0,-99.0,-100.0,-100.0,-99.0,-99.0,,-100.0,-99.0,-99.0,-99.0,-100.0,-100.0,-99.0,-99.0,-100.0,-99.0,-99.0,-99.99999004478843,-99.0,-99.0,-100.0,-99.0
-99.0,-100.0,-99.0,-99.0,-99.0,-100.0,-100.0,-99.0,-100.0,-100.0,-99.0,-99.0,,-100.0,-99.0,-99.0,-99.0,-100.0,-100.0,-99.0,-99.0,-100.0,-99.0,-99.0,-100.0,-99.0,-99.0,-100.0,-99.0
-99.0,-100.0,-99.0,-100.0,-99.0,-100.0,-99.5,-99.0,-100.0,-100.0,-99.0,-99.0,-99.0,-100.0,-99.0,-99.0,-99.0,-100.0,-100.0,-99.0,-99.0,-100.0,-99.0,-99.0,-100.0,-99.0,-99.0,-100.0,-99.0
-99.0,-100.0,-99.0,-100.0,-99.0,-100.0,-99.0,-99.0,-100.0,-100.0,-99.0,-99.0,-99.0,-100.0,-99.0,-99.0,-99.0,-100.0,-100.0,-99.0,-99.0,-100.0,-99.0,-99.0,-99.0,-99.0,-99.0,-100.0,-99.0
-99.0,-100.0,-99.0,-100.0,-99.0,-100.0,-100.0,-99.0,-100.0,-100.0,-99.0,-99.0,-99.0,-100.0,-99.0,-99.0,-99.0,-100.0,-100.0,-99.0,-99.0,-100.0,-99.0,-99.0,-99.0,-99.0,-99.00000000000028,-100.0,-99.0
-99.0,-100.0,-99.0,-100.0,-99.0,-100.0,-99.0,-99.0,-99.0,-100.0,-99.0,-99.0,-99.0,-100.0,-99.0,-99.0,-99.0,-100.0,-100.0,-99.0,-99.0,-100.0,-99.0,-99.0,-99.00000006208677,-99.0,-99.0,-100.0,-99.0
-99.0,-100.0,-99.0,-100.0,-100.0,-100.0,-100.0,-99.0,-99.5,-100.0,-99.0,-99.0,-99.0,-100.0,-99.0,-99.0,-99.0,-100.0,-100.0,-99.0,-99.0,-100.0,-99.0,-99.0,-100.0,-99.0,-99.00000001094355,-100.0,-99.0
-99.0,-100.0,-99.0,-100.0,-100.0,-100.0,-100.0,-99.0,-100.0,-100.0,-99.0,-99.0,-99.0,-100.0,-99.0,-99.0,-99.0,-100.0,-100.0,-99.0,-99.0,-100.0,-99.0,-99.0,-100.0,-99.0,-100.0,-100.0,-99.0
-100.0,-100.0,-99.0,-100.0,-100.0,-100.0,-100.0,-99.0,-100.0,-100.0,-99.0,-99.0,-99.0,-100.0,-99.0,-99.0,-99.0,-100.0,-100.0,-99.0,-99.0,-100.0,-99.0,-99.0,-99.0,-99.0,-100.0,-100.0,-99.0
-99.0,-100.0,-99.0,-100.0,-100.0,-100.0,-100.0,-99.0,-100.0,-100.0,-99.0,-99.0,-99.0,-100.0,-99.0,-99.0,-99.0,-100.0,-100.0,-99.0,-99.0,-100.0,-99.0,-99.0,-99.0,-99.0,-100.0,-100.0,-99.0
-99.0,-100.0,-99.0,-100.0,-100.0,-100.0,-100.0,-99.0,-99.0,-100.0,-99.8680709021826,-99.0,-99.0,-100.0,-99.0,-99.0,-99.0,-100.0,-100.0,-99.0,-99.0,-100.0,-99.0,-99.0,-100.0,-99.0,-100.0,-100.0,-99.0
-99.0,-100.0,-99.0,-100.0,-100.0,-100.0,-100.0,-99.78508239768873,-99.0,-100.0,-99.5,-99.0,-99.0,-100.0,-99.0,-99.0,-99.0,-100.0,-100.0,-99.0,-99.0,-100.0,-99.0,-99.0,-100.0,-99.0,-100.0,-100.0,-99.0
-99.0,-100.0,-99.0,-100.0,-100.0,-100.0,-100.0,-99.0,-100.0,-100.0,-100.0,-100.0,-99.0,-100.0,-99.0,-99.0,-99.0,-100.0,-100.0,-99.0,-99.0,-99.0,-99.0,-99.0,-100.0,-99.0,-100.0,-100.0,-99.0
-99.0,-100.0,-99.0,-100.0,-100.0,-100.0,-100.0,-99.0,-100.0,-100.0,-100.0,-99.0,-99.0,-100.0,-99.0,-99.0,-99.0,-100.0,-100.0,-99.0,-99.0,-100.0,-99.0,-99.0,-99.0,-99.0,-100.0,-100.0,-99.0
-99.0,-100.0,-99.0,-99.0,-99.9913660280019,-100.0,-100.0,-99.0,-100.0,-100.0,-100.0,-99.0,-99.0,-100.0,-99.0,-99.0,-99.0,-100.0,-100.0,-99.0,-99.0,-100.0,-99.0,-99.0,-99.0,-99.0,-100.0,-99.997793159198,-99.0
-99.0,-100.0,-99.0,-100.0,-100.0,-100.0,-100.0,-99.0,-99.5,-100.0,-100.0,-99.0,-99.0,-99.99999999999997,-99.0,-99.00000056237518,-99.0,-100.0,-100.0,-99.0,-99.0,-100.0,-99.0,-99.0,-99.0,-99.0,-100.0,-99.0,-99.0
-99.0,-100.0,-99.0,-99.99999946429784,-100.0,-100.0,-100.0,-99.0,-99.5,-100.0,-100.0,-99.0,-99.0,-99.7356269487433,-99.0,-99.0,-99.0,-100.0,-100.0,-99.0,-99.0,-100.0,-99.0,-99.0,-99.0,-99.0,-99.0,-99.0,-99.0
-99.0,-100.0,-99.0,-99.0,-100.0,-99.99999996750354,-100.0,-99.0,-99.0,-100.0,-100.0,-99.0,-99.0,-99.62649357316425,-99.0,-100.0,-99.0,-100.0,-100.0,-99.0,-99.0,-99.0,-99.0,-99.0,-99.0,-99.0,-99.0,-99.0,-99.0
-99.0,-100.0,-99.0,-100.0,-100.0,-99.0,-100.0,-99.0,-99.0,-100.0,-100.0,-99.0,-99.0,-99.0,-99.0,-100.0,-99.0,-100.0,-100.0,-99.0,-99.0,-99.0,-99.0,-99.0,-99.0,-99.0,-99.0,-99.0,-99.0
-99.0,-100.0,-99.0,-100.0,-100.0,-99.0,-99.0,-99.25106537431249,-99.5,-100.0,-100.0,-99.0,-99.0,-99.0,-99.0,-100.0,-99.0,-100.0,-99.99992528144683,-99.0,-99.0,-99.99928537927997,-99.0,-99.0,-99.0,-99.0,-99.0,-99.0,-99.0
-99.0,-100.0,-99.0,-100.0,-100.0,-99.0,-99.0,-99.0,-99.5,-99.08364926724877,-100.0,-99.0,-99.0,-99.0,-99.0,-100.0,-99.0,-100.0,-99.02706940415867,-99.0,-99.0,-99.0,-99.0,-99.0,-99.99999999999783,-99.0,-99.0,-99.0,-99.0
-99.0,-100.0,-99.0,-100.0,-100.0,-99.0,-99.0,-99.0,-99.0,-99.0,-100.0,-99.0,-99.0,-99.0,-99.0,-100.0,-99.0,-100.0,-99.26728336388544,-99.0,-99.0,-100.0,-99.0,-99.0,-99.0,-99.0,-99.0,-99.0,-99.0
-99.0,-100.0,-99.0,-100.0,-100.0,-99.00000687467794,-99.0,-99.0,-99.0,-99.0,-100.0,-99.0,-99.0,-99.0,-99.0,-100.0,-99.0,-100.0,-100.0,-99.0,-99.0,-99.0,-99.0,-99.0,-99.0,-99.0,-99.0,-99.0,-99.0
-99.0,-100.0,-99.0,-100.0,-100.0,-99.00000043313095,-100.0,-99.0,-99.0,-99.0,-100.0,-99.0,-99.0,-99.0,-99.0,-99.0,-99.0,-99.5,-100.0,-99.0,-99.0,-99.0,-99.0,-99.0,-100.0,-99.0,-99.0,-99.0,-99.0
-99.0,-100.0,-99.0,-100.0,-100.0,-99.0,-99.0,-99.0,-100.0,-99.0,-100.0,-99.0,-99.0,-99.0,-99.0,-99.0,-99.0,-100.0,-99.0,-99.0,-99.0,-99.0,-99.0,-99.0,-99.99999995856346,-99.0,-99.0,-99.0,-99.0
-99.0,-100.0,-99.0,-100.0,-100.0,-99.0,-100.0,-99.0,-100.0,-99.0,-100.0,-99.0,-99.0,-99.0,-99.0,-99.0,-99.0,-100.0,-99.0,-99.0,-99.0,-99.0,-99.0,-99.0,-100.0,-99.0,-99.0,-99.0,-99.0
-99.0,-100.0,-99.0,-100.0,-100.0,-99.0,-100.0,-99.0,-100.0,-99.0,-100.0,-99.0,-99.0,-99.0,-99.0,-99.99992579549054,-99.0,-99.0,-99.0,-99.0,-99.0,-99.0,-99.0,-99.0,-99.0,-99.0,-100.0,-99.0,-99.0
-99.0,-100.0,-99.0,-100.0,-100.0,-99.0,-99.0,-99.0,-100.0,-99.0,-100.0,-99.0,-99.0,-99.0,-99.0,-100.0,-99.0,-99.0,-99.0,-99.0,-99.0,-99.0,-99.0,-99.0,-99.0,-99.0,-99.0,-99.0,-99.0
-99.0,-100.0,-99.0,-99.00002516878844,-100.0,-99.0,-99.0,-99.0,-99.0,-99.0,-100.0,-99.0,-99.0,-99.0,-99.0,-100.0,-99.0,-99.0,-99.0,-99.0,-99.0,-99.0,-99.0,-99.0,-100.0,-99.0,-99.0,-99.0,-99.0
-99.0,-100.0,-99.0,-99.0,-99.00000000048723,-99.0,-99.0,-99.0,-99.0,-99.0,-100.0,-99.0,-99.0,-99.0,-99.0,-99.99999999999808,-99.0,-99.0,-99.0,-99.0,-99.0,-99.0,-99.0,-99.0,-99.0,-99.0,-99.0,-99.0,-99.0
-99.0,-100.0,-99.0,-99.0,-99.0,-99.0,-99.0,-99.0,-99.0,-99.0,-100.0,-99.0,-99.0,-99.0,-99.0,-99.0,-99.0,-99.0,-99.0,-99.0,-99.0,-99.0,-99.0,-99.0,-99.00000014033927,-99.0,-99.0,-99.0,-99.0
-99.0,-100.0,-99.0,-99.0,-99.0,-99.0,-99.0,-99.0,-99.0,-99.0,-100.0,-99.0,-99.0,-99.0,-99.0,-100.0,-99.0,-99.0,-99.0,-99.0,-99.0,-99.0,-99.0,-99.0,-99.0,-99.0,-99.0,-99.0,-99.0
-99.0,-100.0,-99.0,-99.0,-99.0,-99.0,-99.0,-99.02899757401731,-99.0,-99.0,-100.0,-99.0,-99.0,-99.0,-99.0,-100.0,-99.0,-99.0,-99.0,-99.0,-99.0,-99.0,-99.0,-99.0,-99.42323164763518,-99.0,-99.0,-99.0,-99.0
-99.0,-100.0,-99.0,-99.00000001106895,-99.0,-99.0,-99.0,-99.00000044617256,-99.0,-99.0,-100.0,-99.0,-99.0,-99.0,-99.0,-100.0,-99.0,-99.0,-99.0,-99.0,-99.0,-99.0,-99.0,-99.0,-99.0,-99.0,-99.0,-99.0,-99.0
-99.0,-100.0,-99.0,-99.00000000000135,-99.0,-99.0,-99.0,-99.0,-100.0,-99.0,-100.0,-99.0,-99.0,-99.0,-99.0,-100.0,-99.0,-99.0,-99.0,-99.0,-99.0,-99.0,-99.0,-99.0,-100.0,-99.0,-99.0,-99.0,-99.0
-99.0,-100.0,-99.0,-99.0,-99.0,-99.0,-99.0,-99.0,-100.0,-99.0,-100.0,-99.0,-99.0,-99.0,-99.0,-99.0,-99.0,-99.5,-99.0,-99.0,-99.0,-99.0,-99.0,-99.0,-100.0,-99.0,-99.0,-99.0,-99.0
-99.0,-100.0,-99.0,-99.0,-99.0,-99.0,-99.0,-99.00000000000266,-99.5,-99.0,-100.0,-99.0,-99.0,-99.0,-99.0,-99.0,-99.0,-99.0,-99.0,-99.0,-99.0,-99.0,-99.0,-99.0,-99.0,-99.0,-99.0,-99.0,-99.0
-99.0,-100.0,-99.0,-99.0,-99.0,-99.0,-99.0,-99.00001752258338,-99.0,-99.0,-100.0,-99.0,-99.0,-99.0,-99.0,-99.0,-99.0,-99.0,-99.0,-99.0,-99.0,-99.0,-99.0,-99.0,-99.0,-99.0,-99.0,-99.0,-99.0
-99.0,-100.0,-99.0,-99.0,-99.0,-99.0,-99.0,-100.0,-99.0,-99.0,-99.0,-99.0,-99.0,-99.0,-99.0,-99.0,-99.0,-99.5,-99.0,-99.0,-99.0,-99.0,-99.0,-99.0,-99.0,-99.0,-99.0,-99.0,-99.0
-99.0,-100.0,-99.0,-99.0,-99.0,-99.0,-99.0,-99.0,-99.0,-99.0,-99.0,-100.0,-99.0,-99.0,-99.0,-100.0,-99.0,-99.5,-99.0,-99.0,-99.0,-99.0,-99.0,-99.0,-99.0,-99.0,-99.0,-99.0,-99.0
-99.0,-100.0,-99.0,-100.0,-99.0,-99.0,-99.0,-100.0,-99.0,-99.0011939119576,-99.00000000254572,-100.0,-99.0,-99.0,-99.0,-100.0,-99.0,-100.0,-99.0,-99.0,-99.0,-99.0,-99.0,-99.0,-100.0,-99.0,-99.0,-99.0,-99.0
-99.0,-100.0,-99.0,-100.0,-99.0,-99.0,-99.0,-99.0936378373907,-99.0,-100.0,-99.00000000159943,-99.0,-99.0,-99.0,-99.0,-99.0,-99.0,-100.0,-99.0,-99.0,-99.0,-99.0,-99.0,-99.0,-99.0,-99.0,-99.0,-99.0,-99.0
-99.0,-100.0,-99.0,-100.0,-99.00000006082293,-99.0,-99.0,-99.0,-99.0,-100.0,-99.99999999999999,-99.0,-99.0,-99.0,-99.0,-100.0,-99.0,-100.0,-99.0,-99.0,-99.0,-99.0,-99.0,-99.0,-100.0,-99.0,-99.0,-99.0,-99.0
-99.0,-100.0,-99.0,-100.0,-100.0,-99.0,-100.0,-99.0,-99.5,-100.0,-99.0012686055751,-99.0,-99.0,-99.0,-99.0,-99.0,-99.0,-99.0,-99.0,-99.0,-99.0,-99.0,-99.0,-99.0,-99.0,-99.0,-99.0,-99.0,-99.0
-99.0,-100.0,-99.0,-100.0,-100.0,-99.0,-100.0,-99.0,-99.5,-100.0,-99.0,-99.0,-99.0,-99.0,-99.0,-99.00000093664781,-99.0,-99.0,-99.0,-99.0,-99.0,-99.0,-99.0,-99.0,-99.0,-99.0,-99.0,-99.0,-99.0
-99.0,-100.0,-99.0,-100.0,-100.0,-99.0,-100.0,-99.00000012065776,-99.0,-100.0,-99.01763420361337,-99.0,-99.0,-99.0,-99.0,-100.0,-99.0,-100.0,-99.68086088370696,-99.0,-99.0,-99.0,-99.0,-99.0,-99.0,-99.0,-99.00000000000017,-99.0,-99.0
-99.0,-100.0,-99.0,-100.0,-100.0,-99.0,-100.0,-99.0,-99.0,-100.0,-99.00000000000202,-100.0,-99.0,-99.0,-99.0,-100.0,-99.0,-99.0,-99.0,-99.0,-99.0,-99.0,-99.0,-99.0,-99.0,-99.0,-99.0,-99.0,-99.0
-99.0,-100.0,-99.0,-100.0,-100.0,-99.0,-100.0,-99.0,-99.0,-100.0,-99.5,-100.0,-99.0,-99.0,-99.0,-100.0,-99.0,-99.0,-99.99999999999883,-99.0,-99.0,-99.0,-99.0,-99.0,-99.0,-99.0,-99.0,-99.0,-99.0
-99.0,-100.0,-99.0,-100.0,-100.0,-99.0,-100.0,-99.0,-99.0,-100.0,-99.08096627335797,-100.0,-99.0,-99.00000003538176,-99.0,-100.0,-99.0,-100.0,-100.0,-99.0,-99.0,-99.0,-99.0,-99.0,-99.000675294132,-99.0,-99.0,-99.0,-99.0
-99.0,-100.0,-99.0,-100.0,-100.0,-99.0,-99.0,-99.0,-99.0,-100.0,-100.0,-99.99999999999294,-99.0,-99.0000000001233,-99.0,-100.0,-99.0,-100.0,-99.99317468853727,-99.0,-99.0,-100.0,-99.0,-99.0,-99.0,-99.0,-99.0,-99.0,-99.0
-99.0,-100.0,-99.0,-100.0,-100.0,-99.0,-100.0,-99.0,-99.0,-100.0,-100.0,-99.0,-99.5,-99.00372994453348,-99.0,-100.0,-99.0,-100.0,-100.0,-99.0,-99.0,-99.0000000007132,-99.0,-100.0,-99.0,-99.0,-99.0,-99.0,-99.0
-100.0,-100.0,-99.0,-100.0,-100.0,-99.0,-99.0,-99.0,-99.0,-100.0,-100.0,-99.0,-99.5,-99.0000186408034,-99.0,-100.0,-99.0,-100.0,-100.0,-99.0,-99.0,-99.23734799068416,-99.0,-99.0,-99.0,-99.0,-99.0,-99.0,-99.0
-99.0,-100.0,-99.0,-100.0,-100.0,-99.0,-99.0,-99.0,-99.0,-100.0,-100.0,-99.0,-99.5,-100.0,-99.0,-100.0,-99.0,-100.0,-100.0,-99.0,-99.0,-99.0,-99.0,-99.0,-99.0,-99.0,-99.0,-99.0,-99.0
-100.0,-99.0,-100.0,-100.0,-100.0,-100.0,-99.0,-99.0,-100.0,-100.0,-99.0,-100.0,-100.0,-100.0,-99.0,-100.0,-99.0,-100.0,-100.0,-99.0,-99.0,-100.0,-99.0,-100.0,-99.0,-99.0,-99.0,-100.0,-99.0
-100.0,-99.0,-100.0,-100.0,-100.0,-100.0,-99.0,-100.0,-100.0,-100.0,-99.0,-100.0,-100.0,-100.0,-99.0,-100.0,-99.0,-100.0,-100.0,-99.0,-99.0,-100.0,-99.0,-100.0,-99.0,-99.0,-99.0,-100.0,-99.0
-99.0,-99.0,-100.0,-100.0,-100.0,-100.0,-99.0,-100.0,-100.0,-100.0,-99.0,-100.0,-100.0,-100.0,-99.0,-100.0,-99.0,-99.0,-100.0,-99.0,-99.0,-100.0,-99.0,-100.0,-99.0,-99.0,-99.0,-100.0,-100.0
-99.0,-99.0,-99.68385945632957,-100.0,-100.0,-100.0,-99.0,-99.0,-100.0,-100.0,-99.0,-100.0,-100.0,-100.0,-99.0,-100.0,-99.0,-99.0,-100.0,-99.0,-99.0,-100.0,-99.0,-100.0,-99.0,-99.0,-99.0,-100.0,-100.0
-99.0,-99.0,-99.0,-100.0,-100.0,-100.0,-99.0,-99.0,-100.0,-99.0,-99.0,-100.0,-100.0,-100.0,-99.0,-100.0,-99.0,-99.0,-100.0,-99.0,-99.0,-100.0,-99.0,-100.0,-99.0,-99.0,-99.0,-100.0,-100.0
-99.0,-99.0,-99.0,-100.0,-100.0,-100.0,-99.0,-99.0,-100.0,-99.0,-99.0,-100.0,-100.0,-100.0,-99.0,-100.0,-99.0,-99.0,-100.0,-99.0,-99.0,-100.0,-99.0,-100.0,-99.0,-99.0,-99.0,-100.0,-100.0
-99.0,-99.0,-99.0,-100.0,-100.0,-100.0,-99.0,-99.0,-100.0,-99.0,-99.0,-100.0,-100.0,-100.0,-99.0,-100.0,-99.0,-100.0,-100.0,-99.0,-99.0,-100.0,-99.0,-100.0,-99.0,-99.0,-99.0,-100.0,-100.0
-99.0,-99.0,-99.0,-100.0,-100.0,-100.0,-99.0,-99.0,-100.0,-99.0,-99.0,-100.0,-100.0,-100.0,-99.0,-100.0,-99.0,-100.0,-100.0,-99.0,-99.0,-99.00000000211783,-99.0,-100.0,-99.0,-99.0,-99.0,-99.00000002631668,-100.0
-99.0,-99.0,-99.0,-100.0,-100.0,-100.0,-99.0,-99.0,-100.0,-99.0,-99.0,-100.0,-100.0,-100.0,-99.0,-100.0,-99.0,-99.0,-100.0,-99.0,-99.0,-99.0,-99.0,-100.0,-99.0,-99.0,-99.0,-99.0,-99.03826270329375
-99.0,-99.0,-99.0,-100.0,-100.0,-100.0,-99.0,-99.0,-100.0,-99.0,-99.0,-100.0,-100.0,-99.0,-99.0,-100.0,-99.0,-100.0,-100.0,-99.0,-99.0,-99.0,-99.0,-100.0,-99.0,-99.0,-99.0,-99.0,-99.0
-99.0,-99.0,-99.0,-100.0,-100.0,-100.0,-99.0,-99.0,-100.0,-99.0,-99.99999999986561,-100.0,-100.0,-99.0,-99.0,-100.0,-99.0,-99.0,-100.0,-99.0,-99.0,-99.0,-99.0,-99.0,-99.0,-99.0,-99.0,-99.0,-99.0
-99.0,-99.0,-99.0,-100.0,-100.0,-100.0,-99.0,-99.0,-100.0,-99.0,-99.99999999986561,-100.0,-100.0,-99.0,-99.0,-100.0,-99.0,-99.0,-100.0,-99.0,-99.0,-99.0,-99.0,-99.0,-99.0,-99.0,-99.0,-99.0,-99.0
,,,,,,,,,,,,,,,,,,,,,,,,,,,,
