DATE,births,UNRATE,PCE,AAA,BAA,INDPRO,PSAVERT,HOUST,CIVPART,EXUSEU,BAA10YM,UMCSENT,PPIACO,BUSLOANS,TOTALSA,DSPIC96,MICH,TCU,DPSACBM027NBOG,PI,DGORDER,DSPI,JTSJOL,USEPUINDXM,TTLCONS,PMSAVE,WPSFD49207,BUSINV
7/1/04,-0.411993242,0.239290526,-0.225665601,0.370478016,0.337842294,-0.121283267,0.115768682,-0.046462173,0.341344746,-0.178743912,0.074269171,0.155455223,-0.195655507,-0.109583861,-0.031457244,-0.172713928,0.040385949,-0.129155876,-0.201672687,-0.155134961,-0.091519991,-0.165637509,-0.061556262,0.061051826,-0.098058058,0.115151198,-0.205109872,-0.14968222
8/1/04,-0.071803758,0,-0.196031525,0.237440028,0.250194456,-0.116786035,0.104905294,-0.013687215,0.191462461,-0.196776005,0.097543824,0.108728176,-0.161239004,-0.08789175,-0.091331315,-0.014212897,-0.11401361,-0.124381192,-0.183793344,-0.121792093,-0.163923229,-0.124178244,-0.266995574,0.044646445,-0.068474462,0.10863029,-0.183966629,-0.108653558
9/1/04,-0.090619364,0,-0.131616946,-0.007215758,0.092912702,-0.111549041,0.045710838,-0.170841973,-0.180772164,-0.188898723,0.08239611,0.003173119,-0.178673111,-0.070825481,0.185073548,0.014212897,-0.11401361,-0.119547154,-0.145560603,-0.096060972,-0.051908364,-0.093055446,-0.055364592,0.168124458,-0.074651053,0.043718135,-0.17306719,-0.108636465
10/1/04,-0.093085289,0.239290526,-0.076643913,0.007215758,0.034668782,-0.045772467,0.033034952,0.059510527,0,-0.11831874,0.070070904,-0.152434176,-0.036099712,-0.059539388,0.050571805,0.05229348,0.121440869,-0.046941737,-0.123419544,-0.053319392,-0.130714568,-0.028253386,0.055364592,0.203796174,-0.059970407,0.028344895,-0.028834226,-0.073627914
11/1/04,0.240594247,0,-0.027237138,0.077963622,0.024787863,-0.029702368,-0.033034952,-0.264762415,0.191462461,0.00669413,0.02358421,-0.085355216,0.055891961,-0.020784039,-0.010232254,-0.094322841,-0.11401361,-0.031947528,-0.030004743,-0.038404394,0.051908364,-0.01153476,-0.304946847,0.131667046,-0.030186544,-0.028344895,0.028939435,-0.007556674
12/1/04,-0.107611721,0,0.039705175,0.007215758,-0.024787863,0.029702368,0.239457966,0.013687215,0,0.100327342,-0.02358421,0.177783589,-0.023020829,0.020784039,0.255701984,0.499999718,0.040385949,0.031947528,0.030004743,0.252089052,0.077990445,0.40083715,0.171657447,-0.044646445,0.030186544,0.267362813,-0.01605985,0.007556674
1/1/05,0.071803758,-0.247507462,0.027237138,-0.149816263,-0.148024355,0.068486606,-0.087079841,0.16266263,-0.180772164,0.037144534,-0.088891269,0.084496499,0.023020829,0.092217382,-0.188788406,-0.098952021,-0.040385949,0.070399516,0.041200477,0.038404394,0.110303928,0.01153476,-0.070349397,-0.084673325,0.06618175,-0.088416789,0.01605985,0.063293698
2/1/05,0.127239849,0,0.092064565,-0.333444015,-0.293648565,0.126424895,-0.139678499,0.235782254,0,0.010625259,-0.163163946,-0.003173119,0.068973594,0.140765536,-0.189796689,-0.076172117,-0.040385949,0.128723749,0.061192539,0.070500972,0.149147539,0.054546258,0.075429748,-0.227459441,0.151111575,-0.135650481,0.067476661,0.108694688
3/1/05,0.07516738,-0.411351119,0.135377814,-0.093818395,-0.111716384,0.113124288,-0.113700955,-0.210049551,0,0.0516541,-0.199389836,-0.09779864,0.199868476,0.203041738,0.010232254,0.12556561,0.19570228,0.104083748,0.119750202,0.12536482,-0.097011292,0.141290166,0.145931429,-0.238116883,0.170359461,-0.11019319,0.130404871,0.149288875
4/1/05,0.1147101,-0.411351119,0.21261994,-0.189881895,-0.120966608,0.127220916,-0.164759005,0.042751939,0.341344746,-0.00669413,-0.135202146,-0.347134758,0.270801905,0.255299309,0.143196396,0.284625418,0.258182676,0.110041518,0.194888864,0.177560746,0.109613057,0.215226769,0.239835176,-0.07767808,0.205605094,-0.155747296,0.160756581,0.17728922
5/1/05,0.106272959,-0.479171122,0.210979287,-0.373423964,-0.156790927,0.138043789,-0.100453894,-0.012176157,0.341344746,-0.069356507,-0.050851639,-0.374273414,0.23381573,0.292964283,0.010633384,0.429045182,0.19570228,0.111328115,0.18915263,0.219521076,0.347365308,0.273470876,-0.076465734,-0.120824069,0.249636403,-0.091380113,0.142656235,0.184395427
6/1/05,0.139998805,-0.375696114,0.267322945,-0.451946576,-0.238370395,0.146125422,-0.170039509,0.05492981,0.341344746,-0.28218177,-0.020762772,0.151529459,0.193628635,0.229921027,0.344144921,0.350724539,0.141941919,0.112067409,0.216895881,0.182646241,0.358729509,0.246631795,0.156350444,-0.014851048,0.230283316,-0.161784039,0.16769618,0.150001853
7/1/05,0.087256099,-0.311731637,0.301443295,-0.244865338,-0.113261414,0.075631289,-0.219785526,0.003936218,0.216145417,-0.31354841,-0.075297101,0.178816235,0.238225928,0.217560466,0.472765609,0.212731382,-0.033752036,0.008803542,0.220643829,0.170829773,0.007958293,0.202033529,0.229635064,-0.06261666,0.228141203,-0.23102089,0.212618017,0.079134544
8/1/05,0.081414017,-0.238127491,0.294626809,-0.166198794,-0.089178663,0.098486408,-0.188060756,0.1734217,0.229045765,-0.239620953,-0.137478326,-0.209752069,0.275213251,0.196367251,-0.014765889,0.156636139,0.0367846,0.023825771,0.289854034,0.189577202,0.438480801,0.184347076,0.117773376,-0.235296237,0.22330948,-0.183581191,0.28647332,0.066847577
9/1/05,-0.4780586,-0.113179445,0.243786614,-0.092897374,0.028799242,-0.323583449,-0.182339747,0.28083868,0.049738225,-0.20388183,0.054995336,-0.393275531,0.383692829,0.189228503,-0.151154317,0.040700449,0.350357861,-0.495550417,0.228725147,0.219805539,0.195244107,0.188468502,0.201768259,0.349857838,0.256633189,-0.177144257,0.404817398,0.126489963
10/1/05,0.499455358,-0.107443754,0.201001914,0.137740846,0.446538184,-0.041597451,-0.024338359,0.001170107,0,-0.185580368,0.07397865,-0.350093863,0.430310799,0.19090059,-0.300403193,0.15622048,0.380886936,-0.388620746,0.226325001,0.290691954,0.256643876,0.236445566,0.133379564,0.087721006,0.276610057,0.007025105,0.457317369,0.273747174
11/1/05,0.476845928,-0.049545191,0.195702386,0.195528523,0.482160972,0.390034149,0.141966185,0.200473434,-0.13055866,-0.169375344,0.0970598,-0.204816812,0.400674695,0.209777286,-0.210253967,0.297871731,0.074714254,-0.005793903,0.235615629,0.275560675,0.298233605,0.281440174,0.146518292,-6.08E-05,0.250019552,0.181676079,0.34802892,0.470112387
12/1/05,0.485318347,-0.109559235,0.159889519,0.157623433,0.431683097,0.405039714,0.1689731,-0.179154456,-0.247507462,-0.099185367,0.069705937,0.059406412,0.20489645,0.252022577,-0.062102811,0.419990647,-0.117078433,0.43255229,0.263341362,0.277839148,0.212193489,0.2868279,0.138623998,0.146296761,0.222265495,0.236847751,0.221377909,0.472776645
1/1/06,0.120050149,-0.469300114,0.168671917,0.03720242,0.147623909,0.367587783,0.269521564,0.447261894,-0.247507462,-0.024126188,-0.024337348,0.062030401,0.16745775,0.246724741,0.183360687,0.477431892,-0.226761387,0.426473684,0.233319864,0.30380451,0.057337246,0.302921486,0.238517026,0.170244366,0.213751061,0.32096126,0.188230511,0.441106884
2/1/06,0.193362075,-0.404533891,0.224914818,0.106531476,0.145044886,0.298697622,0.262731135,0.132473112,0,-0.153224195,-0.336288603,-0.040953422,0.046302074,0.255024449,-0.068931038,0.362725344,-0.200169205,0.16507365,0.204560004,0.26949207,0.324298968,0.259815211,0.161445534,-0.056059466,0.203425696,0.296058547,0.047472036,0.333555178
3/1/06,0.096618629,-0.424524504,0.282771862,0.236317629,0.164381268,0.207833737,0.198175291,-0.249115081,0.23449954,-0.043543855,-0.352699136,0.021620121,0.005654191,0.259256382,-0.070244448,0.284684694,-0.121440869,0.165010203,0.186726428,0.245720614,0.245250267,0.230277484,0.407929553,-0.25481317,0.157550235,0.217906739,0.028387366,0.25883666
4/1/06,0.052301732,-0.143632728,0.182111634,0.317442562,0.204728002,0.231420992,0.095958777,-0.406296024,0,0.2542385,-0.196715516,-0.040855392,0.077397195,0.220997605,0.006249183,0.106523868,0.138469735,0.22700694,0.230962031,0.157407866,0.020031711,0.126740373,0.468418055,0.207390274,0.042822229,0.110897543,0.138707399,0.197967136
5/1/06,-0.040970487,-0.123910227,0.142290456,0.359457563,0.241336266,0.139874228,0.022556568,-0.162911501,-0.129576765,0.418823134,-0.215671129,-0.227152466,0.189443336,0.205342659,-0.142802162,0.025489295,0.302092338,0.121736196,0.119929848,0.123044741,-0.039846497,0.089336841,0.227182589,-0.104006127,-0.08666435,0.040713022,0.16712364,0.198619506
6/1/06,-0.195985858,-0.158726471,0.055264024,0.374148686,0.36178147,0.14620103,0.063451042,-0.226070679,0.12880955,0.295557652,-0.112501862,-0.033904591,0.110567429,0.186381329,-0.028558548,0.001554309,0.001414831,0.272914047,0.047266114,0.067664401,-0.018122316,0.042714123,0.293851364,0.218431804,-0.212998824,0.076620356,0.129053184,0.161351209
7/1/06,-0.20916576,0.044460241,0.058762777,0.192886908,0.165269243,0.1292856,-0.19015024,-0.171369681,-0.216361435,0.303634659,-0.067392258,0.023238239,-0.137973119,0.174158496,0.461282872,-0.050007897,-0.063089213,0.201652228,0.017051393,-0.070498765,-0.260317721,-0.0693891,-0.034710196,0.190323735,-0.343524364,-0.134203197,-0.246604978,0.127138757
8/1/06,-0.249985683,0.066931701,-0.050652129,0.078221815,0.027692538,0.228990439,-0.040059735,-0.1310267,0.223705099,0.246452175,0.139979863,-0.035287481,-0.297765376,0.199069928,-0.165528257,-0.148332034,0.205021005,0.429143535,-0.06237192,-0.135391335,-0.265720229,-0.135854737,0.174211368,-0.093109911,-0.432732627,-0.054258136,-0.284804559,0.099697203
9/1/06,-0.387826442,-0.251411423,-0.000821871,-0.05888093,-0.102063085,0.005982235,-0.10146168,-0.066337022,-0.103627186,0.161275223,0.210329513,0.19583446,-0.420583673,0.110058289,0.125973202,-0.084077515,-0.127754312,-0.329348435,-0.068316374,-0.218032433,0.23069624,-0.2300582,0.162867498,-0.22248182,-0.383910719,-0.058235648,-0.379885081,-0.034065359
10/1/06,-0.402097178,-0.310327025,0.199051964,-0.062456284,-0.102523103,-0.211485294,-0.10146168,-0.130928992,0.423169429,0.065089634,0.174121555,0.457307896,-0.4766011,0.04290729,-0.020672829,-0.090463625,-0.106245736,-0.482660728,-0.074684444,-0.231482853,-0.110489507,-0.25330156,-0.078018554,-0.220013612,-0.31851404,-0.078367161,-0.410915137,-0.139899926
11/1/06,-0.439712604,-0.085756513,-0.132551425,-0.169649121,-0.179001918,-0.324505426,0.143688698,0.01129522,0.381011689,0.142366117,-0.007345692,0.432571944,-0.310479417,-0.101908316,-0.192818297,-0.113728251,-0.153854327,-0.496498269,0.160514646,-0.258160837,0.081000642,-0.290411445,-0.123007022,-0.143882122,-0.222804258,0.081545902,-0.244573959,-0.23277164
12/1/06,0.217231002,-0.027235028,-0.007533715,-0.162070927,-0.172466368,-0.077488541,0.006437289,0.103112423,0.38142229,0.328333071,0.161289887,0.424179233,-0.094251745,-0.207069864,0.304937373,-0.167869759,-0.184849429,-0.007217377,0.387973982,-0.174250865,0.140085394,-0.194413083,-0.145812917,-0.113193152,-0.131372049,-0.138810405,0.013554914,-0.271963611
1/1/07,-0.250107622,0.429489114,-0.010074483,-0.120509389,-0.123973244,-0.290538031,-0.067101671,0.030740056,0.161990356,0.359732055,-0.032700086,0.277625473,-0.255365527,-0.228198157,0.112286385,-0.127758899,-0.067716037,-0.409822728,0.263777034,-0.055919344,-0.07369405,-0.093055767,-0.048290443,0.183076505,-0.079854967,-0.100316297,-0.017911505,-0.277801522
2/1/07,-0.083770705,0.182899081,-0.010313564,-0.10268535,-0.116489515,0.044325522,0.319684612,0.236240047,0.089459302,0.24936064,-0.053528344,0.119089673,0.079652313,-0.275298854,0.31361543,0.067475175,-0.034531143,-0.026320101,0.107511783,0.044073064,-0.063479585,0.029953004,-0.082889249,-0.122948292,-0.043527337,0.371601133,0.223410824,-0.199406865
3/1/07,-0.068471328,0.03716967,-0.087850103,-0.116303598,-0.076086861,0.210916175,0.488213484,0.276099955,-0.04179213,0.156475589,0.25193692,-0.004300925,0.279442421,-0.202365349,-0.274585696,0.196425493,0,-0.028332331,0.125508746,0.18457396,0.145805389,0.175369956,0.079440344,0.06235149,0.051612321,0.477047103,0.311278225,-0.137527467
4/1/07,-0.055314577,0.167823815,0.402909259,0.010495249,0.016799777,0.324037577,0.3209394,0.334121845,-0.390512774,0.136087045,0.175608388,-0.054756674,0.402371356,-0.154122484,-0.1188197,0.305544773,0.327034965,0.148179632,0.108926376,0.349440114,0.09522052,0.341793233,-0.2197994,-0.032325865,0.181853103,0.389746881,0.39740274,-0.095239562
5/1/07,0.110505943,-0.114022999,0.390566445,0.0199331,-0.023036321,0.232488716,0.076327546,0.285468411,-0.223786195,0.021317913,-0.137225751,-0.016686038,0.45533898,-0.046478933,-0.057264446,0.320755654,0.327034965,0.091277839,-0.064432025,0.362507086,-0.051004091,0.349085152,-0.289409579,0.221705524,0.349883574,0.132598779,0.356794524,-0.066199036
6/1/07,0.144381697,0.348976204,-0.14164914,0.409053943,0.407462412,0.156478365,-0.204184986,0.255274029,-0.207934272,-0.134124278,-0.295010304,-0.174980598,0.321877134,-0.009798616,-0.309289739,0.143779579,0.266152344,0.062923301,-0.12761699,0.224539131,-0.062187173,0.201990869,-0.033343905,0.200679295,0.303312602,-0.102066066,0.257743258,-0.01946434
7/1/07,0.120304093,0.432612838,0.029342689,0.221166672,0.238508949,0.075859238,-0.256533142,0.13100071,-0.130079367,0.042728886,-0.003247619,0.03787929,0.216686693,0.178606605,-0.404888593,0.035078732,0.266152344,-0.019483292,-0.098793115,0.107630413,0.144153068,0.117236965,-0.447141817,-0.041400953,0.134404505,-0.228853643,0.139338867,-0.046375294
8/1/07,0.002048088,0.200783379,0.200856252,0.231290357,0.201685151,0.005317443,-0.399876812,0.049971159,-0.180762387,0.150455616,0.494143348,-0.345476852,0.055330056,0.440970006,-0.085832028,-0.156368873,0.114899142,0.083607659,-0.155541586,-0.053665112,0.105587664,-0.044834642,-0.42115314,0.352197874,0.219945655,-0.376926169,0.021366081,0.162688248
9/1/07,0.391012762,0.222820725,0.288422377,0.09681765,0.089562733,-0.007117076,-0.255212685,-0.135718785,-0.048707404,0.469568643,0.479297695,-0.281665727,-0.014531104,0.499118346,0.012789465,-0.179754327,-0.029925564,0.424227463,-0.288560367,-0.071038698,-0.290283694,-0.034131392,-0.217602415,0.340390013,0.107990887,-0.271405452,-0.010515937,0.424216175
10/1/07,0.484448668,0.213108162,0.305238974,0.01993724,-0.011417512,-0.213614745,-0.244268376,0.015430797,-0.071257762,0.451273424,0.440778488,-0.281814101,-0.048352236,0.499815585,0.004578341,-0.265277569,-0.0502509,-0.151075819,-0.185627648,-0.168789311,-0.187860867,-0.134201639,-0.165870532,0.17047948,-0.050207387,-0.195118477,-0.022534522,0.435706947
11/1/07,-0.363190963,0.124404387,0.194296456,-0.270930693,-0.165153131,-0.177231141,-0.210593778,-0.038663676,0.015209629,0.495054262,0.197346994,-0.284052273,0.021303578,0.413509766,0.016112019,-0.314617117,0.149789617,0.4191601,0.091988129,-0.204575981,-0.151428252,-0.154575968,-0.06166665,0.199239939,-0.472093032,-0.224168075,0.049240324,0.461908882
12/1/07,0.495260693,0.281532803,0.011006514,-0.186754348,0.125174656,-0.243418779,-0.003782472,-0.457391555,0.036634199,0.236906102,0.147739549,-0.231547781,-0.040139452,0.214811009,-0.157238417,-0.239125899,0.060619857,0.316608518,0.261206632,-0.18707223,0.26276457,-0.095772275,-0.26599684,0.197593467,-0.499580689,0.029524313,-0.01541878,0.328015721
1/1/08,-0.26925724,0.279672305,-0.168966563,-0.204044098,-0.022824779,-0.267490374,0.10852076,-0.353830991,0.267953314,0.17203466,0.083808821,-0.066655238,-0.013090107,0.121823912,-0.216667625,-0.135456326,-0.011510284,0.11548474,0.381759776,-0.164762659,0.113412606,-0.148861521,-0.090316513,0.206117891,-0.499545495,0.120278767,-0.011218329,0.340269933
2/1/08,-0.188583956,0.311861744,-0.428205511,-0.058694361,0.316645913,-0.288721266,0.26203294,-0.180270087,0.036634199,0.046902315,-0.000327741,-0.206469635,-0.025232662,-0.013901039,-0.231320395,-0.07399171,0.234197358,-0.113437785,0.383932804,-0.107648318,-0.03876102,-0.105085297,-0.499959118,0.018743759,-0.372680683,0.244864389,-0.113665177,0.256499176
3/1/08,0.003334926,0.264538777,-0.27618402,-0.063500005,0.296550659,-0.353714165,0.23150775,-0.237132433,0.31226638,0.110253213,0.000565895,-0.172861856,0.066967977,-0.094767942,-0.165451564,-0.019650881,0.432766623,-0.126457685,0.305487636,-0.03720626,-0.072218851,-0.058291397,-0.489446599,0.008104231,-0.177376746,0.190201894,-0.118670956,0.080166118
4/1/08,-0.010578903,0.204592121,-0.07799802,-0.008021141,0.235636652,-0.344579243,-0.028600577,-0.093402231,-0.21154826,0.043049664,-0.398360314,-0.210102582,0.138610288,-0.160103829,-0.18517427,-0.277828734,0.432100259,-0.267208284,0.062554412,0.056448379,-0.149419963,-0.096159021,-0.433688131,-0.170275275,-0.085799123,-0.020392083,-0.332642308,0.020424412
5/1/08,-0.049323901,0.203345905,-0.073032901,0.071124184,0.214769991,-0.355637763,0.419758128,0.01831866,0.497221511,-0.310876617,-0.499999932,-0.132293595,0.142437418,-0.216230317,-0.085808765,0.499999924,0.385889735,-0.273005044,-0.098325946,0.49999574,-0.117811901,0.5,-0.202014488,-0.256079277,-0.001103355,0.365445531,-0.257727099,-0.090746373
6/1/08,-0.105554574,0.049838404,0.06322525,0.246576416,0.188029218,-0.351358597,0.286038392,0.307887747,0.249140335,-0.383827855,-0.5,-0.051788438,0.332384038,-0.267932126,-0.080940668,0.499999815,0.202315048,-0.246753499,-0.099120822,0.499393748,-0.192269218,0.5,-0.151114564,-0.302264236,-0.008079741,0.265936525,0.003618476,-0.149466486
7/1/08,-0.099905047,0.020922973,-0.02035923,0.166057032,0.091581751,-0.285711886,0.142511761,0.193194358,0.203002615,-0.287218616,-0.499962691,0.068430801,0.373817617,-0.277042288,-0.103550283,0.335257089,0.16154322,-0.150049952,-0.129218101,0.451725224,-0.487241334,0.496130971,-0.070622825,-0.149097106,0.022526348,0.104701175,0.145004538,-0.166040497
8/1/08,0.180509551,0.260729382,-0.131494756,0.121707735,-0.039601645,-0.255123417,-0.049752274,0.134816898,0.175682477,-0.477120317,-0.381353221,0.326462434,0.12833696,-0.216307126,0.071662252,-0.433157228,0.004394649,-0.144023732,-0.215300839,0.046116712,-0.490758471,0.091310105,0.045936493,-0.210521093,-0.048101902,-0.063802779,-0.012576999,-0.178313601
9/1/08,-0.047360168,0.352734658,-0.441731838,0.114425085,-0.031847768,-0.257041608,0.111459346,0.17089256,-0.074556828,-0.496885569,-0.206934452,0.470051479,-0.295159577,-0.183303806,0.024312771,-0.159251472,-0.162489236,-0.087885337,-0.171882314,0.011682784,-0.441535184,0.09246283,0.029629266,0.220975039,-0.086997122,0.102633654,-0.175052787,-0.245895969
10/1/08,-0.143239396,0.137433931,-0.499471004,0.485844659,0.422670278,-0.208534617,0.150798899,0.144947871,-0.085055142,-0.499209958,-0.045847244,0.152663849,-0.478248988,-0.111419292,-0.19861634,0.274367802,-0.191195263,-0.044020706,-0.120178759,-0.118472344,-0.253036106,-0.070108338,0.194743659,0.183872261,0.058170256,0.155154296,-0.396002706,-0.364600604
11/1/08,-0.061924554,0.005128667,-0.499878412,0.442922816,0.40428541,-0.144790043,0.14069298,-0.097970521,-0.410822034,-0.437498921,0.031796488,0.165677866,-0.498366353,-0.118941018,-0.122046397,0.316038109,-0.272622742,-0.037526574,-0.079907837,-0.266382439,-0.199898376,-0.231039137,0.280285132,0.116585599,-0.02643211,0.137896513,-0.493424578,-0.478194493
12/1/08,-0.23125048,-0.005366215,-0.494790282,-0.484315105,0.326705078,-0.125600896,0.116958248,-0.245307765,-0.317544295,-0.267783799,0.044677355,0.25542388,-0.48996897,-0.099516906,-0.038757293,0.093702274,-0.349140324,-0.089126288,0.116788092,-0.406675759,-0.135270406,-0.336726799,0.368093404,0.13451195,-0.281557582,0.074523099,-0.498834975,-0.497376033
1/1/09,-0.00885716,-0.021202712,-0.359138345,-0.484315105,0.11353375,-0.089952702,-0.036733581,-0.305648079,-0.337323513,-0.182018572,0.015555104,0.216198468,-0.331419913,-0.145896796,0.0908014,0.068007934,-0.278841187,-0.047379826,0.257308823,-0.444420024,-0.050415745,-0.308822358,0.274139235,0.153069066,-0.336791613,-0.055746861,-0.356608747,-0.474552112
2/1/09,-0.155002198,-0.02348971,-0.227167713,-0.45409848,0.037731472,0.031451581,-0.205802224,-0.079880489,-0.134318373,-0.130023204,-0.033822017,0.066705526,-0.218885545,-0.307685119,0.2841502,-0.166109705,-0.169965162,0.191621501,0.279292713,-0.378634051,-0.03152133,-0.269586074,0.223749702,0.026221162,-0.351871809,-0.22685609,-0.222995297,-0.39633577
3/1/09,-0.012681863,0.044418427,-0.165476257,-0.105908432,-0.06249986,0.154871411,-0.183503626,-0.265033959,-0.205155636,-0.062266414,-0.035118148,0.132895113,-0.134134653,-0.464440337,0.37495552,-0.172940203,-0.099149635,0.411571302,0.189744292,-0.270622181,0.021161773,-0.215280037,0.173591873,-0.071774138,-0.319764627,-0.207048469,-0.171428967,-0.287781886
4/1/09,0.041089922,-0.100409941,-0.102329032,-0.128605223,-0.233072726,0.195427997,-0.061713995,-0.128348304,-0.056307013,-0.007309431,-0.167262352,0.340391438,-0.064041035,-0.46889439,0.363351484,0.009108073,-0.03413433,0.431702283,0.128272906,-0.18336205,0.29164553,-0.065809536,0.172887573,-0.18536625,-0.343665359,-0.072419881,-0.081660784,-0.216390791
5/1/09,0.11483011,-0.229053112,-0.045964495,-0.000326433,-0.215894646,0.214657915,0.018722817,0.122067993,0,0.091909089,-0.219784945,0.364190562,-0.01798228,-0.457445625,0.371949722,0.148848663,0.006334323,0.450290076,0.14275808,-0.044487471,0.404932786,0.191870113,0.170929055,-0.168142232,-0.185320409,0.012394107,-0.034549737,-0.167831927
6/1/09,0.168466539,-0.409315184,0.039462339,0.062211518,-0.251520355,0.281392226,-0.16738939,0.243344802,0,0.24627989,-0.298434935,0.429100334,0.049784712,-0.445120291,0.311496954,-0.059053012,0.040748803,0.327440742,0.05336233,-0.072942755,0.446473093,0.028206464,0.138491712,-0.212189164,0.068337067,-0.163872293,0.079467132,-0.133739494
7/1/09,0.30827626,-0.496226733,0.148251948,-0.036848839,-0.272748643,0.285818979,-0.248458365,0.2653634,-0.227227968,0.263232113,-0.329853152,0.214641621,0.0719563,-0.418913358,0.28177964,-0.139051111,0.033643279,0.304985897,-0.079861159,-0.083219996,0.382874931,-0.075407984,0.166935154,-0.249184152,0.203499802,-0.251544853,0.007291671,-0.082331324
8/1/09,0.142580456,-0.470502518,0.343661571,-0.071780819,-0.272848109,0.241021195,-0.26518369,0.277373818,-0.129964458,0.34125844,-0.307119945,0.156587811,0.191940163,-0.365089375,0.312904737,-0.199391095,0.020427867,0.260142595,-0.233190998,-0.011411873,0.293856929,-0.098618577,0.246450647,-0.116622695,0.166133962,-0.268595982,0.220235139,-0.031358958
9/1/09,0.280115152,-0.320188722,0.206391099,-0.104905299,-0.233162377,0.18748035,-0.195434461,0.235196893,-0.2349214,0.277644293,-0.206014093,0.256128673,0.191940163,-0.285443211,0.097775496,-0.09830794,-0.062008355,0.198193471,-0.273590919,0.063401864,0.22663318,0.035691026,0.320657969,-0.092464067,0.187599834,-0.191727279,0.163503081,0.045420533
10/1/09,0.231723173,-0.227591042,0.306361725,-0.061498817,-0.168946477,0.203026133,-0.184655216,0.18301104,-0.225070185,0.278997686,-0.144510622,0.12249691,0.311555593,-0.229960736,0.154988391,-0.120760313,0.146575216,0.206745868,-0.316877652,0.146063968,0.161782032,-0.06617566,0.286663705,-0.080029109,0.235398153,-0.171218533,0.245329214,0.199210148
11/1/09,0.250572353,-0.191862296,0.234461182,0.025015917,-0.12832397,0.225428431,-0.128096111,0.182051781,-0.145832286,0.187978929,-0.091959074,0.040375455,0.302334264,-0.175212422,0.18105192,-0.04725301,0.099821141,0.226057972,-0.235487522,0.321834238,0.146628561,0.235050494,0.241801356,-0.230557093,0.217234458,-0.127795995,0.302532238,0.303508115
12/1/09,-0.063367919,-0.164559653,0.188125138,0.059918356,-0.098140184,0.182017376,-0.114052051,0.143011194,-0.194605918,0.107921425,-0.07976214,0.276048549,0.266291771,-0.080703148,0.206139228,0.126333931,0.085732517,0.182386432,-0.051629115,0.386820572,0.145754394,0.382575381,0.259830117,-0.301515941,0.13299923,-0.080837476,0.267645998,0.353171687
1/1/10,-0.000930436,-0.179762612,0.153041319,0.096141053,-0.061456518,0.164211052,0.003555605,0.20314877,-0.010422078,0.044696669,-0.078455229,0.210007591,0.310130024,-0.006582075,0.127041073,0.069997828,0.247644985,0.16442887,-0.044031581,0.339735042,0.219080309,0.395171715,0.369610725,0.039070362,0.054436379,0.036188996,0.293439594,0.327161104
2/1/10,0.062501864,-0.219082781,0.176938719,0.218609951,0.016645175,0.162857778,-0.128018259,0.197373193,0.055530705,-0.168134692,-0.046550311,0.04754248,0.311060943,0.047447444,0.001044132,0.028565842,0.115666643,0.1696488,-0.045311645,0.293750723,0.221661628,0.219647478,0.238184519,-0.206794125,0.102746975,-0.101461617,0.17566156,0.242308363
3/1/10,0.185530467,-0.22474903,0.202103375,0.081759173,0.034390411,0.21745592,-0.252506143,0.337329648,0.148441545,-0.170186596,-0.089516215,0.023898888,0.376194757,0.145256262,0.323079235,0.223683624,0.00825173,0.231197492,-0.02336556,0.268525238,0.27810335,0.209494309,0.224068095,-0.109888872,0.15642907,-0.212940829,0.269851312,0.186258625
4/1/10,0.288850026,-0.190007646,0.266764243,0.147159256,0.086308718,0.246564102,0.296844529,0.427069682,0.281805075,-0.17408243,-0.302659137,-0.106784298,0.282389972,0.222913486,0.306516458,0.379095181,0.377671442,0.251846573,-0.242371553,0.281911153,0.223873132,0.274515972,0.407119948,-0.075493654,0.123832648,0.383659107,0.209129882,0.15960142
5/1/10,0.422825514,-0.183745423,0.31525788,-0.141983968,0.004491495,0.302383103,0.464124363,-0.011092343,0.195134473,-0.332296649,-0.093186132,-0.115083943,0.233782722,0.275725926,0.284962713,0.449251056,0.488481247,0.289640637,-0.414713245,0.307984532,0.217847118,0.204072233,0.305184966,0.217914607,0.129226208,0.496286863,0.106062793,0.145978037
6/1/10,0.128380423,-0.213959089,0.214869335,-0.158146224,0.297697276,0.263933839,0.46111161,-0.411754414,0.076148247,-0.359118677,0.388035742,-0.041913506,0.149640053,0.279603949,0.175545385,0.327078238,0.129551279,0.248134253,-0.388517786,0.249495768,0.163270637,0.121106872,0.155483627,-0.008659638,0.299341344,0.465868668,0.056758194,0.17396521
7/1/10,0.245700102,-0.238957962,0.189548624,-0.220512814,0.337019973,0.250003549,0.258468957,-0.329112894,0.132440085,-0.175974699,0.444419616,-0.38934784,0.122131303,0.209874452,0.181423259,0.253058069,-0.149828572,0.239965571,-0.305141213,0.232826825,0.109503944,0.107234908,0.278917014,0.487592866,0.02275096,0.29196681,0.056750667,0.236614524
8/1/10,0.157732206,-0.183546057,0.130181802,-0.286358814,0.188677678,0.191369042,0.146486423,0.194493124,0.137515159,-0.06442845,0.431155607,-0.414423094,0.065197791,0.181651191,0.094485361,0.177238568,-0.049289453,0.191219442,-0.068133708,0.211422934,0.106492337,0.106411155,0.186457302,0.196442324,0.100745954,0.152797489,0.037486328,0.307104802
9/1/10,0.268475337,-0.154892817,0.041737778,-0.253772686,0.037494239,0.161303397,0.050929338,0.075376163,0.152643601,-0.009479002,0.260644595,-0.414830896,-0.021221369,0.164583839,-0.037314661,0.00849438,-0.5,0.1485616,-0.06683986,0.114075832,0.198043461,-0.092081976,0.101975481,0.440814162,0.369326845,0.057417892,-0.047553846,0.351422203
10/1/10,0.209604417,-0.218548554,0.070502671,-0.127117446,-0.111248665,0.051592665,-0.017414108,-0.42673999,0.05886485,0.329939042,0.283792082,-0.237389946,0.040407319,0.128773431,0.000695031,-0.043439494,-0.162307142,0.05443552,0.063557543,-0.001469381,0.024676171,-0.178365239,0.181727701,0.316229878,0.385501252,-0.032192649,0.262979878,0.337068998
11/1/10,0.284842328,0.288022398,0.23214217,0.049459452,-0.208769898,-0.084683872,-0.077584645,-0.210396337,0.17045949,0.220309522,0.261021532,-0.043461269,-0.084735936,0.127395001,-0.155781309,-0.055195503,0.499998272,-0.077281745,0.204756922,-0.057742793,-0.076761423,-0.204191238,0.100473868,0.234468501,0.402443917,-0.089693283,0.424333476,0.289861781
12/1/10,-0.161375219,-0.362214393,0.40362914,0.112439494,0.059332088,-0.083285433,-0.005686696,-0.178274246,-0.037224099,-0.011178176,-0.158516141,0.062462703,-0.01943019,0.161267061,-0.028068525,-0.010385089,0.431599899,-0.093898982,0.284105385,-0.064899615,-0.407884159,-0.139394653,-0.054532047,0.097438705,0.272019575,-0.022414997,0.497298947,0.254839201
1/1/11,0.254403974,-0.466923864,0.332392247,0.149136632,-0.054193576,-0.167098102,0.120952396,0.21181478,-0.24703384,0.07982371,-0.299021252,0.035460093,0.382315417,0.210765543,0.201050652,-0.041743286,0.400148599,-0.176066248,0.316105234,0.048027146,-0.257239423,-0.10734805,-0.110493435,-0.102339859,-0.19074096,0.061571862,0.499311449,0.20005754
2/1/11,0.259396155,-0.484297716,0.143396523,0.225751616,0.158317671,-0.24616425,0.159415967,-0.15097521,-0.377445469,0.194155465,-0.376426473,0.158579258,0.499943064,0.253617857,0.334871342,-0.045875596,0.308749991,-0.247511249,0.370658812,-0.067427212,-0.447328591,-0.119938613,-0.105357118,-0.08800277,-0.316810066,0.107243848,0.499075397,0.121181436
3/1/11,-0.070610909,-0.328538934,0.280166808,0.193191048,-0.229375244,-0.220357703,-0.195394662,0.186176626,-0.191533713,0.228134524,-0.309990598,-0.281362076,0.499998338,0.295165325,0.299974814,-0.113456427,0.229901248,-0.245474393,0.322239726,-0.11093103,-0.135354246,-0.0558659,-0.056203094,0.089078393,-0.309964798,-0.171895574,0.461201154,0.065683029
4/1/11,-0.063108065,-0.155462055,0.088517593,0.164569334,-0.119722877,-0.231088237,-0.227867414,0.02592724,-0.090988094,0.328470369,-0.20626481,-0.132345382,0.499983693,0.32931587,0.212037913,-0.168680648,0.180448198,-0.228833807,0.226042352,-0.09531359,-0.119409895,-0.08506723,-0.068113944,-0.103366692,-0.36805294,-0.210877396,0.347676248,-0.000268298
5/1/11,-0.381905878,-0.098056065,-0.023950848,0.02428462,-0.456442815,-0.127350872,-0.188213724,0.037913509,-0.016628337,0.23874155,-0.075573263,0.134935317,0.418050224,0.409099858,-0.338400815,-0.435265611,0.085998846,-0.13814856,0.093560258,-0.116796916,0.141599092,-0.227033245,-0.16640399,-0.280476068,-0.183095771,-0.194647981,0.191890635,-0.030887587
6/1/11,0.007197436,0.052965265,-0.020997877,0.028282559,-0.422377405,-0.104405655,-0.048205332,0.175315304,-0.006906097,0.191481654,0.11910044,-0.066411308,0.237310778,0.380336182,-0.354009197,-0.318954584,-0.031926979,-0.163398453,0.079112753,-0.251561456,-0.077323806,-0.271208233,0.156154505,-0.058425866,0.184571275,-0.089657365,0.076444267,-0.127226162
7/1/11,-0.06593197,0.081027084,-0.051967548,0.033227662,-0.161340599,-0.018871927,-0.025841354,0.203902986,-0.001668123,0.118762998,0.133606221,-0.330016259,0.087928515,0.389841861,0.024440212,-0.139547157,-0.178734655,-0.128045426,0.064582681,-0.340778862,0.224418686,-0.2233733,0.378151314,0.130297024,0.145840352,0.020187191,-0.003659781,-0.190493758
8/1/11,-0.107082723,0.128909657,-0.235670053,-0.449609066,-0.42216413,0.389152867,0.097496898,0.070168166,0.004294607,0.110070399,0.283047191,-0.390938953,-0.052006297,0.338378582,-0.062895783,-0.055644986,-0.178734655,0.048919487,0.027528139,-0.283374382,0.351923328,-0.085238517,-0.015316966,0.2253012,0.265015004,0.123500523,-0.111985415,-0.254927707
9/1/11,-0.1105813,0.092404799,-0.404629237,-0.485793694,-0.28773194,0.436873826,-0.434010065,0.198918572,0.242618901,-0.114799257,0.348819629,-0.267184212,-0.123442921,0.29044846,0.25260819,-0.039631194,-0.229756409,0.104294102,-0.166038768,-0.187217753,0.034897042,-0.100544572,0.496131655,0.072095594,0.254645653,-0.213729426,-0.133107557,-0.309524921
10/1/11,-0.286022787,-0.01020329,-0.435648863,-0.477983101,-0.213547895,0.46018658,-0.386032545,0.037683492,0.237289165,-0.118847145,0.320960397,-0.140873356,-0.194674624,0.236657709,0.241826214,-0.061310415,-0.21064834,0.253380885,-0.292833382,-0.207623744,0.052367621,-0.159280298,0.464377121,-0.124278446,0.216962141,-0.231587974,-0.182252251,-0.236991086
11/1/11,0.037887229,-0.025623897,-0.389869536,-0.256731007,-0.216423674,0.317929414,-0.270542244,0.265370518,0.354676773,-0.201337578,0.139909021,-0.048843598,-0.216254396,0.157946532,0.127228728,-0.233013186,-0.219913942,0.143621278,-0.291550765,-0.226414425,0.230488879,-0.239239007,0.250151017,-0.031474445,0.15867053,-0.123117092,-0.194401732,-0.233462275
12/1/11,0.134338513,-0.104580158,-0.315796708,-0.146294977,-0.039597746,0.241977174,0.470051829,0.233982317,0.224485404,-0.328721724,0.097087275,0.152657307,-0.262592086,0.126949397,-0.014665921,0.206174582,-0.146334885,0.225974013,-0.239461753,-0.229518853,0.370871975,-0.253499861,0.221821294,0.060644161,0.147228234,0.460961748,-0.196464934,-0.159037172
1/1/12,-0.455411105,-0.259790438,-0.173675158,-0.079462588,0.055573352,0.112765135,0.469488236,0.289261196,-0.021993831,-0.376027628,0.025655211,0.243496612,-0.206357444,0.073968827,0.075022417,0.3741673,-0.056997379,0.218066885,-0.212551547,-0.198050433,0.279200127,-0.074680946,0.084891233,-0.03096051,0.1646926,0.474600832,-0.133753339,-0.112663731
2/1/12,-0.068155441,-0.232808318,-0.015012783,0.048158907,0.214896528,0.027964483,0.4426571,0.114074765,-0.085750391,-0.21424395,-0.077041885,0.186713567,-0.145800433,-0.002977889,0.191271741,0.467337642,-0.08067374,0.09219556,-0.148119527,-0.046746092,0.185957682,0.293467993,-0.160452347,-0.210316286,0.163603005,0.419222319,-0.128979585,-0.053896213
3/1/12,0.005454896,-0.232402637,-0.020113764,0.148477429,0.293578165,-0.047870116,0.204751458,0.062364834,-0.188168164,-0.122436149,-0.160210363,0.155388753,-0.088647811,-0.055903821,0.06424952,0.483982365,0.276451915,-0.079926594,-0.086293091,0.154480276,-0.068504333,0.480587307,0.015189764,-0.247806525,0.161180408,0.254464089,-0.121847314,-0.000897916
4/1/12,0.033398162,-0.144693758,0.07779157,0.198442535,0.198774184,-0.007087784,0.155030123,0.07744929,-0.285434565,-0.116878136,-0.134085448,0.131731585,-0.077961544,-0.120242874,-0.029130512,0.445367087,-0.152054841,0.153967412,-0.0719681,0.410051907,-0.105442055,0.497181048,-0.128781621,-0.218665131,0.298718545,0.206898214,-0.120006328,-0.023756033
5/1/12,0.145525777,-0.036655242,0.058416878,0.172476025,0.116122995,-0.035262031,0.04418153,-0.129396983,-0.280110603,-0.203133463,-0.075664734,0.129019801,-0.105435287,-0.169069979,-0.184339685,0.321936108,-0.256962747,0.037603393,-0.294183403,0.429355462,-0.158803474,0.443544373,-0.244045491,-0.061316656,0.233163331,0.09956074,-0.142848592,-0.016050035
6/1/12,-0.312394784,0.05691984,-0.014718935,0.165201747,0.161751113,-0.264447087,-0.023060148,-0.063839306,-0.054834427,-0.229662772,-0.017837994,-0.01967439,-0.26045796,-0.189765974,-0.293484012,0.109483858,-0.232456421,-0.286321156,-0.393313775,0.196533209,-0.132039628,0.123849854,-0.25252016,0.143259993,0.155992603,-0.009192608,-0.22287567,0.393804901
7/1/12,-0.139899464,0.105279535,-0.205385735,0.132765631,0.094034241,-0.292475725,-0.124764904,-0.129717754,0.017329673,-0.286701066,-0.067553679,-0.060627201,-0.31282738,-0.211426211,-0.392614679,-0.042788185,-0.344754605,-0.334307433,-0.336252872,-0.003322753,0.051364172,-0.060818205,-0.370838172,0.083702818,0.058791342,-0.129437508,-0.19616546,0.499869939
8/1/12,-0.073672033,0.105279535,-0.236397872,0.118676041,0.093644007,-0.329157389,-0.255208115,-0.082223767,-0.157611127,-0.223107137,-0.15891331,-0.073353035,0.084895835,-0.150717787,-0.351091055,-0.101928771,0.272687258,-0.428904366,-0.122958212,-0.047131229,-0.441703196,-0.096957282,-0.250743934,-0.071525722,0.025828093,-0.238404614,0.410064641,0.499999882
9/1/12,-0.105206284,0.098849026,0.01664249,0.086693177,0.074024133,-0.313271914,-0.241055273,0.132421939,-0.019946499,0.033712238,-0.262674489,0.046872299,0.379301714,-0.155015314,-0.112275333,-0.073762372,-0.006683285,-0.424028542,-0.025077863,0.021186865,-0.184190793,-0.03548838,-0.145859251,0.071794488,0.022997567,-0.214825117,0.496747738,0.49296924
10/1/12,0.020917263,0.14322717,0.216099021,0.122391296,-0.243139481,-0.275399201,-0.202754509,0.192181947,0.257423403,0.125833348,-0.438382333,0.110397079,0.145585337,-0.166413528,-0.11211494,-0.061435811,-0.096155651,-0.355831685,0.181165987,0.122642274,-0.15282042,0.031781841,-0.155583027,-0.00625088,-0.007473078,-0.180642893,0.495343137,0.279051052
11/1/12,-0.189256077,0.1306187,0.247475954,0.110870783,-0.475889774,-0.117950234,-0.071649255,-0.094217861,0.17089276,0.128537534,-0.416279987,0.105863426,-0.427337941,-0.163682785,0.037067153,-0.028387456,-0.078232537,-0.080234195,0.413955865,0.167916608,-0.185794448,0.019781132,-0.084184322,0.149168396,-0.114550712,-0.086338636,0.226656129,0.157586214
12/1/12,0.428121657,0.223076697,-0.102201767,0.183433546,-0.44980578,-0.06354398,0.105005992,0.33056299,0.33192542,0.164861592,-0.313176122,-0.24616158,-0.267618184,-0.183978224,-0.088219944,0.062909017,0.027722024,-0.014914418,0.487771617,0.212782335,0.167479952,0.108908186,0.062907978,0.148299729,-0.152828303,0.094946616,0.161674914,0.023770406
1/1/13,0.157301094,0.312173067,0.158896349,0.289191151,-0.218933995,-0.067652007,-0.365380717,0.169916567,0.235193113,0.213817156,-0.229115515,-0.175179749,-0.024314609,-0.217973322,0.197093609,-0.298699619,0.25473946,-0.208621162,0.338662559,-0.313300848,-0.18374269,-0.405523935,-0.025459687,-0.134645711,-0.315902047,-0.353720302,0.190889694,-0.018347094
2/1/13,0.01313589,0.14764846,0.148394806,0.391967614,0.036572883,0.132910788,-0.370900317,0.312359994,-0.044737861,0.218981899,-0.157804277,0.021049164,0.231958781,-0.25118112,0.215854231,-0.345013722,0.284431753,0.066723082,0.126956413,-0.304463331,0.264868435,-0.391660764,0.127325243,-0.32998378,-0.262377034,-0.329759128,0.082509519,-0.09362694
3/1/13,0.105027405,-0.187517336,-0.166376147,0.403046279,0.079233131,0.333622149,-0.343837893,0.155061432,-0.096349325,0.017664771,-0.073297079,0.042224779,0.183329099,-0.255163174,0.071681836,-0.343685313,0.026982934,0.170882279,0.130936334,-0.286885945,-0.302070119,-0.364110455,0.318191671,-0.288324333,-0.449734414,-0.34762592,-0.029897388,-0.197570363
4/1/13,0.065362767,-0.181181274,-0.100589972,0.052261972,-0.202468082,0.33629707,-0.16571826,-0.239572575,-0.140741692,0.028580067,-0.061893765,-0.023377451,0.071563893,-0.226547445,0.275168459,-0.214322985,-0.09555294,0.001737024,-0.009429654,-0.119948969,0.020051033,-0.169056189,0.229240198,-0.258080856,-0.24735176,-0.177853043,-0.229089582,-0.185485131
5/1/13,-0.112848186,-0.264421999,0.241816136,0.374116013,0.117279527,0.349377223,-0.130998238,-0.095778001,-0.078863133,0.051807303,-0.095126173,0.36091088,0.096260764,-0.214220705,0.080603761,-0.135281928,-0.09555294,-0.012555591,-0.181982503,0.002407394,0.230932958,-0.049965636,0.392294221,-0.153948923,-0.101220962,-0.138535753,-0.158502999,-0.263351835
6/1/13,0.117329355,-0.21378927,0.247155916,0.455946894,0.456127575,0.23830996,-0.060181366,-0.276447927,-0.010203888,0.43987034,0.006438297,0.232314145,0.124020232,-0.188816873,0.095136035,-0.060375349,-0.253878828,0.019186564,-0.206179333,0.132385061,0.347600302,0.058581216,0.21925379,-0.083222362,0.032710909,-0.062920102,-0.197186134,-0.257731431
7/1/13,0.110013912,-0.210775935,-0.031649636,0.42072334,0.478018755,0.090966765,-0.007531216,-0.265555684,0.010625844,0.206083972,-0.246425891,0.246166999,0.022166758,-0.11783305,-0.190770835,-0.007125936,-0.093859753,-0.391986247,-0.206900457,0.012244439,-0.109413432,0.034345183,-0.240676106,-0.073145016,0.378890782,-0.009933352,-0.185407549,-0.300302366
8/1/13,0.201447263,-0.125684526,-0.083959217,0.423665867,0.475493537,0.081726427,0.007833674,-0.147558466,0.010625844,0.355408307,-0.074317806,0.026169015,-0.060802737,-0.171808304,-0.307602561,0.0194857,-0.222928184,-0.013991858,-0.200673824,-0.014085144,-0.02704938,0.049837778,0.060000767,0.035130359,0.48299054,0.00156421,-0.082612522,-0.209270345
9/1/13,-0.126922281,0.08197026,-0.098830691,0.242607441,0.236118034,0.062593526,0.053314053,-0.167894746,-0.068169086,0.337258979,0.076920856,-0.130065453,-0.146958735,-0.147048912,-0.364212047,0.247024468,0.489793379,0.46129273,-0.169466438,0.068957168,0.172410018,0.05986172,0.112175351,0.244829142,0.496274331,0.045449372,-0.139993677,-0.061628389
10/1/13,0.185815352,0.160893503,0.059338147,0.181736222,0.155699476,-0.090832638,-0.073309345,-0.05839987,-0.471046411,0.336265301,0.143582618,-0.181967264,-0.342378575,-0.029689764,-0.377271089,0.033789583,-0.128186847,0.124147422,-0.113085586,0.061889891,-0.017690927,0.032698609,0.171558276,0.351650015,0.37524619,-0.106217146,-0.076022079,0.14438046
11/1/13,0.07978776,-0.034423456,0.29200714,0.099223118,0.112693721,-0.113212306,0.105598146,0.189582162,-0.202695547,0.167084934,0.05349483,-0.13657995,-0.45469416,0.041615482,-0.220122715,0.228933115,-0.09937581,0.321636911,-0.029299405,0.096581925,0.181917877,0.058457802,-0.162179499,0.02211608,0.220459578,0.108849906,0.050285469,0.287738954
12/1/13,0.190993964,-0.222076393,0.241956851,-0.0492681,0.020968551,-0.148343756,0.371883115,0.14103085,0.081524526,0.162985423,-0.39139401,0.013384377,-0.380257375,0.215043424,-0.233375647,0.346421038,0.025516106,0.296351081,0.104477614,0.099171724,-0.005115035,0.048303725,-0.181286754,0.202498623,0.115015374,0.340959053,0.418605982,0.395252197
1/1/14,-0.226115234,-0.238643277,0.191444793,-0.103291252,-0.064586936,-0.450164626,0.473050481,-0.149230733,0.168588971,0.063847846,-0.498093303,-0.031075713,-0.033463696,0.403772359,-0.272898681,0.462781191,0.312866603,-0.026392737,0.153694199,0.140162256,-0.122455169,0.202629554,-0.238551706,0.054996882,-0.006646006,0.482363209,0.490549238,0.407441668
2/1/14,0.075575763,0.054231518,0.262885301,-0.203202972,-0.240617964,-0.065426691,0.499459071,0.016957576,0.004450469,0.055184689,-0.484617021,-0.010489423,0.122309745,0.499919182,-0.019938192,0.47377124,0.453522433,0.359594874,0.339041021,0.184012555,-0.006142558,0.470414754,0.161441769,0.140224036,-0.05973625,0.499990303,0.496082404,0.305756313
3/1/14,0.131506434,0.128042435,0.250409422,-0.223580393,-0.265153603,0.356713989,0.372015222,0.054570413,0.462039911,0.11347084,-0.42439437,-0.05420115,0.216385064,0.499809163,0.456046603,0.44358248,0.273802599,0.396035516,0.44506478,0.222315883,-0.035012738,0.405115124,0.060403177,0.245696875,-0.134407034,0.425856292,0.3576516,0.198964805
4/1/14,0.053020199,-0.488749626,0.270179461,-0.292385336,-0.389489082,0.324069678,0.2635067,0.44653994,0.107951774,-0.100460268,-0.255162478,0.084626053,0.26431867,0.486697983,0.444834009,0.271503189,0.201153078,0.258946698,0.387586808,0.31963433,0.056803323,0.288979487,0.243593538,0.157779182,-0.171005225,0.290812083,0.227118304,0.148814173
5/1/14,-0.109320954,0.08387842,0.126805583,-0.266412473,-0.361836491,0.471855669,0.261257062,0.129498534,0.345343766,-0.25961767,-0.157069554,-0.056775722,0.227749964,0.306768716,0.477395573,0.174811694,0.272531087,0.214336018,0.155376298,0.269102023,-0.128834019,0.215099968,0.318990401,0.144187249,-0.235998967,0.253262612,0.12678538,0.084763368
6/1/14,-0.053791822,0.091722231,0.141120662,-0.166596014,-0.269694688,0.385227398,0.200403258,-0.282336748,0.240123856,-0.356072757,0.029900332,-0.047530344,0.171663367,0.185241285,0.269827028,0.09709126,-0.034823718,0.176898458,0.024887493,0.15783822,0.014317636,0.165724223,0.345281875,0.013777129,-0.269366329,0.178059418,-0.004298645,-0.018112223
7/1/14,-0.246520907,0.094467706,0.111908619,-0.146804464,-0.173152894,0.260497498,0.154693631,0.202262194,0.279156068,-0.388526707,0.092284388,-0.090471689,0.087945348,0.107128739,0.208829525,0.016149212,0.244387774,0.112490354,0.018456018,0.031180977,0.497861875,-0.003656888,0.168203225,-0.144281779,-0.197195238,0.137931646,-0.103688929,-0.123916538
8/1/14,-0.071579466,0.009246676,-0.031317898,-0.173926638,-0.153979916,-0.004433345,0.107016016,-0.110013387,0.269639125,-0.385692774,0.171367693,-0.008616168,-0.027717412,-0.028719066,0.085928358,0.015255741,0.023833506,-0.057682937,-0.140253681,-0.035742072,-0.055068394,-0.087860483,0.164632649,-0.269263826,-0.174522661,0.107236363,-0.17143885,-0.253828023
9/1/14,0.044810074,0.140564532,-0.251139308,-0.153256314,-0.093446733,-0.109934609,0.177619834,-0.004905678,0.173081077,-0.450908227,0.177275988,0.292104651,-0.095774103,-0.0508748,-0.108075925,0.039733643,-0.36858985,-0.182768928,-0.182010129,-0.069313491,-0.271960572,-0.069344198,0.031002576,0.078516951,-0.167016989,0.154568087,-0.223425884,-0.328418764
10/1/14,-0.135952441,0.215024481,-0.266330691,-0.230408394,-0.090319767,-0.112288283,0.014560486,0.148550638,0.275265129,-0.400879175,0.261498058,0.36297066,-0.271722934,-0.165546894,-0.158126892,0.003658344,-0.36858985,-0.217289912,-0.288327914,-0.242467472,-0.258421815,-0.231077307,-0.067476211,0.439398572,-0.093677791,0.043813008,-0.262102477,-0.362925199
11/1/14,-0.39199263,0.457780009,-0.25234759,-0.204493445,-0.00779546,-0.066421646,-0.013037564,-0.100751527,0.272105171,-0.299286914,0.287316271,0.443996131,-0.35875695,-0.185022905,-0.157749784,-0.108277569,-0.428036614,-0.126345174,-0.17363808,-0.349955375,-0.364715283,-0.315560424,-0.210576144,0.161230342,-0.044007439,-0.019259009,-0.283458517,-0.264505368
12/1/14,-0.499997389,0.254563678,-0.255747408,-0.357228207,-0.079751965,-0.128741913,0.140690764,0.124666747,0.172022283,-0.197807952,0.24574258,0.47767044,-0.424976123,-0.23156849,-0.149096059,-0.189515909,-0.246960612,-0.186674935,-0.040830934,-0.413085804,-0.402849446,-0.303545491,-0.181664587,-0.036309453,0.058182263,0.069839432,-0.28617566,-0.186564154
1/1/15,0.468595755,0.302550111,-0.271152107,-0.367192634,-0.485863286,-0.236175117,0.331087792,0.047225265,0.26283939,-0.210099607,0.197534898,0.411018744,-0.331160805,-0.230783593,-0.222067206,-0.132806119,-0.273004452,-0.253412243,-0.054640042,-0.331698885,-0.261110546,-0.294813457,-0.138426469,0.499999999,0.259076002,0.384721368,-0.314354781,-0.147451448
2/1/15,0.214910362,0.136135724,-0.215754447,-0.29822207,-0.3902897,-0.284340196,0.359235134,-0.428283462,-0.216444,-0.154526834,0.176898006,0.28714072,-0.215336441,-0.17010485,-0.171449793,-0.228008012,-0.062195404,-0.258485246,0.078552961,-0.258439566,-0.234178617,-0.23271815,-0.141132342,0.485044765,0.37650514,0.371398423,-0.306517522,-0.105377253
3/1/15,0.201094192,0.145772209,-0.145278733,-0.149607455,-0.1014107,-0.308114206,-0.242926776,-0.299928244,-0.371350554,-0.094949936,0.133901375,0.127281732,-0.138880215,-0.101296974,-0.001500294,-0.3906476,0.101584069,-0.281498018,0.25356232,-0.247343718,-0.083389483,-0.26864529,-0.189421486,0.352568303,0.43724695,-0.328289289,-0.222377252,-0.090114755
4/1/15,0.11134389,0.168816595,-0.163037787,-0.062573356,-0.159545731,-0.398521975,-0.185557374,0.156660158,-0.115226136,-0.070198787,0.109131716,0.066815289,-0.08488668,-0.080655474,-0.049691515,-0.434172038,-0.044728479,-0.356274977,0.178428503,-0.159037267,-0.067681109,-0.204801264,-0.099030464,0.271363786,0.390933098,-0.32141362,-0.171479728,-0.04460469
5/1/15,-0.193098382,0.34042684,-0.167968846,0.169815543,0.480708032,-0.335397032,-0.275250813,-0.073395768,0.145279605,-0.015129549,0.169525173,-0.089235843,0.00314406,-0.006143949,0.009417664,-0.334750058,0.081883051,-0.305377393,-0.059883696,-0.099585694,-0.259945006,-0.158542751,-0.087160268,0.075929273,0.304053391,-0.348499175,-0.073392949,0.003392975
6/1/15,0.114700991,0.157408881,-0.040673014,0.264628542,0.497106939,-0.315765963,-0.366131558,0.257865573,-0.284089165,0.084087619,0.292312311,-0.060660879,0.109388615,-0.001062206,0.246363419,-0.246829638,0.084686319,-0.255282839,-0.013812383,-0.073053235,0.145319472,-0.093654396,-0.24790084,0.109826061,0.201218015,-0.278427491,0.013124072,0.328791222
7/1/15,0.124325022,-0.129195935,0.114626707,0.250008411,0.495732644,-0.152872905,-0.440666619,0.082282799,-0.275943124,0.179600366,0.481289785,-0.152083683,0.148028819,-0.080274144,0.45420005,-0.229925329,0.180083638,-0.130975223,0.047569681,-0.074971694,0.146452716,-0.031342693,0.182955525,-0.007819822,0.111609201,-0.304243429,0.027531191,0.424013039
8/1/15,0.008622809,-0.255164367,0.166604858,0.182053937,0.35756207,-0.126122555,-0.387450019,-0.002675044,-0.188767805,0.244409542,0.403219097,-0.184379174,0.130017839,-0.099451868,0.418340526,-0.159584193,0.142966936,-0.088809403,-0.063437902,-0.096865289,-0.09530706,-0.0022993,-0.181863837,0.348444804,0.020739301,-0.24166634,0.020509475,0.436097803
9/1/15,0.113141865,-0.128101017,0.063295634,0.183649823,0.243559663,-0.164458309,-0.158462519,0.156157113,-0.133404668,0.25687134,0.321218717,-0.259218637,0.116482681,-0.307654419,0.146666024,-0.084631446,0.12549739,-0.06612635,-0.167046154,-0.072587113,-0.432264101,0.063902453,-0.107208584,0.383975913,-0.138577469,-0.017685552,-0.060672209,0.300528591
10/1/15,0.296427667,0.039074718,0.050562954,0.049563428,0.175402104,-0.187690584,-0.009727927,-0.274181798,0.012824362,0.200279283,0.200958833,-0.185950871,0.141995322,-0.239431376,0.046683878,-0.106128851,0.083870297,-0.055743926,-0.245407803,-0.125729654,-0.070782671,0.048443637,0.02266125,-0.145313145,-0.266538399,0.046572325,0.055156677,0.200530161
11/1/15,-0.055911108,0.23898706,0.271428959,0.073176429,0.12030218,-0.258837374,-0.379785401,0.012007836,0.055182923,0.129195071,0.044872147,-0.128076691,0.078317954,-0.216272194,0.017918504,-0.246685004,0.084357485,-0.07282445,-0.190734641,-0.456396256,-0.01496248,-0.117742411,-0.039786945,-0.293101126,-0.328065732,-0.352169502,0.19568035,0.086440466
12/1/15,-0.467623535,0.086221153,0.115261171,-0.003785049,0.052198503,-0.325382134,-0.198454566,-0.073774933,0.256331061,0.124993676,-0.016107163,-0.082517971,0.030294207,-0.277577226,-0.415077465,-0.171111765,-0.167538653,-0.163729897,-0.097019647,-0.471137235,-0.071187233,-0.015206025,0.129322421,-0.22276296,-0.341707889,-0.108473619,0.146872873,-0.102058634
1/1/16,0.427720008,-0.24299514,0.026523278,0.113766255,0.044534278,-0.148349233,0.160078372,-0.200674085,0.211977908,0.112583012,0.010913782,-0.10534652,-0.019448303,-0.36407702,-0.244401574,-0.049925892,-0.2606404,0.21099666,-0.321678514,-0.493967134,0.139430059,0.184836238,0.243626589,0.076586092,-0.213069859,0.363579847,0.10974227,-0.178314208
2/1/16,-0.037425289,0.050712699,0.16426556,0.010343741,-0.076030116,-0.123949966,-0.227472003,-0.023428182,0.180641502,0.145515913,0.029408135,-0.108770925,-0.234022506,-0.253965894,-0.221715538,0.090549374,-0.328389792,0.231036843,-0.22536156,-0.266434194,-0.336954791,0.157040295,-0.18773446,-0.026333382,-0.154676418,-0.35122751,-0.022795119,-0.281112735
3/1/16,-0.194632322,0.292194465,-0.149653581,-0.384628338,-0.329777488,-0.112558554,0.074280063,-0.238397705,0.230147045,0.177989313,-0.211348617,-0.139178895,-0.260303714,0.05823963,-0.393730131,0.414961367,-0.056867018,0.172512326,0.364153291,-0.173223747,-0.20554528,0.26294299,0.253414091,-0.114292173,-0.081416253,0.249427978,-0.17842262,-0.222706074
4/1/16,-0.047762259,0.436334095,-0.043393974,-0.476893865,-0.47891892,0.018196847,-0.246849681,-0.089926827,0.199145286,0.320461504,-0.348746738,-0.367182891,-0.229643511,0.079160144,-0.270365123,0.498850844,0.284900406,0.205752788,0.369972893,-0.039680521,0.140564778,0.288008348,-0.14717763,-0.349089066,-0.072868219,-0.335668958,-0.076800135,-0.199697224
5/1/16,0.14762375,0.143121622,-0.125603777,-0.36878075,-0.489419361,0.104785075,-0.232967046,-0.15183106,0.061169147,0.279342136,-0.404329016,0.373064267,0.118544632,0.136018384,-0.171300002,0.491799714,-0.489690585,0.185428891,0.218774139,0.133245267,-0.06454465,0.424152212,-0.218050863,-0.340540758,-0.067362812,-0.402029674,0.205931236,-0.14466265
6/1/16,-0.480576884,0.288438646,0.212854373,-0.253276642,-0.386274223,0.238030195,-0.261489213,0.077760856,0.046459954,0.16038711,-0.29878832,0.197813266,0.298520495,0.238595369,-0.102716665,-0.039838,-0.057995463,0.213566393,0.289241497,0.052805959,-0.34590448,-0.012939308,-0.277950911,0.313526998,0.149643542,-0.39903085,0.391332244,-0.063866286
7/1/16,0.136199857,0.081034618,0.280339343,-0.254328571,-0.269907589,0.293155422,-0.158496837,0.154524357,0.119066298,-0.087472812,-0.287999657,-0.449158284,0.292452588,0.208057044,0.024499965,-0.079800897,0.238933811,0.179407578,0.230514887,0.276422306,-0.080295342,-0.017821021,0.052793135,0.1143792,0.31629843,-0.284295137,0.332439221,-0.024776221
8/1/16,-0.060233064,0.236662092,0.374664916,-0.148825722,-0.175391977,0.282423885,-0.09632504,-0.131472437,0.270593475,0.166058955,-0.212795448,-0.413742774,0.29568948,-0.135859237,-0.07504963,-0.098451821,-0.089000058,0.127710775,0.174851764,0.444918063,0.03029843,0.319784459,-0.422863955,-0.154510809,0.450590922,-0.177475013,0.222950244,0.110912147
9/1/16,0.034408855,0.328576403,0.478112849,-0.030652788,-0.095595751,0.2257352,-0.145999333,-0.352993683,0.19270117,0.138996531,-0.151386789,-0.071824385,0.221446338,-0.188357136,0.049046613,0.059586734,-0.165686893,0.270940442,-0.079049696,0.491785779,0.028214329,0.435801586,-0.136994784,-0.171085578,0.465111921,-0.120384219,0.277437067,0.480757589
10/1/16,-0.116957302,0.190979098,0.401635179,0.042469822,-0.039112081,0.250905751,0.056860179,0.340409858,0.03193223,-0.242768381,-0.108031792,-0.302278584,0.171368166,-0.125535927,0.022598728,0.16892414,-0.145774081,0.358251248,-0.111898869,0.463169595,0.416111609,0.470619506,-0.376063431,-0.067311527,0.406096829,0.012242073,0.32352295,0.480246785
11/1/16,0.010663193,-0.368877224,0.209076762,0.38097665,0.049598563,0.223267726,0.10737587,-0.127268663,-0.125393128,-0.435550519,-0.117224,0.202579328,0.110384892,-0.129790863,-0.23042785,0.132342587,0,0.311312948,-0.002536551,0.34943335,0.038739986,0.45055737,0.111776574,0.22087553,0.286302459,0.073794272,0.216742579,0.499999561
12/1/16,0.098260124,-0.408517571,0.118615812,0.447119199,0.167612408,0.353085415,0.033961754,0.24458894,-0.125393128,-0.466890346,-0.243945831,0.309981645,0.171000328,-0.208456741,0.451251844,0.208458751,-0.246311006,0.438755495,0.104358051,0.25564957,0.218974177,0.298313211,0.055798798,0.062853116,0.15847096,-0.054585501,0.307651806,0.455392185
1/1/17,0.075459963,-0.368877224,0.068823182,0.374505227,0.054677928,0.350504659,0.193477989,0.053471626,0.058102277,-0.390974779,-0.292671565,0.257811883,0.427247676,-0.313944971,-0.405092005,0.349929961,0.24878668,0.359824834,-0.079347087,0.204053636,0.211766573,0.269776404,-0.39305118,0.131706232,-0.006434268,0.17352193,0.327405155,0.409341908
2/1/17,-0.09636559,-0.223669202,-0.051449772,0.208896372,0.072803725,0.336908426,0.297202549,0.191290918,0.108443121,-0.167855492,-0.276081268,0.133259828,0.497983625,-0.330725565,-0.24025041,0.387875303,0.279765038,0.268991076,-0.148380441,0.131046718,0.067842953,0.194615803,0.025010955,0.0840628,0.043424847,0.313667604,0.355279797,0.225764274
3/1/17,-0.084867,-0.293307225,-0.108134491,0.199628214,0.247994322,0.306852198,0.292264204,-0.069460488,0.340197781,-0.069982051,-0.224501038,0.082408417,0.419342965,-0.392544823,-0.457509982,0.466981213,0.112504962,0.313778157,0.137810716,0.072307413,0.292519752,0.11398979,-0.111647561,-0.04080737,-0.091770001,0.307017318,0.22360485,0.158928653
4/1/17,-0.098210457,-0.135436367,-0.237664477,0.054640146,0.165200662,0.348138329,0.239141505,-0.166122505,0.287284607,-0.006956176,-0.109856335,0.063178322,0.279134904,-0.406518995,-0.385288502,0.373686872,0.088097067,0.381508992,0.021030481,0.027079636,0.232875853,0.105763962,0.226624086,-0.062232997,-0.272042502,0.291707693,0.192730461,0.040747444
5/1/17,-0.153514639,-0.056873994,-0.325763967,0.000200505,0.109516043,0.324560081,0.299636105,-0.169541891,-0.265856994,0.211489525,0.006014195,0.002534217,0.202861035,-0.285743055,-0.322050418,0.329363729,0.193677201,0.384257278,-0.183529572,-0.022879896,0.104093911,0.18093128,-0.111085406,-0.099743763,-0.300793579,0.273468239,0.072149082,-0.083100162
6/1/17,-0.093820206,-0.073324282,-0.393008605,-0.112430782,-0.027393134,0.238872369,0.269125935,0.120983778,-0.168057807,0.214169853,0.094334477,-0.095218977,0.122455095,-0.132527321,-0.135667,0.174349342,0.193677201,0.316493649,-0.167388145,-0.308116178,0.271469919,0.015086987,0.392738236,-0.092698997,-0.329818509,0.218637285,-0.045418416,-0.067822618
7/1/17,-0.098424322,-0.197707494,-0.307051671,-0.14688709,-0.178809447,0.166948456,0.23074578,0.006163195,-0.012540725,0.292984066,0.036113008,-0.251111084,-0.010910906,-0.082502101,-0.079993062,0.039934037,0.117973585,0.180532079,-0.07201767,-0.431787948,-0.060838323,-0.280226752,0.284837871,-0.032660673,-0.188895081,0.211789528,-0.105110807,-0.096342675
8/1/17,-0.115441426,0.175707304,-0.196148041,-0.238587965,-0.263575413,0.0891136,0.144268394,-0.118683267,0.007203259,0.353123381,0.029457188,-0.120784718,-0.040927981,0.042563349,-0.055880166,-0.050144406,0.133488121,0.098226818,-0.005804033,-0.464503427,0.065334547,-0.369420585,0.212462982,-0.075626883,-0.199764039,0.112342986,-0.098106173,-0.018802184
9/1/17,-0.387198506,0.146355452,0.002471726,-0.154220358,-0.284653303,-0.039317832,0.050367812,-0.086671616,0.237227534,0.286233764,0.076306363,-0.242612192,0.004508407,0.314621044,0.37311987,-0.131762439,0.273983331,0.004351391,-0.109036481,-0.30434356,0.372807201,-0.362131457,0.094281071,-0.200532,-0.196864306,0.051229407,-0.043948857,-0.078996711
10/1/17,0.031471167,0.189795038,-0.005672922,-0.082079229,-0.113328134,0.019062452,0.062958376,0.113105892,-0.246844779,0.156426472,0.004280055,-0.001224725,-0.071408347,0.379976942,0.348114957,-0.144192203,-0.331559525,0.092287786,-0.036422193,-0.164255893,0.168704719,-0.249559624,0.057569871,-0.120696367,-0.202258862,0.044125974,-0.041777445,-0.155655523
11/1/17,0.465144038,0.241649589,0.062937691,-0.060676743,-0.119405239,0.001824258,-0.114293224,0.13272723,-0.221177142,0.073602275,0.045108818,-0.116355055,-0.115162584,0.367579587,0.259450671,-0.214139803,-0.168238978,0.090668859,0.229336065,-0.151959454,0.231743946,-0.248323811,-0.052033398,-0.142930034,-0.019674004,-0.139716719,-0.014448234,-0.111189335
12/1/17,-0.050944244,0.138333241,0.178347478,-0.070017552,-0.042565177,-0.021319944,-0.254978016,-0.067493838,-0.150673146,0.03042371,-0.036018599,-0.178577604,-0.208683656,0.319159047,0.142482611,-0.18858041,0.122071242,0.035086972,0.341535497,-0.097043215,0.240885326,-0.202200204,-0.073348027,0.154787401,0.150531828,-0.22360601,-0.037534207,-0.152615182
1/1/18,0.49999999,0.133656471,0.174457218,0.092414603,0.138830875,-0.116446928,0.071850608,0.170729381,-0.092955138,0.032082618,-0.343971263,-0.147501608,-0.054851028,0.262311271,0.103818405,-0.121871725,0.122071242,-0.099054136,-0.093524076,-0.013987519,-0.042833945,-0.017531421,-0.010087821,0.275853083,0.464583626,-0.012741989,0.046819949,-0.104056838
2/1/18,0.499997418,0.196207132,0.079553782,0.498471823,0.456850993,-0.135209616,0.107497139,0.087825692,0.186136843,0.031638822,-0.436185613,0.143795781,0.004042277,0.117693682,0.059116448,-0.062612591,0.080973724,-0.231275107,-0.240580464,-0.054762554,0.060152441,-0.004919437,-0.024005794,-0.183466837,0.49698357,0.06241289,0.151863029,0.017468738
3/1/18,0.358110613,0.201955809,0.109176119,0.499620552,0.490670172,-0.064105837,0.114937435,0.073568655,0.098706326,0.016369087,-0.426424833,0.21748549,-0.161482262,0.059735408,0.036756965,-0.060616788,0.193052488,-0.174622163,0.077361126,-0.267456549,0.068925679,-0.114382053,0.098208428,0.431786099,0.485388798,-0.019312969,0.212518181,0.113484221
4/1/18,0.191359167,0.322568183,0.16186306,0.498225907,0.489131328,-0.10616743,0.003477421,-0.099738802,0.049738225,-0.105116421,-0.250644094,0.020294749,0.393044214,0.243556602,0.056068169,-0.038775785,-0.035071919,-0.114576919,0.072948448,-0.250336227,-0.042294353,0.194994728,0.043138549,0.05258533,0.280117993,-0.066313884,0.28659857,0.0769314
5/1/18,0.103293084,0.052681667,0.134803596,0.285226863,0.315068753,-0.337625887,-0.065840887,0.04903652,0,-0.427297338,0.0460306,-0.078384724,0.499558103,0.358924261,0.019010793,0.178207261,0.157870681,-0.306417161,-0.396639128,-0.002606983,-0.034359315,0.468091212,0.104892193,0.238700609,0.141533941,-0.119234795,0.139652845,-0.127085825
6/1/18,-0.062621848,0.197754965,0.012981336,0.162958499,0.179185552,-0.126444126,0.045468801,-0.279626165,0.092868297,-0.483485133,0.259242267,-0.059705673,0.478569387,0.388903575,-0.036012502,0.273877283,0.386947646,-0.145291178,-0.032818434,-0.03198662,-0.083915684,0.454898915,0.307259939,-0.001079603,-0.016604839,0.134812278,0.04818433,-0.249252675
7/1/18,-0.126452634,-0.125355963,-0.054093299,-0.010159449,0.076676287,0.101818368,0.031647552,-0.238331297,0.023784033,-0.498963977,0.227340136,-0.059899266,0.303444251,0.234975933,-0.296503745,0.153499214,0.308020841,-0.026049137,-0.067377245,-0.239980447,-0.254921849,0.017885564,0.018256739,0.241256404,-0.092664216,-0.044239534,-0.226997696,-0.276875865
8/1/18,-0.160781874,0.012011327,-0.221896685,-0.041268744,0.005278897,0.143371078,-0.282236131,-0.067232781,-0.229336456,-0.357887531,0.284576306,-0.308883008,0.07672201,0.141704531,-0.30609898,0.302500249,0.469190128,0.021785687,-0.339411694,-0.272034766,-0.010750471,-0.002083308,0.026496687,-0.145974722,-0.104091768,-0.221898842,-0.342369577,-0.292874004
9/1/18,-0.202339119,-0.07910366,-0.398542437,0.058321505,0.051946595,-0.118861372,-0.122578369,-0.107731361,-0.229336456,-0.212549555,0.227261754,0.355312585,0.031578779,-0.015942662,0.309350983,0.094349134,-0.258085212,-0.406740529,-0.248762565,-0.413032477,-0.012791764,-0.260619482,0.000516759,-0.076543331,-0.145827058,-0.086190206,-0.371989821,-0.1031481
10/1/18,-0.233814941,0.059370437,-0.442850485,0.227074183,0.246549598,-0.159817984,-0.455863093,-0.218243819,-0.145256716,-0.222401574,0.245087532,0.068760221,-0.066908203,-0.150201264,0.468563246,0.071682111,0.215474711,-0.282125888,-0.068068291,-0.397938333,-0.485449419,-0.311230989,-0.086798745,0.016788534,-0.193369929,-0.226538996,-0.23484729,-0.037587644
11/1/18,-0.243616365,0.068606054,-0.380221081,0.313029955,0.313555133,-0.185383989,-0.498940201,-0.138453559,-0.091544117,-0.21034858,0.33407629,-0.16327499,-0.302292974,-0.105756371,0.24323684,-0.199861236,-0.096046115,-0.252905269,0.120982433,-0.417434297,-0.378343481,-0.460784175,-0.054098235,0.227168252,-0.208884617,-0.400182263,-0.351583874,-0.031947252
12/1/18,-0.096943017,0.369069366,-0.342151186,0.059779211,0.14908114,-0.169428471,0.497528873,-0.263580085,-0.012479021,-0.188689366,0.374578766,-0.090659827,-0.379162929,-0.047482358,0.184580129,-0.057275603,-0.185354025,-0.210313531,0.409959448,-0.138678473,-0.208196439,-0.282293773,-0.454446064,0.311684104,-0.12675887,0.486513918,-0.404754829,0.070760415
1/1/19,-0.231704483,0.464551859,-0.216594053,-0.202104713,0.080859216,-0.231243324,0.47447558,0.112167522,0.104104431,-0.197669816,0.439598183,-0.499579153,-0.387476194,-0.045480729,-0.300720943,-0.228861641,-0.171031174,-0.221302026,0.343382565,-0.175432258,-0.11775651,-0.31261483,-0.474224231,0.317649952,-0.063429708,0.340493028,-0.400648129,0.044758299
2/1/19,-0.089963461,0.172214933,-0.1672822,-0.269060331,-0.253151082,-0.348980066,0.473664368,-0.248903366,0.043046247,-0.213772707,0.280998061,-0.450527854,-0.283283885,-0.146940895,-0.269302791,-0.293579906,-0.210066292,-0.361851662,0.409578295,-0.05401771,-0.346502697,-0.251483566,-0.499999864,-0.084262614,-0.059272866,0.32569125,-0.245323505,0.113783256
3/1/19,0.018556549,0.111912325,0.029281487,-0.219275982,-0.305523868,-0.382851445,-0.004738848,-0.000862899,0.041150904,-0.171883468,0.168180061,-0.028696537,-0.16258537,-0.142019424,0.058049353,-0.293670082,-0.271590177,-0.451723234,0.29769472,0.084040788,0.104384819,-0.202008279,-0.386541484,0.135875916,0.041386281,-0.06626299,0.006427992,0.044277291
4/1/19,-0.134970196,-0.11994052,0.077879832,-0.2990121,-0.347075251,-0.457375144,-0.23115357,0.224796499,-0.119102653,-0.103408519,0.074110331,-0.133095079,-0.080430335,-0.237878961,-0.268040663,-0.305086017,-0.223490676,-0.46723796,0.220757087,0.159643168,-0.330091735,-0.148311609,-0.330386666,-0.149135277,0.156534765,-0.211913888,0.157355424,0.171007402
5/1/19,-0.234773289,-0.112277265,0.043872158,-0.211777345,-0.35400671,-0.307419481,-0.225205239,0.11478668,-0.048546998,-0.039850849,0.037295515,0.157748964,-0.043367236,-0.397894093,0.08903873,-0.328242622,0.161319293,-0.338223816,0.08165799,-0.008502556,-0.380432551,-0.173813943,-0.202793618,-0.022090984,0.074933185,-0.34546886,0.101975542,0.310529208
6/1/19,-0.278802992,-0.175767353,0.1414689,-0.328152447,-0.366787317,-0.275254534,-0.196937997,-0.0830236,0,0.076343595,0.049202318,-0.020145719,-0.130904882,-0.377826522,-0.042676253,-0.307319589,0,-0.284100061,-0.038603925,-0.409459236,-0.274019839,-0.213655942,-0.183943583,0.134567095,0.090928873,-0.347114038,-0.067299817,-0.299252011
7/1/19,-0.384721027,-0.047250284,0.306571972,-0.301467966,-0.335635034,-0.203287511,-0.174569818,-0.100743086,0.262927813,0.132060156,-0.159361353,0.009326062,-0.13420891,-0.242101311,-0.168037953,-0.266512264,-0.158262395,-0.19022501,-0.054518053,-0.47736845,-0.086494927,-0.146952223,-0.161003311,0.055264611,0.189588504,-0.301259523,0.010795466,-0.445646812
8/1/19,-0.149507325,0.230802692,0.348818674,-0.30871229,-0.325217009,-0.052560343,-0.06646251,0.445752173,0.40418877,0.180965063,-0.153832593,-0.495115769,-0.303263513,-0.173135488,-0.084205469,-0.07053606,0,-0.100168874,-0.113777093,-0.154392146,-0.029465986,0.083721753,-0.153296021,0.145693628,0.233305563,-0.105710592,-0.115631393,-0.49275362
9/1/19,-0.032775539,-0.089734099,0.152480382,-0.243727891,-0.23576222,-0.118134925,-0.037865695,0.104279406,0.210320242,-0.019712643,-0.262147301,-0.302852732,-0.374617742,-0.134501042,0.003445173,0.039586835,0.191462461,-0.113552514,-0.174379076,-0.092700148,-0.071326525,0.197338261,-0.173550232,-0.147944519,0.259707493,-0.050242364,-0.144130099,-0.434145536
10/1/19,0.242244156,-0.022234333,0.094440195,-0.21301967,-0.195596608,-0.271538415,-0.015994323,0.237483979,0.135194542,0.135520691,-0.35864334,-0.120709935,-0.274071839,-0.106950308,-0.190199047,-0.036394268,-0.323030629,-0.160594745,-0.104951127,-0.106817298,-0.062687791,0.191054886,0.147327877,-0.193121021,0.170873924,-0.079103274,0.096836319,-0.342231459
11/1/19,0.031277498,-0.282768217,0.12415745,-0.093084363,-0.129137467,0.264755737,0.096217642,0.27257195,0.088292073,0.184028215,-0.373550774,0.032804576,-0.164677598,-0.145268599,-0.015923797,0.089238073,-0.130425933,-0.047566405,0.099345073,0.087353534,-0.360203512,0.309959727,-0.432473737,-0.10024533,0.279390401,0.102664876,0.15994756,-0.289322996
12/1/19,0.471181427,-0.271149423,0.022740681,0.036448299,-0.037460567,-0.038122166,0.087689904,0.314301489,0.119282593,0.22103131,-0.35906706,0.131072491,-0.116504551,-0.297638583,-0.066330928,-0.132620291,-0.111554396,-0.258074731,0.106558533,-0.104491577,0.033749282,0.150885554,-0.48761115,0.017293803,0.254689002,-0.056294824,0.124942042,-0.236450493
1/1/20,-0.309656672,-0.159945594,-0.076744515,0.076385799,0.030011474,-0.436893054,0.417055315,0.252679715,0.117896365,0.121063629,-0.30699985,0.136494911,-0.033217436,-0.36839577,-0.040908123,0.335064077,0.031839778,-0.216231719,-0.025076779,0.325453136,0.053920071,0.328660249,-0.081997328,-0.0839676,0.252641717,0.290873689,0.126763049,-0.235515777
2/1/20,0.409270751,0.045093411,-0.311540746,0.115597426,0.089201566,-0.378191829,0.49720699,0.206250735,-0.019211021,-0.27428218,-0.185202276,0.156223742,-0.316433419,-0.242053006,-0.039144999,0.429943315,-0.016048986,-0.02542953,-0.077767693,0.416958328,0.300203526,0.34881516,-0.313009393,0.101117904,0.172452688,0.450062596,-0.164208066,-0.260925688
3/1/20,-0.414135869,0.5,-0.5,0.171155082,0.231752607,-0.498102414,0.498785365,-0.128852911,-0.495061239,0.050413055,0.345182091,-0.226827515,-0.48535169,0.466013198,-0.477621773,-0.060550697,-0.121389673,-0.485684261,0.495527873,-0.39777531,-0.453706764,-0.059532431,-0.409006392,0.374663405,0.031501524,0.447613244,-0.481769481,-0.265138631
4/1/20,-0.305978979,0.499999999,-0.5,0.080934789,0.224828049,-0.493953173,0.455659321,-0.282759857,-0.499815919,-0.470259807,0.347055397,-0.177191092,-0.499999049,0.477217679,-0.494644387,0.499998852,-0.179176224,-0.49975503,0.499965358,0.5,-0.453873876,0.5,-0.318630815,0.291003908,-0.306833385,0.351242493,-0.491719602,-0.434637732
5/1/20,0.105801217,0.498731836,-0.5,0.104119428,0.223087859,-0.476493111,0.286890045,-0.246274385,-0.499815706,-0.125754643,0.346822812,-0.109904772,-0.457287588,0.470966672,-0.456598762,0.496994751,0.489521508,-0.49811091,0.497076689,0.499994163,-0.389049247,0.49935608,-0.207943287,0.228154063,-0.392606866,0.21076901,-0.446673361,-0.459704247
6/1/20,0.237425588,0.233597991,-0.212921633,0.062460282,0.104982749,-0.193370254,0.16395797,-0.122742584,-0.289314071,0.488426776,0.160621491,-0.035102727,-0.249742132,0.213898508,-0.207610341,0.458350865,0.347285591,-0.278403765,0.313745434,0.498185731,-0.195366118,0.491622763,-0.099541461,0.103637289,-0.359235949,0.141393032,-0.151827565,-0.456297814
7/1/20,0.179924667,0.183569415,-0.13083982,-0.003090585,0.025641923,-0.160962264,0.117579931,0.069200004,-0.193273013,0.499564731,0.09514158,-0.035125033,-0.111933718,0.167186633,-0.148538098,0.205817433,0.259464815,-0.180705931,0.194713856,0.220460467,-0.023739485,0.209529597,0.075620444,0.131431388,-0.162698321,0.088384671,-0.099500444,-0.293210482
8/1/20,0.106911603,0.097144633,-0.033123429,0.11932417,0.019847563,-0.075915017,0.009092291,-0.058548193,-0.11445544,0.499999916,0.020507998,-0.011151193,0.057729401,0.093495658,0.033520725,0.103859014,0.222343434,-0.069018063,0.105354633,0.061756761,0.028617396,0.061855263,0.069881821,-0.033222356,-0.028134918,-0.012219803,-0.036457758,-0.184721934
9/1/20,0.082079135,-0.029573127,0.052098124,0.158926066,0.033597948,0.120094686,-0.113019779,0.007646981,0.009562182,0.404138755,-0.037431527,0.077361801,0.106091126,-0.102425512,0.183876827,-0.01290483,0.055385976,0.128479156,-0.103310063,-0.010222917,0.09258163,-0.017536596,0.124518653,-0.072160127,-0.068809991,-0.166868199,0.019803718,-0.10785102
10/1/20,0.044077963,-0.120061196,0.05761869,0.222961259,0.036647222,0.167536508,-0.194447692,0.055266396,0.079996061,0.251186206,-0.052890637,0.117250225,0.140102015,-0.158819328,0.190359801,-0.151664473,0.026675212,0.168924278,-0.221169164,-0.105603997,0.125202673,-0.123465259,0.172640657,-0.04237232,0.106866965,-0.24233734,0.052248027,0.065100907
11/1/20,0.002606996,-0.217905477,0.031946055,0.002329797,-0.031043095,0.204022735,-0.204100604,0.046916469,0.160656753,0.159463208,-0.131794765,0.158676783,0.185862751,-0.205086029,0.153919519,-0.187957368,0.049554407,0.184286946,-0.218762734,-0.133268004,0.152721166,-0.15057478,0.101796694,-0.069699098,0.141296723,-0.256174738,0.104257073,0.113930878
12/1/20,-0.214286431,-0.217905477,-0.005184441,-0.138353203,-0.137013766,0.22066825,-0.190431422,0.059039683,0.164992288,0.100556222,-0.1926253,0.228853567,0.238573623,-0.212836667,0.169937743,-0.16431056,-0.054159305,0.186059774,-0.200374008,-0.108037837,0.147997473,-0.123076917,0.113025715,-0.107162496,0.222326606,-0.242655967,0.174732237,0.159298174
1/1/21,-0.044864164,-0.236151704,0.270529595,0.388003281,-0.094633147,0.258900866,-0.114776899,0.016539912,0.16835547,0.008336319,-0.208873582,0.230948779,0.262838082,-0.247110999,0.183293918,0.026032284,0.093859866,0.219265313,-0.197327524,0.062467281,0.191943499,0.054632143,0.152957049,-0.184403795,0.239512481,-0.104642015,0.24979825,0.18011651
2/1/21,-0.160289472,-0.207961196,0.151659144,0.499673071,0.143075499,0.144105097,-0.173547377,-0.13222663,0.188242758,-0.088038743,-0.161559757,0.141294652,0.226670921,-0.192937324,0.052081764,-0.198722721,0.104264917,0.127484535,-0.172082809,-0.146615893,0.12895298,-0.149839545,0.210627895,-0.245247439,0.186700843,-0.183614273,0.349974427,0.209753264
,,,,,,,,,,,,,,,,,,,,,,,,,,,,