DATE,deathrate,nonfarm labor share,deliquency rate of comm and ind loans,civ unemply rate,M1V,births,aaa,baa,tr10 ,caputz index,GPDI,NFB R output ph,OUTMS,IMPGSC,EXPGSC,GDPIC,real GPDI fixed equip,chng real priv inventories,RGDP,IP index,NROU,CAPUTL,LLBAC,population,DPIC96,IRLTLT01USQ156N,DPSACBQ158SBOG,RSAHORUSQ156S,PINCOME,CP,LES1252881600Q,A067RP1Q027SBEA,MABMM301USQ657S,USAGFCFQDSMEI,SPASTT01USQ661N,HOHWMN02USQ065S,LRAC25MAUSQ156S,ULQELP01USQ657S,LCULMN01USQ661S,IRSTCI01USQ156N,PITGCG01USQ661N,PRMNTO01USQ657S,USAPROINDQISMEI,CSINFT02USQ460S,LFEAAGTTUSQ647S,IRSTFR01USQ156N,LFWA24TTUSQ647S,LRIN25MAUSQ156S,PRS84006173,PRS88003173,LREM64TTUSQ156S,PRS30006013,WASCUR,DRIWCIL
7/1/92,-0.191462461,0.22544557,0.230114029,0.161374028,0.235779597,-0.098706326,0.038949732,0.051797,-0.000302688,-0.123409253,-0.162375373,-0.030631355,-0.125881219,-0.154298161,-0.08396059,-0.160344383,-0.033723226,-0.10452668,-0.151372699,-0.131070501,0.209962674,-0.123409253,-0.15274397,-0.194220683,-0.12533201,-0.000302688,-0.100761694,0.056798497,-0.162616356,-0.127340957,-0.033206752,-0.014503796,-0.064140924,-0.175215338,-0.314556982,-0.156444143,0.226463032,0.132071019,0.119590059,-0.006477804,-0.080548434,-0.018057093,-0.131070277,-0.096732279,-0.012456593,-0.006477804,0.213547895,-0.215875033,0.191642846,0.180920163,-0.107836496,-0.066417309,-0.15283595,-0.003324481
10/1/92,0,0.136761265,0.185881766,0.136535906,0.119800509,0.098706326,0.050947624,0.09364304,0.022689326,-0.093626861,-0.12799593,0.103802976,-0.103726214,-0.128644738,-0.076306467,-0.124186893,0.075947454,-0.08735869,-0.114851542,-0.102894408,0.171726821,-0.093626861,-0.092633052,-0.158206823,-0.100811767,0.022689326,0.108954734,0.262474738,-0.124929616,-0.114835639,-0.16153888,0.014503796,0.216923743,-0.135819226,-0.273173108,-0.125305242,0.142665004,0.204454936,0.281590398,-0.038807126,-0.050281911,-0.07168135,-0.102892856,-0.18786084,-0.038170975,-0.038807126,0.18352883,-0.127973106,0.121190423,0.151669583,-0.148575606,-0.034982122,-0.114497347,-0.106206156
1/1/93,0.341344746,0.071091429,0.152509781,0.087904743,0.056129726,-0.098706326,-0.029695814,-0.024678639,-0.061203508,-0.068528585,-0.10096025,-0.087836708,-0.07476161,-0.1043631,-0.072826805,-0.09457527,-0.061944867,0.01205906,-0.10882248,-0.078575386,0.132896039,-0.068528585,-0.102848121,-0.126204121,-0.080268541,-0.061203508,-0.141212682,-0.165882429,-0.112342184,-0.116795892,0.033206752,-0.100462904,-0.244025191,-0.128303671,-0.126984814,-0.082515646,0.068298143,-0.123431309,-0.24181599,-0.022661109,-0.010958574,0.005614809,-0.078573855,0.080855146,-0.118920174,-0.022661109,0.195051499,-0.080354196,0.084552437,0.145279298,-0.105093255,-0.051332742,-0.118751496,-0.139953062
4/1/93,0,0.159528459,0.112883389,0.078382601,-0.031349977,-0.098706326,-0.118932189,-0.091157282,-0.112576048,-0.081920485,-0.089678389,-0.209730535,-0.065276133,-0.080294402,-0.054362865,-0.087086086,0.100212646,-0.065062611,-0.087614827,-0.072214073,0.094024968,-0.081920485,-0.064235315,-0.092214486,-0.063047359,-0.112576048,0.217174454,-0.056798497,-0.074907243,-0.090026489,0.16153888,-0.086356275,0.097933508,-0.094013618,-0.092711792,-0.027682072,0.110096245,-0.054587588,0.131114196,-0.025894145,0.167879718,-0.165416763,-0.072212549,0.127988534,-0.136001923,-0.025894145,0.115057954,-0.108452912,0.153939169,0.106904519,-0.066144434,-0.039820398,-0.073684227,0.110474346
7/1/93,-0.341344746,0.080105776,0.072043414,0.0334503,-0.129609383,0.098706326,-0.245768868,-0.212725993,-0.175802829,-0.084767446,-0.0882183,-0.121557886,-0.059712958,-0.064465095,-0.058540654,-0.095973993,-0.115615943,-0.205298907,-0.069935681,-0.061184853,0.055612322,-0.084767446,-0.009215669,-0.053024733,-0.058159624,-0.175802829,0.033911592,-0.056798497,-0.053767784,-0.066015903,0.273372648,-0.31834893,0.115484195,-0.073010972,-0.004542841,-0.027682072,0.110096245,-0.083813968,0.209982114,-0.02050491,-0.010958574,-0.197217671,-0.06118334,0.22981213,-0.137418582,-0.02050491,-0.055398797,-0.092967171,0.105995035,0.099102352,-0.038727106,-0.031927578,-0.048998861,0.101925169
10/1/93,-0.191462461,0.055445984,0.013645364,0.010152606,-0.160881716,-0.098706326,-0.256835158,-0.227805693,-0.177437921,-0.019370996,-0.026446927,-0.036434692,-0.014874438,-0.0149997,-0.007972231,-0.0267431,0.21268549,-0.134021926,-0.018659079,-0.018000656,0.018108491,-0.019370996,-0.032878721,-0.015777575,-0.01888039,-0.177437921,-0.042360751,0.056798497,-0.012882122,-0.028586084,0.273372648,0.086356275,0.168387204,-0.005445407,0.082820625,0.027682072,0.076735243,0.190843215,0.287368451,-0.034506665,-0.080548434,0.138273479,-0.018002043,-0.18786084,-0.11270585,-0.034506665,-0.032247129,-0.073341081,0.049801611,0.022538794,-0.016808379,-0.000336439,-0.005221992,-0.089010363
1/1/94,0,-0.089078289,-0.013645364,-0.010152606,-0.149769514,-0.098706326,-0.182596141,-0.162156741,-0.099146325,0.019370996,0.026446927,0.030631355,0.014874438,0.0149997,0.007972231,0.0267431,0.008884394,0.056825622,0.018659079,0.018000656,-0.018108491,0.019370996,0.009215669,0.015777575,0.01888039,-0.099146325,-0.100761694,-0.056798497,0.012882122,0.028586084,0.098706326,-0.072137292,0.020279634,0.005445407,0.135027669,0.027682072,-0.076735243,0.015174012,-0.038450619,0.006477804,-0.058967373,0.026458544,0.018002043,-0.127988534,0.012456593,0.006477804,0.061995588,0.073341081,-0.08804589,-0.022538794,0.016808379,0.000336439,0.005221992,0.172642691
4/1/94,0,-0.055445984,-0.054422199,-0.073424427,-0.088255729,0.273372648,0.029695814,0.024678639,0.083823359,0.086221571,0.094571602,0.048016914,0.075671489,0.063836789,0.063136179,0.097515544,-0.154108487,0.262420308,0.07093298,0.070893366,-0.052770236,0.086221571,0.040744783,0.050219871,0.076405836,0.083823359,-0.224327098,-0.165882429,0.066310776,0.054250169,0.16153888,0.243619774,-0.020279634,0.049726176,-0.03586653,0.166604219,-0.158584174,0.175016042,-0.015286367,0.103538527,0.010958574,0.254444193,0.070894639,0.016278838,0.054649539,0.103538527,0.015669307,0.157469575,-0.051930636,-0.045204579,0.056908449,0.040489865,0.069795739,0.168621942
7/1/94,-0.341344746,-0.065060891,-0.073075849,-0.104158916,-0.062931231,0.273372648,0.092052853,0.086174847,0.127596075,0.108947876,0.080524954,-0.078453616,0.113358341,0.101437062,0.124823842,0.073091576,-0.008884394,0.0921764,0.093456104,0.108148857,-0.085709524,0.108947876,0.120551937,0.087795704,0.109388322,0.127596075,0.02544712,-0.165882429,0.099216862,0.094857544,-0.033206752,0.100462904,-0.078939435,0.084348241,0.039742598,0.146169766,-0.174226064,-0.046763102,0.011245811,0.152626854,0.135386451,0.089255518,0.108150038,0.18786084,0.070215245,0.152626854,-0.015669307,0.175613053,-0.049801611,-0.081815051,0.102342513,0.137667161,0.101572084,0.003324481
10/1/94,0.191462461,-0.154997939,-0.077200516,-0.16277594,0.031349977,0.098706326,0.194937567,0.174548472,0.21042551,0.177894753,0.139017017,0.153427235,0.175143614,0.139153665,0.162789789,0.132886597,0.247981538,0.211289752,0.136896031,0.167207593,-0.116830734,0.177894753,0.140477706,0.122788635,0.187276151,0.21042551,-0.02544712,0.056798497,0.153196301,0.119832244,-0.033206752,0.38493033,-0.12678059,0.125478116,0.004542841,0.17664351,-0.076735243,-0.015174012,-0.011245811,0.221492201,0.106123946,0.287489774,0.167209901,0,0.174887129,0.221492201,-0.089745481,0.094471555,-0.128381043,-0.119514537,0.18681033,0.219018679,0.147804312,0.082515647
1/1/95,-0.191462461,-0.143626293,-0.083371543,-0.185025522,0.091607119,0.098706326,0.120705462,0.095298125,0.153127693,0.178221721,0.159304036,0.168512474,0.197469836,0.16846507,0.193962128,0.148312558,0.183181743,0.145503913,0.150177064,0.195621609,-0.146104375,0.178221721,0.164852282,0.152736288,0.230820691,0.153127693,0.092524028,0.341344746,0.195670545,0.146307953,-0.098706326,0.128269191,-0.045905771,0.174561463,0.139245576,0.135787812,-0.068298143,-0.052626775,-0.122753012,0.267524042,0.199157181,-0.005614809,0.19562129,0,0.18970843,0.267524042,-0.215825955,0.094299662,-0.087347748,-0.080181592,0.202634007,0.251036436,0.186710906,-0.112603489
4/1/95,0,-0.151762617,-0.085424073,-0.152540508,0.144164221,-0.098706326,-0.050026219,-0.067792869,0.000302688,0.131464371,0.135347731,0.261069378,0.195944482,0.181120975,0.216230204,0.117264607,-0.201967197,-0.01205906,0.161245224,0.204279266,-0.173535737,0.131464371,0.147855787,0.18352393,0.244677406,0.000302688,0.224327098,0.468354584,0.226185758,0.187852067,-0.033206752,-0.155421742,0.307487886,0.18310366,0.385398336,-0.049738225,-0.118321452,0.072019255,-0.060665567,0.269174178,0.323444381,-0.202988326,0.204278936,-0.032530583,0.120750387,0.269174178,-0.38199772,0.118662354,-0.090536965,-0.085468843,0.175626035,0.248593803,0.216352095,-0.060713239
7/1/95,0,-0.125603049,-0.088498484,-0.156812477,0.220769614,-0.098706326,-0.111814437,-0.112568296,-0.053415104,0.118496274,0.134587289,0.25786202,0.20935614,0.185691538,0.280442847,0.108391891,-0.181593833,-0.17163403,0.19211245,0.228670696,-0.199184524,0.118496274,0.135529527,0.217062668,0.286889985,-0.053415104,0.431803926,0.483937714,0.258734948,0.200689488,0.16153888,0.114439576,0.469837981,0.204365472,0.479385561,-0.027682072,-0.189567101,0.108021331,-0.0172543,0.25238138,0.342670601,-0.076423876,0.228667976,-0.096732279,0.039674246,0.25238138,-0.399737054,0.198458195,-0.081052287,-0.139098379,0.178885115,0.2231116,0.249467248,-0.285722468
10/1/95,0.191462461,-0.063394628,-0.067456755,-0.129832326,0.315882523,0.098706326,-0.190026511,-0.155784498,-0.103831724,0.043467664,0.102848542,0.274433081,0.1564733,0.153297599,0.24165775,0.095852728,0.007060557,-0.139254467,0.162475747,0.1775084,-0.19954011,0.043467664,-0.017466341,0.22378847,0.215999301,-0.103831724,0.154629423,0.433192799,0.229379105,0.174426478,-0.16153888,-0.102036041,0.231970158,0.190147097,0.497258834,-0.044235882,-0.142943051,0.07110674,-0.033701717,0.142312337,0.340033262,-0.006109122,0.177506878,-0.280980881,0.031684551,0.142312337,-0.42747175,0.157108053,-0.051864217,-0.114570238,0.123578867,0.159108913,0.231481277,-0.272398804
1/1/96,0.155421742,-0.032528275,-0.046284314,-0.098336645,0.384402453,0.273372648,-0.11029009,-0.108852117,-0.065905963,-0.049749411,0.114883977,0.317771744,0.13213056,0.168091417,0.219071837,0.104374459,-0.012707516,-0.168986202,0.179391398,0.165311516,-0.200270456,-0.049749411,0.126805446,0.224041886,0.215186673,-0.065905963,0.255426658,0.394350226,0.233739613,0.179375041,-0.220165536,0.197506165,0.285488489,0.21539172,0.497751792,-0.202726363,-0.07149444,0.112547598,-0.206515698,0.06349804,0.315602868,-0.136446405,0.165309948,-0.096732279,0.089501658,0.06349804,-0.328155327,0.069763285,-0.054257879,-0.142600955,0.098457463,0.126384482,0.224262878,-0.261610124
4/1/96,0,-0.115232044,-0.03657283,-0.071176502,0.380999893,0,0.039042729,0.041267297,0.083826939,0.023942544,0.207386094,0.346421146,0.160453642,0.184051269,0.192199744,0.220635347,0.012707516,-0.025678827,0.237809726,0.197458881,-0.201409152,0.023942544,0.009729335,0.219420122,0.222012142,0.083826939,0.195742772,0.315020916,0.24163674,0.163372193,-0.177793833,0.151962778,0.188550079,0.239187892,0.411109283,0.044946362,-0.081740928,0.275825069,-0.289718933,0.021009367,0.323662133,0.230922836,0.197458337,0.241717249,0.065345402,0.021009367,-0.258929033,0.058971797,-0.24730719,-0.123765599,0.088659615,0.039599484,0.223985804,-0.337337221
7/1/96,0,-0.086241705,-0.065033145,-0.107396911,0.343192366,0.155421742,0.014061261,0.03097469,0.049472194,-0.005044643,0.327915416,0.374919241,0.198653,0.242773941,0.163075895,0.388616588,0.106721358,0.116479951,0.267931026,0.212329795,-0.202982747,-0.005044643,-0.143819431,0.219700887,0.21321829,0.049472194,0.166641082,0.244455468,0.238867736,0.14221448,0,-0.02401814,0.095206878,0.253055562,0.309385497,0.064067629,0.127629457,-0.114582853,-0.452395644,0.001225627,0.33281106,0.124301529,0.212333334,0.07925971,0.06152869,0.001225627,-0.154398778,-0.111744963,-0.189141221,-0.11720288,0.149031266,-0.004613588,0.239392597,-0.240153012
10/1/96,0,-0.085071703,-0.157284506,-0.131909509,0.333570714,0.191462461,-0.084118183,-0.08126402,-0.058059306,-0.022336498,0.366485981,0.292298985,0.254690361,0.276529661,0.256203612,0.435521831,-0.135019596,-0.038742692,0.301556548,0.253530319,-0.205011989,-0.022336498,0.022152064,0.226934802,0.212132482,-0.058059306,0.280649974,0.153707269,0.238214845,0.143275129,-0.061134479,-0.050637727,0.135709395,0.254826618,0.297160309,0.070410496,0.165882433,0.033721757,-0.407807186,-0.002876963,0.334806169,0.024101875,0.253533346,-0.074365688,0.004065746,-0.002876963,0.070633263,-0.112481124,-0.261225338,-0.163484747,0.231292581,0.036908371,0.251494632,-0.22831559
1/1/97,0.477249868,0.250575087,-0.261624687,-0.23046498,0.317495794,0.155421742,-0.043632349,-0.050716792,-0.023982066,0.155005867,0.407001838,0.216860443,0.38653758,0.329255538,0.268309726,0.398544235,-0.07016552,-0.078241876,0.305082951,0.326160996,-0.207499655,0.155005867,-0.061321675,0.229524503,0.238496427,-0.023982066,0.191462461,0.117911422,0.245535533,0.137776378,-0.13055866,0.048031573,0.081420007,0.249183638,0.26074709,0.064067627,0.112451522,-0.160211515,-0.452173238,0.032885091,0.228667056,0.180662492,0.326167334,-0.203098571,-0.076944869,0.032885091,0.312710837,-0.076017926,0.101626281,-0.061358198,0.379865986,0.206580797,0.270676196,-0.137905018
4/1/97,0,-0.118164211,-0.431322645,-0.380760466,0.308968297,0.098706326,-0.008498793,-0.023942977,0.006586983,0.054821921,0.342945179,0.24882537,0.353335393,0.359390397,0.301183576,0.352988064,0.072334371,0.344418216,0.284873215,0.309750651,-0.210395727,0.054821921,-0.045612305,0.224387999,0.249203821,0.006586983,0.127467503,0.136394236,0.239531144,0.195984467,0.098706326,-0.141212682,0.032510537,0.260107096,0.236510688,0.070410498,2.85E-09,0.241972369,-0.375033736,0.113200794,0.140743397,0.03558218,0.309753339,-0.306937663,0.063995592,0.113200794,0.276177323,-0.023980666,-0.189172624,-0.039581886,0.431420909,0.405631337,0.267229164,-0.057318984
7/1/97,0,-0.22124558,-0.441580647,-0.33437193,0.257231134,-0.098706326,-0.191819435,-0.208286932,-0.13973802,0.260663221,0.296113941,0.277745643,0.331235209,0.33976118,0.301355076,0.305267645,0.290893043,0.195221355,0.273407185,0.313872947,-0.21355998,0.260663221,-0.066183833,0.224576778,0.249879537,-0.13973802,0.25267346,0.150657717,0.242987741,0.29895442,0.098706326,0.116880228,0.188456547,0.261738578,0.318222741,0.057708238,0.130558659,0.147740207,-0.325505873,0.067578594,0.138928306,0.203038681,0.313872213,-0.38493033,-0.090851144,0.067578594,0.365952556,-0.11548496,-0.229103207,-0.196549256,0.318961456,0.402399397,0.26644845,0.029658932
10/1/97,0.341344746,0.412632088,-0.400728603,-0.406847437,0.214418561,-0.191462461,-0.279028457,-0.29626195,-0.286238163,0.333373395,0.278254557,0.262337291,0.318449104,0.294334585,0.244728577,0.294627177,-0.222535064,0.191160937,0.253889552,0.311455359,-0.216785859,0.333373395,-0.350472384,0.230099149,0.276880526,-0.286238163,0.140192864,0.135386451,0.238487463,0.287424015,0.098706326,0.317790452,0.184509499,0.22217615,0.289606623,0.134675483,0,-0.021423983,-0.241030342,0.002911962,0.078957138,0.170349469,0.311452511,-0.310041377,-0.186707187,0.002911962,0.382418493,0.029416861,0.263067212,0.208728595,0.288109497,0.485484704,0.27017023,0.071083702
1/1/98,0.341344746,0.497489474,-0.220529628,-0.328023937,0.185394042,0.288144601,-0.299217037,-0.289006891,-0.28778843,0.10634933,0.240594117,0.264757782,0.26698662,0.260850063,0.22700336,0.252497904,0.203634867,0.330764643,0.239271434,0.271720713,-0.219828205,0.10634933,0.108236344,0.230169709,0.305843547,-0.28778843,0.073149052,0.216145417,0.242095867,-0.047528182,0.497020237,0.434685726,0.246647935,0.219693879,0.308774659,0.084381271,0.083371544,0.200701922,-0.16604617,-0.017466341,-0.0728994,-0.014572793,0.271718483,-0.391838287,-0.374238947,-0.017466341,0.284411369,-0.02444713,0.43237916,0.499520876,0.220993016,0.467875212,0.26101418,-0.09632568
4/1/98,-0.191462461,0.488592196,-0.189717412,-0.264880656,0.15366641,0.341344746,-0.237775709,-0.265230396,-0.193068226,-0.298524537,0.169811219,0.243073627,0.208132503,0.247477063,0.137589232,0.169936582,0.020402099,0.029000735,0.210335223,0.234476133,-0.222505523,-0.298524537,-0.039391602,0.220878522,0.322093867,-0.193068226,-0.034784104,0.269390813,0.260033696,-0.069729301,0.493790335,0.121373813,0.230326818,0.241827866,0.327503276,-0.057708234,-0.021553952,0.023798913,-0.04106787,0.049266955,-0.052029358,-0.157878851,0.234474367,-0.287238184,-0.076119088,0.049266955,0.289781141,-0.020912493,0.473873369,0.499947742,0.144937002,0.415931184,0.2556855,0.026508594
7/1/98,0.191462461,0.419414681,-0.112958019,-0.204106182,0.153178601,-0.155421742,-0.257166711,-0.256810143,-0.281964827,-0.467422218,0.201386909,0.314962944,0.17475343,0.218189898,0.08233318,0.213210202,-0.153415377,0.060703007,0.230185656,0.203309228,-0.224746827,-0.467422218,-0.225746882,0.216890529,0.312889623,-0.281964827,-0.204620287,0.411962788,0.262756583,-0.096081432,0.477249868,-0.058887074,0.154114857,0.248857774,0.201501338,-0.082893879,3.23E-09,0.255497924,0.000915495,0.011848028,-0.036354915,-0.117648205,0.203308413,-0.296200144,0.288269392,0.011848028,0.248285143,-0.005311153,0.435644792,0.499882287,0.120836868,0.189888488,0.25117489,0.180275193
10/1/98,0.098706326,0.32624969,0.0113968,-0.208100854,0.139099202,-0.288144601,-0.228260972,-0.133514632,-0.317163661,-0.409784421,0.229352172,0.311372294,0.173866887,0.218532564,0.10153271,0.235983218,0.190212898,0.06355927,0.250388952,0.186901677,-0.226497072,-0.409784421,0.051748948,0.221526275,0.273988262,-0.317163661,0.089097967,0.341344746,0.240433254,-0.182361886,0.499068076,-0.210742639,0.434393846,0.287591774,0.162732532,-0.053747486,0.039827834,0.239395811,-0.032191745,-0.456899709,-0.030826672,0.052275624,0.186900959,-0.238100395,-0.099164073,-0.456899709,0.215911836,-0.145206222,0.303971665,0.451541605,0.157395808,0.122996849,0.237248669,0.086929364
1/1/99,0.273372648,0.191886202,0.124405959,-0.18441559,0.147926617,-0.155421742,-0.166044044,-0.077332449,-0.20722757,-0.314659943,0.210371967,0.294103599,0.173721859,0.197633828,0.08847657,0.20134101,0.002019952,0.155194014,0.237354136,0.179558558,-0.22774046,-0.314659943,-0.493937315,0.223005942,0.226234317,-0.20722757,-0.248510962,0.276372708,0.217287208,-0.015484558,0.297671619,-0.158145606,0.120308304,0.26037965,0.169247624,-0.116880229,0.330096195,-0.080527426,-0.022525881,-0.423902069,-0.056798498,-0.105552213,0.179559252,-0.112927194,-0.36743137,-0.423902069,0.308678783,-0.288496217,0.204115096,0.252600805,0.129854303,-0.034432345,0.231230266,0.241471085
4/1/99,0.225746882,0.136169404,0.159191068,-0.135639131,0.152024146,0.079259709,-0.020784877,0.033761605,-0.095570795,-0.298182037,0.196221302,0.238223402,0.179228606,0.214215357,0.127788861,0.188369514,0.05536995,-0.110295404,0.220500777,0.170383821,-0.22854062,-0.298182037,-0.328943874,0.217294153,0.187829123,-0.095570795,-0.279302972,0.232598081,0.201066626,0.068359296,0.403942492,-0.292940527,-0.046009421,0.23546598,0.191215726,-0.116880229,-0.109408522,-0.037017612,-0.051539534,-0.428179473,0.293620376,-0.150935901,0.170384374,-0.058350713,-0.094048226,-0.428179473,0.34178035,0.022377845,0.153771046,0.215444392,0.056528153,-0.10901173,0.215720629,0.212873088
7/1/99,0.098706326,0.065056965,0.213657833,-0.134065999,0.211378094,-0.288144601,0.121882798,0.142298007,0.027843352,-0.217750542,0.230256376,0.241890665,0.163267534,0.24601723,0.298421404,0.229548099,0.024224625,-0.067253993,0.232735476,0.161507381,-0.22898163,-0.217750542,-0.104457006,0.217370389,0.160027251,0.027843352,-0.238818085,0.196473876,0.187558466,0.041610181,0.308114117,-0.036886386,-0.03418818,0.240045819,0.164041961,-0.053747486,-0.391639476,0.229978519,0.126577161,-0.124206231,0.449118247,-0.192293171,0.161507119,-0.022400704,-0.365789529,-0.124206231,0.308420877,0.396072112,0.079792421,0.177070795,0.053392513,-0.094414148,0.201983558,0.049977248
10/1/99,0,0.014368158,0.149738803,-0.189573233,0.253473652,0.191462461,0.171690512,0.178808856,0.097218429,-0.126534486,0.240261033,0.278580882,0.201883213,0.245186495,0.379903487,0.228909317,-0.325701322,0.154938164,0.249366061,0.197653633,-0.22915932,-0.126534486,0.026357145,0.224710907,0.160874881,0.097218429,0.033420489,0.191462461,0.199648351,0.107605765,0.266470549,0.402563288,-0.113673011,0.23752071,0.152925446,-0.053747482,-0.327528716,0.197817051,0.069493786,-0.069460183,0.435044236,0.121771062,0.197655279,0.13055866,-0.300159573,-0.069460183,0.26651288,0.304320788,0.026375722,0.132561172,0.171246543,-0.176340742,0.212686132,0.023275289
1/1/00,0.155421742,0.347416925,0.23496756,-0.188647515,0.255472572,0.191462461,0.204605843,0.173626553,0.198860765,-0.05844681,0.202997156,0.217853774,0.250799338,0.268776352,0.428121454,0.187072977,0.144364357,-0.2242427,0.23099776,0.244664644,-0.229134631,-0.05844681,0.147771291,0.227982879,0.196913092,0.198860765,0.034762935,0.171639357,0.248282686,-0.04358741,0.188367426,0.434008646,-0.003528476,0.23307021,0.133173032,0.021553955,0.314536105,-0.485768186,0.43926668,0.19584944,0.470244086,-0.087953172,0.244664128,0.191462461,-0.49682344,0.19584944,0.184746194,-0.080948769,0.317060884,0.198103416,0.371578674,-0.167892959,0.25863419,-0.110653198
4/1/00,-0.079259709,0.221140852,0.305164746,-0.208544125,0.295676167,-0.044235881,0.212927179,0.218602443,0.120773055,0.0045101,0.302364596,0.256861878,0.263698529,0.281707399,0.423150669,0.286830736,0.03567848,0.115800529,0.24526016,0.267767601,-0.228973874,0.0045101,0.169312849,0.219760516,0.258422642,0.120773055,0.042757251,0.185761277,0.2857582,-0.055260446,0.191462461,0.048926979,0.075599607,0.222696404,0.16445306,-0.043045028,-0.152213861,0.295956344,0.222289304,0.3869615,0.451004908,-0.039165629,0.267765233,0.141349753,-0.499663615,0.3869615,0.15147453,0.218483703,0.182643144,0.266091157,0.347262162,-0.056390188,0.261052112,-0.33194114
7/1/00,0.394350226,0.492140863,0.289278864,-0.168273472,0.280158099,0.087929552,0.176383203,0.160904831,0.044024076,-0.134162123,0.223727898,0.200297362,0.176988453,0.277467983,0.343275267,0.198540129,-0.285541068,-0.008508516,0.198396327,0.213859496,-0.228743512,-0.134162123,-0.083821198,0.213693641,0.300692595,0.044024076,0.064067628,0.214529664,0.304692136,-0.083614731,0.146169767,0.081353449,-0.322873577,0.216581819,0.178717526,-0.264921067,-0.309213048,-0.174113792,0.426386154,0.384703052,0.359208854,-0.257659518,0.213856421,0.203496212,-0.499892715,0.384703052,0.120364866,0.443925952,0.49669051,0.333843212,-0.02892706,-0.127613535,0.267615315,-0.186972923
10/1/00,0.191462461,0.352236671,0.339114648,-0.176805081,0.329603456,-0.13055866,0.107119088,0.121883184,-0.067578594,-0.452591485,0.191106596,0.210500646,0.089163089,0.228328992,0.25549832,0.176561205,-0.22951728,-0.010786683,0.18606458,0.152353373,-0.228471543,-0.452591485,-0.177189495,0.215441547,0.266559823,-0.067578594,-0.148266717,0.266470549,0.271474569,-0.231267714,0.080707476,-0.185147767,-0.096471603,0.204273873,0.094615867,-0.499032397,-0.275960255,-0.169835385,0.414500321,0.31020196,0.323619007,-0.363797633,0.152353374,0.228862048,-0.460540178,0.31020196,0.106820045,0.385183947,0.419640109,0.325639275,0.107646548,-0.145312317,0.225591374,-0.144922344
1/1/01,0.341344746,0.447039162,0.372675622,0.007555116,0.256596765,-0.044235881,-0.011603957,-0.007925484,-0.206287378,-0.49962094,0.098304121,0.185436728,0.015176342,0.158398182,0.181508147,0.07325879,-0.261702709,-0.368356181,0.166715963,0.088159414,-0.228143521,-0.49962094,-0.124340793,0.214622111,0.243744627,-0.206287378,0.1489734,0.270086101,0.249019705,0.121671535,0.064658384,0.039177042,0.448236686,0.152209281,0.035272476,-0.499984546,-0.091252957,-0.3386824,0.320466632,-0.043476247,0.270630893,-0.487604568,0.088159977,0.110035578,-0.22090896,-0.043476247,0.150397003,0.30233835,0.450313937,0.265085699,-0.017935245,-0.234553995,0.209397718,-0.293070251
4/1/01,0.288144601,0.213646308,0.424081207,0.146064296,0.162241516,0,0.004714663,0.010409242,-0.078186937,-0.499923231,0.063910963,0.197660773,-0.078554497,0.082567003,0.04169468,0.040391883,-0.335339291,-0.338959453,0.131190782,0.006919086,-0.227749509,-0.499923231,-0.180138135,0.207768323,0.197010962,-0.078186937,0.111745367,0.259191343,0.212111054,0.278688326,0.126057183,-0.368440088,0.419171161,0.125216421,0.010974685,-0.499998038,-0.230029827,0.125012826,0.197153703,-0.296047559,0.212784741,-0.414618252,0.006915582,0.21693844,-0.210326144,-0.296047559,0.262161172,0.248720499,0.220269423,0.164623326,-0.493697498,-0.477821377,0.182629697,-0.14851819
7/1/01,0.247507462,0.080543184,0.432779336,0.351680318,0.039243085,0,-0.047468376,-0.039407023,-0.141648702,-0.499427628,-0.009721693,0.205187969,-0.177574787,0.023798732,-0.090508875,-0.059047179,-0.222266056,-0.38185656,0.095070621,-0.083396995,-0.22730918,-0.499427628,-0.24572947,0.205840156,0.199891932,-0.141648702,0.062983003,0.213112298,0.151606251,-0.152426731,0.158763526,0.31646115,0.239620472,0.078014732,-0.29519261,-0.454074578,-0.289750418,-0.226324668,0.135544153,-0.326154042,0.153618475,-0.30221882,-0.083398386,-0.126681507,-0.141141375,-0.326154042,0.370026534,0.281010283,0.085873285,0.100108989,-0.499999421,-0.499882153,0.110208479,-0.1350745
10/1/01,0.087929552,-0.032986883,0.380137749,0.490141628,0.013986645,-0.288144601,-0.144565549,-0.06961966,-0.164565185,-0.46352184,-0.176399884,0.225633555,-0.224427777,-0.02921409,-0.16808654,-0.282042527,-0.093553168,-0.383783649,0.077856808,-0.1550007,-0.22683273,-0.46352184,-0.22515152,0.212601929,0.12075278,-0.164565185,-0.030826673,0.179630809,0.114304175,-0.257534874,0.216145417,-0.431322645,0.155838492,0.00856287,-0.392112015,-0.331472393,-0.211625442,0.025933944,0.033031289,-0.416015235,0.04656095,-0.184110068,-0.154998603,-0.472446573,-0.065476436,-0.416015235,0.379656627,0.201379507,-0.020099376,0.118439282,-0.5,-0.499920518,0.075779032,-0.244334201
1/1/02,-0.049738225,-0.203261987,0.350108854,0.494754433,-0.013995103,0,-0.253740872,-0.064488901,-0.102024012,-0.331067892,-0.069980371,0.312111461,-0.166497292,0.034353513,-0.123993762,-0.177449999,-0.107265096,-0.11608417,0.105474845,-0.115915517,-0.226316962,-0.331067892,-0.224157835,0.217432376,0.173380708,-0.102024012,0.022029802,0.126493573,0.093709318,0.098308964,0.378327495,0.204222973,0.031917275,-0.021852561,-0.330418652,-0.207868962,-0.196776429,0.093028822,-0.167667877,-0.392252516,-0.005457995,0.050720468,-0.115913651,-0.307536082,-0.012859393,-0.392252516,0.341627088,0.143231279,-0.176494483,-0.129841247,-0.499716846,-0.486637686,0.062567023,-0.171521236
4/1/02,-0.146169767,-0.163983741,0.291115567,0.447419408,0.02992181,0.155421742,-0.222170335,-0.028132759,-0.101071114,-0.208283285,-0.042623676,0.267505875,-0.069258711,0.13653128,-0.064616873,-0.114037168,-0.007883722,-0.005126161,0.152887831,-0.030003171,-0.225760075,-0.208283285,-0.167779511,0.215061064,0.223538193,-0.101071114,-0.363184028,0.076735243,0.118726636,0.399778714,0.293373312,-0.020214223,-0.199274741,-0.029075346,-0.386246367,-0.078613252,-0.207279531,-0.037483457,-0.220160473,-0.283071533,0.040649843,0.099405743,-0.030001806,-0.146931471,-0.056790339,-0.283071533,0.280028809,0.234350714,-0.146079009,-0.173204512,-0.403516097,-0.412435695,0.096764776,-0.020162648
7/1/02,-0.210742639,-0.187669777,0.220608498,0.280676884,0.044577129,-0.155421742,-0.332789734,-0.265286875,-0.243581181,-0.125318527,-0.05572066,0.314484766,-0.026378868,0.16190202,-0.0633032,-0.132937165,0.121563254,0.002798121,0.29592656,0.00478743,-0.225139758,-0.125318527,0.02630003,0.214363564,0.211612107,-0.243581181,-0.025179614,0.119568544,0.116827559,0.480202641,0.09300977,-0.213607107,0.066770281,-0.032446884,-0.427674717,-0.055865891,-0.217354353,-0.083976605,-0.282866293,-0.206553393,0.048509372,0.038517409,0.004788564,-0.235336031,-0.105756906,-0.206553393,0.218188929,0.295649215,-0.186325704,-0.229073162,-0.280946728,-0.316212528,0.105864095,0.165485459
10/1/02,-0.098706326,-0.183621278,0.171065466,0.189989111,-0.025292614,-0.155421742,-0.253311173,-0.250803856,-0.238478924,-0.075782296,-0.030269593,0.225118281,-0.019328634,0.190943747,-0.108242263,-0.126793749,-0.167474522,0.036311733,0.34609705,-0.013243567,-0.224408953,-0.075782296,0.218995859,0.218669396,0.214183335,-0.238478924,0.296047559,0.210742639,0.155067741,0.491233784,0.023453666,-0.07352071,0.08371308,0.003884679,-0.40706493,-0.04171763,-0.301732589,-0.021185186,-0.274769823,-0.157487355,0.084059797,-0.037281145,-0.013250882,-0.231197378,-0.005804454,-0.157487355,0.181835054,0.344356627,-0.187334438,-0.332371561,-0.218263021,-0.231370732,0.148923946,0.165485459
1/1/03,-0.16153888,-0.213637637,0.086048296,0.145857587,-0.081864904,-0.155421742,-0.262358014,-0.408054925,-0.291146169,-0.009366846,0.040280388,0.187033217,0.025092472,0.123717692,-0.072555434,-0.042328685,0.06568322,0.042015905,0.311619609,0.050745533,-0.223496227,-0.009366846,0.144040874,0.220463482,0.18778873,-0.291146169,-0.229711371,0.146169767,0.208786098,0.469920112,-0.046826342,-0.097688444,-0.047582096,0.120287307,-0.368787007,-0.056798498,-0.429716684,-0.094278441,-0.309600675,-0.105591303,0.310745047,0.059951023,0.050745158,-0.007978314,-0.109348227,-0.105591303,0.185225694,0.404887192,-0.223002065,-0.338826908,-0.169995002,-0.18307331,0.177187002,0.157106925
4/1/03,-0.16153888,-0.189571386,0.033798321,0.122538997,-0.160318794,-0.341344746,-0.381643108,-0.497397254,-0.348143492,-0.011291403,0.064004481,0.206485382,-0.01223723,0.148976793,-0.035289452,0.034386817,0.341344746,-0.11219181,0.318108156,-0.013360537,-0.222335992,-0.011291403,0.073410948,0.217038656,0.203152364,-0.348143492,0.013295614,0.204870774,0.326482902,0.331817787,0.112451519,0,0.05056498,0.28753443,-0.1893427,-0.117911426,-0.312968598,0.126994598,-0.194646618,-0.063405503,0.258662206,-0.050857909,-0.013363683,-0.158763526,-0.263620125,-0.063405503,0.213587689,0.323500986,-0.206566965,-0.2852768,-0.13031261,-0.163895197,0.338118807,0.1053224
7/1/03,-0.149738803,-0.192920332,-0.057122691,0.062011822,-0.128460155,-0.273372648,-0.257266076,-0.416919437,-0.160275765,0.055468825,0.378505646,0.244269087,0.054952481,0.185357133,0.075107921,0.281774434,0.29881566,-0.03430781,0.366509868,0.076466026,-0.220923461,0.055468825,0.029892644,0.216088214,0.235785599,-0.160275765,0.138913284,0.341344746,0.397327441,0.255735642,0.03065763,0.256483461,0.027883383,0.411212873,-0.067147297,-0.098706325,-0.225746879,0.403286916,-0.15369805,-0.057164792,0.300018876,0.114523774,0.076479998,-0.060825003,0.006615637,-0.057164792,0.22197521,0.255758272,-0.211638734,-0.238851825,-0.149920448,-0.156430623,0.396461983,0.391838287
10/1/03,-0.091252957,-0.125010755,-0.226045658,0.025066379,-0.067263615,0,-0.218987375,-0.395550572,-0.127313724,0.255576449,0.488543274,0.257548022,0.15430957,0.270599964,0.334667429,0.419963072,0.174372786,0.167959688,0.379409488,0.210971155,-0.219284184,0.255576449,-0.32639122,0.221409757,0.225352928,-0.127313724,-0.444772775,0.32201644,0.364695915,0.229040416,0,-0.086874459,-0.474568337,0.46785221,0.002604497,0.330595641,-0.158763526,0.078192814,-0.017436378,-0.074575075,0.261478199,0.161199501,0.210976164,0.016168907,0.174229613,-0.074575075,0.225067844,0.161455424,-0.151250285,-0.141453888,-0.139462357,-0.146743306,0.445921589,0.338651277
1/1/04,-0.061134479,-0.167192267,-0.302897932,-0.030613375,-0.089624641,0,-0.191156084,-0.291608944,-0.11364264,0.346740763,0.494830734,0.229561071,0.181252536,0.329736393,0.420322017,0.425486025,-0.051614138,0.209674026,0.333432175,0.290155131,-0.217450232,0.346740763,-0.083450226,0.222515842,0.274397446,-0.11364264,0.120841763,0.390795407,0.332708666,0.290621003,0,0.02544712,-0.374796573,0.458824432,0.11730692,0.430331013,-0.245699278,-0.040306265,-0.082734849,-0.1599242,0.25675287,0.046727225,0.290157991,0.063840782,-0.218418658,-0.1599242,0.252741266,0.185995286,-0.191699822,-0.189869089,-0.141574989,-0.150604658,0.437318107,0.250162118
4/1/04,-0.044235881,-0.182813093,-0.363059875,-0.18697325,-0.018036467,-0.155421742,-0.071286627,-0.156202642,0.065685755,0.398565941,0.496446667,0.265987699,0.232052675,0.353131654,0.451503975,0.463789524,0.287102298,0.298939612,0.314123804,0.344360617,-0.215483446,0.398565941,0.248729836,0.218168694,0.292189239,0.065685755,0.390795407,0.484373881,0.32245684,0.274242487,0.40878878,0.133514632,0.055593518,0.422282381,0.098999255,0.375718375,-0.17364478,-0.019915722,-0.009032258,-0.149263687,0.31567098,0.036008929,0.344362062,0.400728603,-0.021608113,-0.149263687,0.249607936,0.143372189,-0.200180204,-0.218753889,-0.128366938,-0.142246078,0.369831025,0.313181056
7/1/04,0,-0.093868263,-0.400513454,-0.327546167,0.11593458,0,-0.102577837,-0.139954974,0.007425591,0.433693425,0.415737805,0.211043312,0.278463356,0.363061282,0.432232661,0.382706125,0.19420283,0.191193738,0.277941285,0.337922125,-0.2134407,0.433693425,0.065992649,0.217421145,0.262488938,0.007425591,0.086475311,0.297671619,0.316208944,0.269162919,-0.210742639,-0.022029802,-0.239833376,0.352644503,0.086949278,0.199417975,-0.0682321,0.02103226,0.191800625,0.099372851,0.255254836,0.067546321,0.337927211,0.165882429,0.026182003,0.099372851,0.219158929,0.055054793,-0.097521832,-0.197772548,-0.083126161,-0.117857193,0.371403083,0.060190525
10/1/04,-0.191462461,-0.18652568,-0.312656583,-0.330129497,0.227602389,0,-0.123218793,-0.139538094,-0.031839011,0.368125796,0.350834987,0.191917079,0.398590938,0.343294538,0.307667265,0.325395944,0.119518662,0.210655712,0.262631711,0.382072776,-0.211350031,0.368125796,0.091078712,0.224603431,0.279070445,-0.031839011,0.020106217,0.25562794,0.313097867,0.256124623,0,0.260865968,-0.096898342,0.323270166,0.165937266,0.058887075,-0.134307435,0.112965348,0.05740236,0.240331001,0.260167165,0.216182775,0.382069018,0.220694424,-0.293897849,0.240331001,0.202599063,0.091505215,-0.184073353,-0.20921647,-0.024653911,-0.079013595,0.325532058,0.155024599
1/1/05,0,-0.279899653,-0.266301449,-0.40746243,0.41956834,0,-0.138433372,-0.13243014,0.027618245,0.349302229,0.339216219,0.167392911,0.454808859,0.279721964,0.273257145,0.312038371,-0.022218719,0.335656721,0.242272539,0.384961889,-0.209187999,0.349302229,0.098432457,0.228771288,0.159157157,0.027618245,-0.033516368,0.251295274,0.267630221,0.349630163,-0.13055866,-0.346167597,-0.22315248,0.300593894,0.18135441,0.023922183,-0.122141926,0.210328273,-0.142577812,0.335307186,0.236710824,0.328469284,0.384956412,0.228121945,-0.357791492,0.335307186,0.140222306,0.154074418,-0.254815058,-0.255000219,-0.004287932,-0.047245057,0.285603147,0.097271435
4/1/05,-0.5,-0.265835189,-0.201532605,-0.342865653,0.463591009,0.477249868,-0.171412352,-0.161288873,-0.061134479,0.288238761,0.22771576,0.114883469,0.410632316,0.217184412,0.250000931,0.179371858,0.07099492,-0.075114494,0.197667462,0.339095656,-0.206927069,0.288238761,0.108672996,0.223348002,0.136889496,-0.061134479,-0.099609491,0.076735243,0.242391376,0.317280156,-0.38493033,0.107468566,-0.127361288,0.252884808,0.165318283,-0.091947734,-0.04823849,-0.397337723,-0.119189731,0.392129183,0.262863062,-0.077340588,0.339096412,0.315020916,0.006269943,0.392129183,0.149546116,0.020484887,-0.223654611,-0.315597677,0.101870583,-0.032580509,0.211256812,0.137792373
7/1/05,-0.5,-0.308623052,-0.150360097,-0.292354818,0.483757564,0.477249868,-0.201551609,-0.178812108,0.007319631,0.187740938,0.201708694,0.14301597,0.306950914,0.175544466,0.185916272,0.160737714,0.119414843,-0.125939264,0.193644591,0.250818062,-0.204351816,0.187740938,0.160555072,0.223690751,0.146903886,0.007319631,0.163735776,0.026576464,0.231494845,0.271321113,-0.491802464,0.044588297,-0.010253464,0.253580255,0.166259295,0.009276888,0.108672999,-0.056236317,0.023384966,0.424362908,0.302851838,-0.337762056,0.250818635,0.304822669,-0.069422936,0.424362908,0.163412169,-0.205928097,-0.263672496,-0.216170332,0.249444506,-0.09156747,0.212786343,0.212260281
10/1/05,0,-0.300662206,-0.12414113,-0.257256316,0.48571196,0.477249868,-0.08488604,-0.044625047,0.2068971,0.147282685,0.214616623,0.17926997,0.255982947,0.167736738,0.179039936,0.190310806,-0.099329858,0.158248097,0.20772162,0.202274206,-0.199561619,0.147282685,-0.038693527,0.230003863,0.225458506,0.2068971,-0.088901098,0.058887074,0.236149725,0.248017798,-0.369705483,0.249611382,-0.006775232,0.249514749,0.152155211,0.187356848,-0.191462454,-0.037736765,-0.062768135,0.377721652,0.278251015,0.264904603,0.202271012,0.318073035,-0.232530794,0.377721652,0.154855417,0.135322662,-0.26493626,-0.268559587,0.210766845,-0.159532709,0.23186766,-0.23975347
1/1/06,-0.477249868,-0.145573322,-0.111749895,-0.225339424,0.400191696,0,-0.0457074,-0.033185276,0.341344746,0.152822063,0.214872488,0.204536368,0.216834238,0.180601443,0.244856177,0.200786495,0.151374481,0.136007478,0.237805448,0.200835542,-0.205217943,0.152822063,-0.042916653,0.232772033,0.268032512,0.341344746,-0.079259709,-0.039827837,0.285002643,0.17818082,-0.341344746,0.259191343,-0.006022917,0.246173219,0.234799279,0.229812128,0.11791142,0.169960584,0.238267455,0.322602712,0.236441927,0.069815629,0.200834254,0.085098124,-0.197433996,0.322602712,0.133292514,0.131958035,-0.122885137,-0.190021848,0.274118595,-0.180489982,0.273362983,-0.022484828
4/1/06,0,-0.190559604,-0.107316298,-0.207740439,0.339619486,0,0.263837646,0.204478304,0.487775527,0.128596789,0.194543833,0.173414745,0.178510467,0.19797163,0.287897015,0.154740247,-0.185955825,0.056387345,0.215867325,0.210889057,-0.214797261,0.128596789,0.064146526,0.226755324,0.277511505,0.487775527,-0.01495683,0.053035117,0.260134505,0.215895742,-0.358011614,-0.092071429,-0.060263507,0.194580555,0.290681012,0.268322422,0.028471669,-0.386230775,0.128866146,0.263852515,0.223923266,-0.232280724,0.210887314,0.20932089,0.071484754,0.263852515,0.165904825,-0.050803588,-0.167931615,-0.219729595,0.309100974,-0.236805299,0.236858301,0.109408525
7/1/06,0,-0.142372211,-0.100307707,-0.205447475,0.299997414,-0.499968329,0.136392993,0.101932793,0.338034766,0.084499238,0.164924927,0.114992785,0.1241548,0.235034835,0.271256411,0.141393359,-0.170885369,0.035859914,0.17667977,0.172811125,-0.229015744,0.084499238,0.034646964,0.224052393,0.313390094,0.338034766,-0.150806958,0.107468566,0.252439849,0.17613941,-0.059617692,-0.097512447,0.077995417,0.160951891,0.230825904,0.255052611,-0.094834871,-0.362955073,0.000907099,0.199475911,0.194646862,-0.218103181,0.172804962,0.080049535,-0.010615086,0.199475911,0.224745625,-0.089023371,-0.139191861,-0.245566335,0.285262273,-0.424385896,0.234937012,-0.312745681
10/1/06,0,0.005712214,-0.120186313,-0.245094874,0.251247036,0,-0.054075647,-0.016380478,0.170386246,0.027529614,0.107177654,0.15495655,0.099864578,0.19063453,0.259501138,0.055375841,-0.126286493,-0.167031787,0.182588261,0.147754167,-0.245376351,0.027529614,-0.256676658,0.229239977,0.293981328,0.170386246,-0.141935216,-0.039827837,0.239887488,0.084302426,0.098706326,-0.0411964,0.146866437,0.140399674,0.274462129,0.138393009,0.229436988,-0.153102294,0.068914451,0.166067925,0.112918451,-0.149279636,0.147754913,-0.097512447,-0.112920603,0.166067925,0.275180393,-0.43258898,0.012238354,-0.120382594,0.303597628,-0.436001519,0.269842234,-0.399336104
1/1/07,-0.191462461,0.163625078,-0.114886968,-0.146553906,0.223667259,-0.477249868,-0.039432586,0.000742986,0.137024057,0.027784782,0.098615777,0.161139915,0.164612641,0.19543356,0.235389945,0.029769068,-0.040982116,-0.292537212,0.162102765,0.189329273,-0.251973306,0.027784782,-0.235395349,0.232002124,0.246776575,0.137024057,-0.02717955,-0.258036348,0.242184341,0.026838634,0.059617692,0.117911422,0.049007473,0.11513117,0.265114732,0.071552412,0.498382324,-0.206035068,0.131770485,0.141235036,0.130958254,0.06707515,0.189329245,-0.079259709,0.021663442,0.141235036,0.356902994,-0.486861143,0.184995202,-0.039190935,0.173357755,-0.379522603,0.263837986,-0.288623114
4/1/07,0.191462461,0.038143888,-0.1363368,-0.141541522,0.216479163,-0.477249868,0.12456694,0.107277146,0.167063218,0.143179016,0.095792306,0.218433496,0.310492672,0.173064573,0.249404092,0.063228956,-0.044342548,-0.141749105,0.186969913,0.27721896,-0.256105231,0.143179016,-0.237381695,0.226242146,0.255274747,0.167063218,0.175281858,-0.364333939,0.222589863,0.08179803,0.023453666,-0.103161353,0.210198419,0.117048857,0.331424658,0.159036896,0.310570345,0.114614933,-0.075908306,0.10554124,0.207306132,0.147227785,0.27722255,0.132688751,-0.371090792,0.10554124,0.300636306,-0.349625787,0.049963125,-0.056585051,0.024325644,-0.340903093,0.240851527,-0.090605245
7/1/07,0.191462461,-0.110264633,-0.139275063,-0.06884207,0.203275478,-0.341344746,0.274051146,0.194498676,0.088737698,0.15670418,0.028507347,0.311748382,0.326622419,0.132802805,0.264780981,-0.014403838,-0.081036362,-0.173092668,0.179432935,0.257753455,-0.252659587,0.15670418,0.013520878,0.222418496,0.187396963,0.088737698,-0.261624687,-0.46227982,0.19239012,0.0014392,0.074365688,-0.146169767,0.146030525,0.087744493,0.279095326,0.111634668,-0.042662175,0.024180918,-0.17222606,0.048772097,0.207335441,-0.133792585,0.257758893,0.07502773,-0.39362258,0.048772097,0.307903247,-0.082031713,-0.099241014,0.08916408,-0.019396801,-0.345829745,0.204334389,-0.280663526
10/1/07,0.191462461,-0.118466837,-0.032902798,0.046203931,0.194641071,-0.288144601,0.110442763,0.106333235,-0.137477422,0.241249703,-0.029898371,0.362495881,0.299529011,0.076128103,0.218352077,-0.091725051,-0.089109926,-0.131282624,0.174589486,0.230390727,-0.240077925,0.241249703,-0.015340152,0.225969843,0.113268375,-0.137477422,0.426864546,-0.428066136,0.17192141,0.023598771,-0.122669718,-0.048670139,-0.25270703,0.051557156,0.214822727,0.0413741,0.042662175,0.000324686,-0.13442456,-0.059031767,0.35371258,-0.083673373,0.230391288,0.056003831,-0.09190428,-0.059031767,0.263909709,-0.179795757,-0.147886504,0.090977951,-0.056391286,-0.333415549,0.182250579,-0.281894363
1/1/08,0.288144601,0.345575601,0.113579133,0.135992921,0.145549815,-0.247507462,0.053524486,0.248367081,-0.339628663,0.099908109,-0.229001859,0.257670665,0.202159796,0.072093718,0.226883951,-0.233895739,-0.336489629,-0.164179538,0.147125194,0.155516236,-0.22183048,0.099908109,-0.182378028,0.227723831,0.11964928,-0.339628663,-0.033206752,-0.356938808,0.173939793,-0.243834398,0.049738225,0.008225031,0.232198827,0.011989061,0.083699115,0.059198,0.37209779,-0.244818562,-0.063828438,-0.311924453,0.423721183,-0.252781639,0.155519387,0.053928567,0.053180398,-0.311924453,0.150920238,-0.02473019,0.32201644,0.264645335,-0.145775589,-0.341894348,0.174675915,-0.364596238
4/1/08,0.341344746,-0.023357229,0.341344746,0.326201614,0.121234574,-0.210742639,0.149525564,0.32274489,-0.257475671,-0.374939844,-0.293695821,0.288422793,0.043282351,0.038697514,0.272873975,-0.308447742,-0.363005548,-0.211912092,0.179670538,0.05177335,-0.208636346,-0.374939844,-0.423028669,0.221936644,0.224867419,-0.257475671,-0.378327495,-0.183767728,0.240503181,-0.192170408,0.061134479,0.441071227,0.153193248,0.004725947,0.090521265,-0.124826494,-0.082515646,0.151382279,0.192876041,-0.371922003,0.381141508,-0.455937801,0.051774245,0.499904157,-0.119469815,-0.371922003,0.145505335,0.116781425,-0.058558641,0.205231542,-0.296901399,-0.320569129,0.178073987,-0.403278101
7/1/08,0.38493033,-0.018058663,0.341344746,0.474634691,0.015469689,-0.191462461,0.133301506,0.340818422,-0.264558792,-0.499713185,-0.361652815,0.231316294,-0.195338829,-0.068410813,0.204466231,-0.37556607,-0.486865854,-0.185450962,0.101209106,-0.190765649,-0.198194572,-0.499713185,-0.475047906,0.217720195,0.05674669,-0.264558792,-0.274462242,-0.221131756,0.184435742,-0.308356501,-0.204870774,-0.40594259,-0.113241065,-0.187123907,-0.119523362,-0.378327499,-0.049738219,-0.132910255,0.410768226,-0.387540646,0.398925672,-0.490475995,-0.190766631,0.444727096,-0.003354886,-0.387540646,0.092155314,0.012100048,-0.006349937,-0.105971332,-0.45881647,-0.325580795,0.134025668,-0.464223835
10/1/08,0.486096552,0.322833943,0.495833832,0.499398499,-0.307623725,-0.234014471,0.186162988,0.497355322,-0.372111168,-0.5,-0.489110532,0.155681355,-0.412429097,-0.363367663,0.06568543,-0.477917036,-0.499996196,-0.326688906,-0.11850311,-0.387274526,-0.189283153,-0.5,-0.353027111,0.219880357,0.086152101,-0.372111168,-0.330096194,-0.207279533,0.107337629,-0.499947537,0.301266537,-0.341344746,0.490344876,-0.48689869,-0.426896028,-0.499649118,-0.331052645,-0.383306485,0.485364186,-0.441363903,0.134539539,-0.499374327,-0.387273991,-0.344776781,0.095234061,-0.441363903,0.112395715,0.144864996,0.335537049,0.198484104,-0.49674293,-0.401426368,0.072345361,-0.43733897
1/1/09,0.312968601,-0.381455712,0.49838461,0.499978447,-0.395103591,-0.40878878,-0.231013093,0.485824793,-0.355591657,-0.5,-0.488617432,0.167074202,-0.486736783,-0.499599177,-0.121542308,-0.488931012,-0.494902317,-0.442767575,-0.212459613,-0.482550779,-0.182505604,-0.5,-0.46269828,0.220467005,0.062572787,-0.355591657,-0.208421949,-0.197117854,-0.005915366,-0.374081593,0.394350226,-0.491931388,0.480615506,-0.499999065,-0.459079452,-0.499999965,-0.469603636,0.180452406,0.484589414,-0.294791433,0.012079179,-0.488291717,-0.482550658,-0.438881822,-0.213072383,-0.294791433,0.047782783,0.336770959,-0.353536933,0.055281494,-0.499092625,-0.472241271,-0.085048045,-0.133864162
4/1/09,0.177793833,-0.233910612,0.486221638,0.493805409,-0.442710861,-0.273372648,-0.059527196,0.384833445,-0.225159392,-0.499954323,-0.493417985,0.292601912,-0.481280827,-0.499987091,-0.121911597,-0.485837517,-0.298248342,-0.454590141,-0.223285395,-0.488826918,-0.17852401,-0.499954323,-0.360669753,0.214440411,0.295100861,-0.225159392,0.052341331,-0.15772054,0.023327294,-0.223640783,0.465481826,0.119066616,-0.220024845,-0.499999958,-0.427644093,-0.499845206,-0.379484516,0.186530419,0.432478227,-0.247183698,0.056759778,-0.201324491,-0.488826844,-0.197951728,-0.033385038,-0.247183698,0.140944761,0.400866874,-0.206629859,0.149174082,-0.488759289,-0.472477777,-0.08379305,-0.027524142
7/1/09,0.091252957,-0.336572806,0.476891132,0.426033996,-0.419967053,-0.40878878,-0.243238164,-0.007316701,-0.09841774,-0.408820208,-0.453026353,0.36186697,-0.342676899,-0.492961392,-0.052500672,-0.421965366,0.134444567,-0.431117832,-0.195574196,-0.382110969,-0.178040535,-0.408820208,-0.434825525,0.210986887,0.095081414,-0.09841774,-0.208180457,-0.152787502,-0.014399791,0.049626291,0.443327245,-0.290439459,-0.455564021,-0.492943572,-0.261523021,-0.334229469,-0.323444379,0.176435377,0.121899445,-0.165407493,0.105922603,0.12776299,-0.382111021,-0.242348413,-0.265197077,-0.165407493,0.232123583,0.373079124,-0.315528174,0.042510458,-0.449727017,-0.42124966,-0.105504209,-0.000512121
10/1/09,-0.033206752,-0.380440932,0.314017139,0.320173076,-0.26796753,-0.191462461,-0.25739021,-0.083564821,-0.069988784,-0.236995455,-0.238892742,0.466246318,-0.192259993,-0.23435059,0.08024646,-0.197105714,0.233113572,-0.064615218,-0.095738199,-0.225756825,-0.181685402,-0.236995455,-0.338222672,0.215996597,0.057026772,-0.069988784,-0.142525431,-0.184912831,0.03531597,0.209782009,0.2389137,-0.036600445,-0.351605044,-0.333280312,-0.119269203,-0.109568852,-0.334229469,0.310671504,0.086506461,-0.089793178,0.143166429,0.107877038,-0.225758803,-0.170031446,-0.226980483,-0.089793178,0.288920891,0.347620943,-0.38415587,-0.337827449,-0.376360076,-0.343959581,-0.076821175,0.045087654
1/1/10,-0.098706326,-0.32396935,0.200219014,0.208339606,-0.210866852,-0.191462461,-0.161089,-0.09186551,-0.009884284,-0.122975105,-0.147158264,0.430534463,-0.121357908,-0.122715998,0.08204815,-0.130996521,0.303297862,0.024744625,-0.064939642,-0.128946759,-0.189799667,-0.122975105,-0.196527952,0.219575544,0.199807506,-0.009884284,-0.247507462,-0.170031446,0.114004488,0.285382495,0.167286425,0.001424791,-0.395183449,-0.215455822,-0.092583119,-0.026975504,-0.307589457,-0.086114008,-0.096830351,-0.081517954,0.217436422,0.090481877,-0.128945957,-0.069853029,0.170946385,-0.081517954,0.421227726,0.240027553,-0.333658128,-0.473111448,-0.248305743,-0.242932413,-0.119245341,0.184649208
4/1/10,-0.16153888,-0.304931934,0.12062987,0.142536651,-0.133886135,-0.149738803,-0.268110495,-0.115351871,-0.071282682,-0.037689762,-0.087862803,0.312791094,-0.033838883,-0.012849844,0.135465646,-0.058673995,0.268063421,0.091325797,0.031188981,-0.052444279,-0.20211832,-0.037689762,-0.122338339,0.214102707,0.402137656,-0.071282682,-0.301266537,-0.247507462,0.233980967,0.227659456,0.085590393,0.119112074,-0.088494673,-0.126713811,-0.038382779,0.068647691,-0.214393194,-0.042107681,-0.097135906,-0.057736089,0.255100645,0.118016479,-0.052443897,-0.006382804,0.157214141,-0.057736089,0.431592915,0.222243406,-0.326681754,-0.382857905,-0.181116568,-0.17087595,-0.017460098,0.231162559
7/1/10,-0.16153888,-0.277869141,0.043358818,0.085356271,-0.072850253,0.03065763,-0.405272205,-0.189382463,-0.316188448,0.022547408,0.00303188,0.257751853,0.015282352,0.070109745,0.222497295,0.027971624,0.176145488,0.235684269,0.0978596,0.00610747,-0.217465976,0.022547408,-0.021800797,0.208942983,0.461340693,-0.316188448,-0.072520838,-0.285082398,0.254409672,0.28302671,0.021553951,0.007123591,-0.053703528,-0.055242304,-0.014522794,0.088262181,-0.204585264,0.06588803,-0.086025548,-0.000500555,0.17889757,0.051655896,0.006106951,-0.109758065,0.03691476,-0.000500555,0.368655308,0.205658921,-0.300703756,-0.395154426,-0.123601958,-0.114370583,0.031695745,0.310937399
10/1/10,-0.220165536,-0.171920135,-0.026705755,0.042128388,-0.065347938,0.098706326,-0.307705781,-0.142863336,-0.259064568,0.041200277,0.018336684,0.189118989,0.025659655,0.086983875,0.248403177,0.02783921,0.049441925,0.153045111,0.136667787,0.01784951,-0.233757922,0.041200277,0.034473119,0.210163234,0.38594495,-0.259064568,0.074039004,-0.304317031,0.259865129,0.202262245,-0.021553951,0.032733443,0.036047617,0.012626491,0.050363859,0.088262181,-0.215745226,0.026682109,-0.055583457,-0.000587544,0.185386958,0.020349301,0.017850398,0.037639318,0.178926113,-0.000587544,0.318158561,0.196402342,-0.188603891,-0.275817591,-0.089499225,-0.059276423,0.060024192,0.257407206
1/1/11,-0.204870774,-0.034570291,-0.108830108,-0.023125375,-0.110677869,0.033206752,-0.079784961,-0.106324323,-0.00574457,0.071724043,0.007706685,0.108632504,0.067094798,0.098446807,0.237853824,0.014345084,0.042916653,0.090855582,0.117720337,0.046086511,-0.248509188,0.071724043,0.043785171,0.208503536,0.358040942,-0.00574457,-0.080855146,-0.355159922,0.341729595,0.094231676,-0.141935216,0.114172127,0.01060644,0.013768482,0.148258096,0.088262181,-0.24549415,-0.331633174,-0.040605751,-0.017724932,0.270554726,0.039989896,0.04608655,0.279121836,0.274646912,-0.017724932,0.235867206,0.204563956,-0.061427374,-0.075295524,-0.055466232,-0.018163634,0.133906067,0.178936383
4/1/11,-0.122669718,-0.103242952,-0.166180035,-0.032873617,-0.22810618,0.044235881,-0.107276995,-0.10160649,-0.119534952,0.082785283,0.096721885,0.064126887,0.072746503,0.108911246,0.232546542,0.087314132,-0.022383954,0.1280787,0.168496855,0.068407206,-0.259648633,0.082785283,0.064595022,0.20265712,0.27316726,-0.119534952,0.494350827,-0.370853468,0.29502665,0.079215191,-0.236168977,-0.012904705,0.324183631,0.099766556,0.158587267,0.110377486,-0.208651854,-0.001858352,-0.04158387,-0.38493033,0.306952419,-0.023093283,0.068404429,0.290366134,0.114768469,-0.38493033,0.206465413,0.221836197,-0.114102662,-0.144611501,-0.045911399,0.003976063,0.154927793,0.189068837
7/1/11,-0.204870774,-0.066930735,-0.204110406,-0.09414174,-0.469398018,0.049738225,-0.395866414,-0.122165705,-0.400728603,0.102969804,0.117960446,0.019065768,0.099391353,0.127650073,0.213771256,0.093049095,0.100152757,-0.007197664,0.166443485,0.109213732,-0.266089357,0.102969804,0.195392401,0.201108593,0.24324041,-0.400728603,0.483099974,-0.268322425,0.312033637,0.047260383,-0.236168977,0.009763347,0.48951004,0.256774826,0.063171248,0.103497837,-0.216145418,-0.298594483,-0.064958451,-0.400728603,0.269943091,0.024755938,0.109211649,0.204870774,0.27447183,-0.400728603,0.203698628,0.236036948,-0.069189537,-0.132924646,-0.022878818,0.002586745,0.20091782,0.156515599
10/1/11,-0.084837871,-0.220303667,-0.228664409,-0.211047652,-0.457198791,0.146169767,-0.485228365,-0.173036651,-0.33939602,0.115023704,0.24987908,0.052822597,0.113779486,0.142114261,0.189820428,0.2191206,-0.006768579,0.142377339,0.226996648,0.143325407,-0.267734361,0.115023704,0.225995502,0.206928236,0.197998769,-0.33939602,-0.140991806,-0.238552392,0.25288406,0.107301209,-0.269390813,-0.06180832,0.062205696,0.328942502,0.034651696,0.095274659,-0.149263687,-0.021566784,-0.037840372,-0.341344746,0.232292871,0.004658351,0.143324072,0.113579133,0.133891726,-0.341344746,0.173718191,0.175312954,-0.190571399,-0.124063472,0.009748966,0.113360557,0.168053997,0.051808782
1/1/12,-0.177793833,-0.061569474,-0.221309048,-0.324442109,-0.397016318,0.369705483,-0.393190496,-0.290955595,-0.31149354,0.101057784,0.28971931,0.141935216,0.106004869,0.109207893,0.158676523,0.239590337,0.032902798,0.073593886,0.214715051,0.163232215,-0.265126308,0.101057784,0.195392401,0.214628879,0.215643566,-0.31149354,0.098706326,-0.259869349,0.21577935,0.430804271,-0.197951729,0.439363275,0.127311506,0.3947939,0.207379684,0.097067037,-0.110857011,-0.370017459,0.122599107,-0.073458106,0.183623465,0.038370248,0.163230142,0.156109839,-0.001543788,-0.073458106,0.275105114,0.128234048,-0.07120168,-0.085893365,0.143066071,0.23380074,0.246394237,-0.04090953
4/1/12,-0.171639357,-0.086696396,-0.188726072,-0.336611988,-0.305737704,0.13055866,-0.32463618,-0.275501508,-0.324583039,0.088741949,0.274734763,0.276770065,0.104558238,0.09834197,0.142791671,0.259992759,0,0.106832357,0.226037628,0.182471085,-0.259112749,0.088741949,0.145440943,0.215537915,0.248128158,-0.324583039,0.127409464,-0.171639357,0.218262243,0.342137186,-0.110740671,0.057615957,0.082061601,0.335229175,0.146209038,0.109904358,-0.095208437,-0.158458327,0.193844051,0.044235881,0.168696102,-0.170429547,0.182472214,0.00346902,0.082976576,0.044235881,0.340939303,0.089443939,-0.102217154,-0.095664559,0.255640468,0.294657724,0.233584243,0.099895092
7/1/12,-0.191462461,-0.143217994,-0.146351557,-0.314729052,-0.212036144,0,-0.31875004,-0.237035536,-0.230178488,0.072736161,0.294781171,0.228381477,0.105966807,0.123811578,0.130911359,0.292107947,-0.187977514,0.106464949,0.258767193,0.193286782,-0.250660076,0.072736161,0.092305719,0.215893345,0.20732221,-0.230178488,0.436423278,-0.208840313,0.182892208,0.420579412,-0.191462461,-0.377238073,0.12300545,0.27198753,0.153732817,0.158763528,-0.076043053,-0.238616773,0.205679079,-0.018990074,0.152636171,-0.240521765,0.193285767,0.07638759,-0.150026793,-0.018990074,0.371943161,0.051022111,-0.152951012,-0.025386454,0.310193438,0.321296284,0.23109709,0.038736699
10/1/12,-0.273372648,0.405683964,-0.119568544,-0.219160564,-0.195201963,0.155421742,-0.196404504,-0.261540539,-0.153555751,0.083741613,0.213633387,0.095731818,0.147087342,0.121567176,0.123043239,0.193930175,-0.057276533,-0.1316519,0.218437394,0.214721758,-0.24076693,0.083741613,0.111371235,0.222242452,0.345123784,-0.153555751,0.32639122,-0.205587845,0.231428224,0.285139611,-0.140576433,0.487342416,0.182603219,0.244039956,0.153514262,0.151320832,-0.067107218,-0.222015996,0.241966953,0.075532001,0.078015442,-0.122531468,0.214719467,0.052093511,-0.457852868,0.075532001,0.311784277,0.042438121,0.362438758,0.045068482,0.415710391,0.231634402,0.287900904,-0.15386573
1/1/13,-0.191462461,-0.072812048,-0.111753253,-0.198559352,-0.166311393,-0.191462461,-0.108816546,-0.197508372,-0.100517374,0.101716166,0.226093035,0.2308084,0.218572362,0.124653431,0.156077233,0.229911842,-0.048792612,0.032575716,0.235786693,0.20118851,-0.230398609,0.101716166,0.127545253,0.223719776,0.061463223,-0.100517374,0.054585342,-0.172695464,0.123658189,0.125894319,-0.170031446,-0.490240921,-0.016114373,0.195595155,0.277206473,0.264921067,-0.204222969,0.180235907,0.1186964,-0.044235881,0.058959065,-0.031848701,0.201189641,0.113200794,-0.492807955,-0.044235881,0.176958575,0.232625254,-0.155816115,-0.193615093,0.258763464,0.215469819,0.207392483,-0.190022035
4/1/13,0.191462461,0.143095049,-0.115525528,-0.223638033,-0.141123795,0.191462461,-0.043524946,-0.123975782,-0.046299201,0.073778226,0.174759587,0.097013972,0.242760995,0.152120267,0.172258608,0.183095457,-0.259453423,0.046823977,0.201073958,0.175554873,-0.220411405,0.073778226,0.021292624,0.217052173,0.109939275,-0.046299201,-0.01424491,-0.172695464,0.157762975,0.115731941,-0.046826342,-0.040961824,-0.133799612,0.154106532,0.324700107,0.177793836,-0.106123946,-0.136596499,0.124964684,-0.210742639,0.090798695,-0.184589866,0.175556241,-0.011236325,-0.357857907,-0.210742639,0.16393174,0.103070553,0.04606524,-0.167060423,0.241623528,0.145382919,0.247873318,0.043395513
7/1/13,-0.191462461,-0.134486016,-0.122296693,-0.20244818,-0.115257577,-0.098706326,0.138834389,0.03782939,0.146736989,0.057079995,0.185003265,0.180184321,0.235187645,0.154501201,0.201664151,0.188754745,-0.300964239,0.395095945,0.209087517,0.160162468,-0.211488723,0.057079995,-0.015953437,0.214477267,0.120661394,0.146736989,0.031210562,-0.13055866,0.161306105,0.101144198,-0.107468566,-0.019358527,-0.077708818,0.159662207,0.378400478,0.177047868,-0.247507461,0.078641783,0.113968657,-0.165882429,0.201992252,-0.119782804,0.160161362,0.042662176,0.017338197,-0.165882429,0.109365521,0.330668543,-0.231116232,-0.064661652,0.220557073,0.115286259,0.198623069,-0.26484449
10/1/13,-0.191462461,-0.217258095,-0.146481677,-0.191388798,-0.15013156,-0.098706326,0.169455633,0.037572009,0.164471869,0.162967419,0.169619319,0.334638933,0.271958121,0.208250202,0.325370282,0.160474445,0.226518294,0.277562332,0.210104547,0.170598332,-0.204111971,0.162967419,0.165188934,0.222369319,0.10478919,0.164471869,0.138080721,-0.13055866,0.147803188,0.072351936,-0.079259709,-0.019358527,0.046487468,0.174643046,0.402089552,0.218687652,-0.399336109,0.176000509,0.080519167,-0.152213857,0.155586499,0.034011103,0.170598608,-0.220849128,-0.144768972,-0.152213857,0.042161873,0.466270558,-0.272386747,-0.067471066,0.124061704,0.112426553,0.155164674,-0.116424631
1/1/14,-0.191462461,0.204471249,-0.138644787,-0.243154931,-0.206294373,0,0.143267899,-0.03889598,0.17385109,0.362126117,0.174767988,0.073374148,0.181771385,0.333015225,0.265663355,0.160312046,-0.133333024,-0.133609636,0.182428759,0.210905121,-0.198564129,0.362126117,0.451395395,0.229561315,0.17993661,0.17385109,0.084466512,-0.160487182,0.193744595,-0.0082105,0,0.307849798,-0.068087236,0.203511863,0.332600535,0.081558589,-0.396733781,-0.24215139,0.244458436,-0.112451519,0.270086102,-0.133965932,0.210910197,0.038859543,-0.15796566,-0.112451519,-0.024873153,0.474211662,0.250291199,0.45654658,0.225594811,0.150024577,0.208555973,-0.084331454
4/1/14,0.066183833,-0.102844711,-0.157173733,-0.348700141,-0.170322613,0,0.087234877,-0.130865753,0.141758576,0.485719048,0.282197304,0.345041789,0.25303411,0.437284684,0.317107851,0.273232621,0.05650157,0.097590497,0.317742759,0.307873392,-0.194958347,0.485719048,0.465789363,0.226164544,0.30404231,0.141758576,0.042967913,-0.208840313,0.296028558,0.201748942,-0.452209648,0.304715479,-0.127712515,0.292732617,0.306529326,0.281649981,-0.349024381,0.194229133,0.287600682,0.033206752,0.386397367,0.202895798,0.307874447,-0.044235881,-0.156138389,0.033206752,-0.050953317,0.372527865,-0.147314698,0.129418941,0.330750385,0.19348211,0.259942191,-0.11344592
7/1/14,-0.079259709,-0.176310099,-0.155421742,-0.312189185,-0.144735877,0.191462461,0.057689893,-0.157939889,0.122887549,0.475782629,0.28380315,0.469458709,0.236936977,0.388985024,0.309029937,0.264755711,0.081316737,0.130305893,0.339109518,0.330511637,-0.193278976,0.475782629,0.438032097,0.225034325,0.391471238,0.122887549,-0.137752975,-0.328943874,0.362266893,0.360575093,0.146169767,0.102996588,-0.279517357,0.324492399,0.252107113,0.244168367,-0.225746882,0.149465171,0.3467119,-0.016617786,0.35543713,0.009181088,0.330515811,-0.106123948,0.227833576,-0.016617786,-0.076387849,0.134446099,-0.175854188,-0.233885054,0.390585306,0.310191972,0.291186326,0.014850802
10/1/14,0,0.09218942,-0.163262521,-0.297955363,-0.168662649,-0.098706326,-0.033835973,-0.122844873,0.065130817,0.448231387,0.265611471,0.368295603,0.163332468,0.410973394,0.245068401,0.232516864,-0.244674685,-0.091414428,0.317980533,0.286104518,-0.193422512,0.448231387,0.247507462,0.233135217,0.393507492,0.065130817,-0.094569813,-0.447918721,0.364253515,0.199828616,0.146169767,0.037621944,-0.215996512,0.30252859,0.155298143,0.311817952,-0.218687658,-0.078305087,0.397230063,0.094096386,0.062082016,-0.056599619,0.286102264,-0.475091878,0.31126479,0.094096386,-0.172630936,0.213666436,0.08158551,-0.127440917,0.414271773,0.410800183,0.285669122,-0.171356503
1/1/15,0.155421742,0.188713486,-0.162434923,-0.258351822,-0.210647185,0.191462461,-0.167291156,-0.196311087,-0.052460686,0.196698471,0.258254401,0.351664813,0.052256866,0.352250342,0.170432598,0.24922243,-0.071119903,0.483207059,0.311942641,0.191807759,-0.195235909,0.196698471,0.391274287,0.23623007,0.366547935,-0.052460686,0.140192864,-0.433192799,0.305789928,-0.088519692,0.425693002,-0.023047412,0.163171061,0.263963506,0.132277533,0.098706325,0.035414895,0.091635578,0.416020714,0,-0.351216874,-0.312963635,0.1918061,-0.457170048,0.37499354,0,-0.160749292,0.0255149,0.199909361,0.331591355,0.31201895,0.310447076,0.311631047,-0.297044568
4/1/15,0.288144601,0.122823968,-0.082893882,-0.212241698,-0.193888301,0.341344746,-0.008379406,0.00217923,0.007777052,-0.060834633,0.202513679,0.381100216,0.005073956,0.279702517,0.126640843,0.203572799,-0.069616793,0.373962441,0.281540963,0.079964644,-0.198541152,-0.060834633,0.210465292,0.226794115,0.326462117,0.007777052,-0.234014471,-0.42710243,0.278163497,-0.021001966,0.273372648,-0.085068014,-0.222677917,0.212996922,0.130245529,-0.027491464,-0.035414895,-0.010300563,0.418818079,0.098706326,-0.178402134,-0.169234611,0.079966423,-0.295622617,0.313648364,0.098706326,-0.301182772,0.011692184,0.141508866,0.373994476,0.29347717,0.286850783,0.332775638,-0.182956589
7/1/15,0.155421742,0.100839973,0.011506355,-0.201188927,-0.159371108,0.433192799,0.064211851,0.35851407,-0.000974217,-0.074732985,0.19006465,0.264584773,0.012781715,0.276904038,0.063595863,0.186064566,0.068557144,0.117164022,0.235166533,0.048655957,-0.203130679,-0.074732985,0.109678431,0.219779614,0.243546168,-0.000974217,-0.149310137,-0.258036348,0.248924831,-0.151680777,0.320341331,0.003269982,-0.144330777,0.185732894,0.035939196,-0.066183828,-0.14193521,-0.030266209,0.364785646,0.159744054,-0.167791699,-0.001203874,0.04865561,-0.228121945,0.201826334,0.159744054,-0.285779909,0.080081596,0.112441428,0.203878863,0.214228088,0.226974647,0.264349548,-0.095832387
10/1/15,0.155421742,0.119529097,0.135042309,-0.153846233,-0.116355964,0.394350226,-0.01628622,0.264932457,-0.018242586,-0.228266265,0.147113928,0.147769669,-0.108217706,0.190640175,0.023460881,0.150358439,-0.244003548,-0.044886812,0.21107355,-0.072599307,-0.208728303,-0.228266265,0.086163533,0.223571533,0.193924763,-0.018242586,-0.167129293,-0.17724189,0.205384118,-0.33522491,0.452209648,-0.135744697,-0.036673339,0.145629487,-0.007052396,-0.034646962,-0.130558656,-0.139392196,0.237794864,0.443883429,-0.366035218,-0.293259188,-0.072599591,-0.216145417,0.152032514,0.443883429,-0.280133043,0.182721771,0.122960726,0.230948998,0.170738569,0.202296015,0.198813072,-0.179381007
1/1/16,-0.098706326,0.092372008,0.418168503,-0.151827231,-0.149365652,0.079259709,-0.058974451,0.189493069,-0.124302318,-0.284551235,0.059980283,0.13084231,-0.013459074,0.139987805,-0.019497252,0.068742351,-0.14007625,-0.201144192,0.174436018,-0.127230853,-0.21495012,-0.284551235,0.070215594,0.227454192,0.165013112,-0.124302318,-0.142762861,-0.154030997,0.151733649,-0.20230883,0.341344746,-0.026576464,0.395952697,0.116957008,-0.160740344,0,0.191462465,-0.145676436,0.146567949,0.498650102,-0.393352523,-0.02736077,-0.127231286,-0.189436199,0.141522077,0.498650102,-0.280897819,-0.17149376,0.11609531,0.235097076,0.189927036,0.147550379,0.174598361,0.059778045
4/1/16,0.098706326,-0.017299039,0.448549816,-0.143335264,-0.264800802,0.155421742,-0.238023804,-0.119513843,-0.183247727,-0.320301534,0.022224566,0.108818435,-0.146205826,0.110059918,0.005843497,0.022857294,-0.146566968,-0.346842221,0.142158416,-0.170706229,-0.221287808,-0.320301534,0,0.220759314,0.143591051,-0.183247727,0.093172808,-0.152528842,0.145312953,-0.05857912,0.31834893,-0.162362305,0.163028732,0.09113397,-0.004619602,0,0.225746888,-0.014552998,0.146819831,0.499392413,-0.262233695,-0.252567402,-0.17071162,-0.107836344,0.150374099,0.499392413,-0.268626151,-0.213204257,0.015518614,0.257513406,0.16424668,0.078446585,0.170578151,0.048531174
7/1/16,0.098706326,-0.04466848,0.453382201,-0.118650013,-0.305164746,0.098706326,-0.321513099,-0.232793537,-0.242102945,-0.247464093,0.016979217,0.093439146,-0.076740142,0.113416344,0.271903888,0.016465638,-0.073706676,-0.361642921,0.150961974,-0.136982008,-0.227135917,-0.247464093,-0.153003703,0.216209578,0.128568452,-0.242102945,-0.01424491,-0.071423716,0.154389912,-0.074765166,0.243821623,-0.005319073,0.039870911,0.116827363,0.113547119,0.083371548,0.203098572,-0.016839322,0.106491719,0.47128344,-0.107530085,0.125725357,-0.136982806,-0.082515647,0.082121158,0.47128344,-0.289236121,-0.228107378,-0.022343402,0.190065189,0.20476164,0.05575059,0.158959885,-0.217943861
10/1/16,0.191462461,-0.10229213,0.344705287,-0.131025308,-0.25960391,0,-0.089163143,-0.070603763,-0.026075015,-0.152821531,0.15319338,0.171337823,0.010124352,0.149357287,0.263998388,0.16334751,-0.060244541,-0.130569457,0.181250008,-0.112034719,-0.231898349,-0.152821531,-0.225746882,0.220036227,0.133619522,-0.026075015,-0.128760177,-0.053747484,0.179311267,0.06934989,0.191462461,0.068805288,0.007892386,0.18455607,0.089113778,0.041916505,0.167286424,0.073200141,0.087435732,0.385492209,-0.090714722,0.174709717,-0.11203812,-0.113890542,-0.083045945,0.385492209,-0.21878222,-0.219758128,-0.038808757,0.198320971,0.212160531,0.05238241,0.167462668,0.051224387
1/1/17,-0.191462461,0.014894797,0.165699985,-0.156142636,-0.252641798,0,0.027941318,-0.048626126,0.136624455,-0.091284714,0.169353409,0.243790539,0.055123883,0.228805788,0.43241447,0.109383051,0.120632681,-0.320851686,0.196614069,-0.060656947,-0.235147723,-0.091284714,-0.441403687,0.220440433,0.182322803,0.136624455,0.034899218,-0.019938806,0.230908463,0.290557556,0.217354352,0.256298235,-0.023671352,0.321429811,0.277060699,6.30E-09,0.178466406,-0.000637823,0.148629078,0.398285841,0.031730593,0.203293394,-0.060662118,0,0.076012383,0.398285841,-0.281844823,-0.152081489,0.039282079,0.209194504,0.257645522,0.191462461,0.208480863,-0.27625774
4/1/17,0.191462461,0.235369837,0.095414874,-0.216276852,-0.263316011,0,-0.084677968,-0.167599541,0.04624233,0.011952865,0.2498269,0.306289608,0.18184424,0.356691119,0.372347308,0.147013031,0.116945518,-0.231556404,0.241655403,0.062296001,-0.236764462,0.011952865,-0.373451046,0.210635015,0.280592665,0.04624233,-0.025999543,0.177793833,0.281738916,0.159382095,0.25411615,0.13055866,-0.135715739,0.34501851,0.331244535,0.074365681,0.089894164,-0.120143518,0.266154341,0.443945535,0.142555069,0.173744474,0.062295262,-0.081558595,0.279541493,0.443945535,-0.287115615,-0.090606658,0.33873094,0.104168195,0.295834771,0.204735111,0.255526972,0.046284314
7/1/17,0.155421742,0.201838301,0.026029282,-0.209456068,-0.241678703,0,-0.200170352,-0.207533304,0.041415325,0.016655699,0.30181358,0.388115539,-0.026880781,0.336738553,0.383877292,0.230055253,0.149550043,-0.02269155,0.282268087,0.056448034,-0.237013328,0.016655699,-0.239246988,0.203235067,0.293330258,0.041415325,-0.022152064,0.177793833,0.311789203,0.208819889,0.162521588,0.036217587,-0.233458222,0.36977461,0.362949125,0.149738807,0.107468563,0.086249976,0.456275133,0.416531622,0.205494049,-0.113571489,0.056445024,-0.018990075,-0.218550399,0.416531622,-0.32137436,-0.156545588,0.30718873,0.161667228,0.290663454,0.374608826,0.293151053,-0.079259709
10/1/17,0,0.283362629,-0.029466942,-0.290628497,-0.176052146,0.191462461,-0.18231645,-0.173904676,0.128054319,0.190820414,0.350688499,0.331707321,0.46069767,0.390920344,0.42684061,0.34845183,0.317871887,-0.063260341,0.297664591,0.249525601,-0.23653083,0.190820414,-0.155421742,0.204836649,0.290836492,0.128054319,-0.098706326,0.230849625,0.326735552,-0.016389048,-0.022152064,0.14913223,-0.225004787,0.381415963,0.380566313,0.091252949,0.130558659,0.405334056,0.403661532,0.341344746,0.25530368,0.283191944,0.249532109,-0.165882429,0.054841625,0.341344746,-0.298131172,-0.198544772,0.312736925,0.159463633,0.228343038,0.425661202,0.322171823,0.250066425
1/1/18,0,0.138381679,-0.078131378,-0.267528777,-0.105343939,0.098706326,-0.032460055,-0.074280349,0.339273708,0.221153879,0.46965229,0.384156285,0.49281076,0.32701434,0.34070673,0.480468555,0.207501156,-0.012518219,0.297228294,0.296795321,-0.236186834,0.221153879,-0.176888803,0.204445456,0.303964956,0.339273708,-0.316678076,0.32201644,0.307167046,0.277514187,0.168139885,0.447918721,-0.258592206,0.355944486,0.346982596,0.301266541,0.452209648,-0.048804167,0.358554609,0.310145167,0.315761238,0.075118038,0.296796947,0.023453666,-0.084511972,0.310145167,-0.226394206,-0.368754784,0.167584931,0.18404216,0.223153877,0.469134089,0.309731418,0.005342817
4/1/18,0.341344746,-0.209859847,-0.109047042,-0.269470624,-0.036146859,0.341344746,0.086000328,0.05103156,0.45374979,0.281825199,0.387721242,0.319085541,0.497679042,0.246706712,0.320761059,0.410002302,-0.017557825,-0.18025486,0.298601213,0.373723007,-0.236870257,0.281825199,-0.066183833,0.196742143,0.297853994,0.45374979,-0.178778471,0.369705483,0.281896784,0.16797082,0.170031446,0.194009021,-0.115383384,0.340432686,0.250194497,0.375718373,0.452209649,0.087149974,0.221005161,0.319970911,0.302513348,0.066582426,0.37372534,0.355159923,-0.230629535,0.319970911,-0.227949199,-0.448390971,-0.209725516,0.163085115,0.229847919,0.427621054,0.274762554,-0.029597224
7/1/18,0.191462461,0.006130077,-0.140576433,-0.258887081,-0.021434211,0,0.071349103,0.071525293,0.368208488,0.311253983,0.346539232,0.233257848,0.474041819,0.228243655,0.171416147,0.360339188,0.063708088,0.150728969,0.263746441,0.375154214,-0.239240468,0.311253983,-0.003530417,0.19390886,0.271888203,0.368208488,-0.06021532,0.311207012,0.255271037,0.147422503,0.184386303,0.052341331,-0.155814366,0.296249289,0.213555662,0.359242677,0.324676052,0.165704821,0.167273827,0.285460666,0.283764036,0.130824155,0.375155592,0.436918802,0.050256741,0.285460666,-0.191503576,-0.297875377,0.02160952,0.139488825,0.198771319,0.347374054,0.248074648,-0.009873801
10/1/18,0,-0.047671031,-0.149087155,-0.162724687,-0.035694107,0,0.21071313,0.259004329,0.309594912,0.261871948,0.283261101,0.197054749,0.402076826,0.186352264,0.137198678,0.294351659,0.150925568,0.193723865,0.226758918,0.30449324,-0.243463936,0.261871948,0.108847235,0.201000206,0.236152674,0.309594912,-0.018127498,0.266470549,0.223553564,0.070391485,0.16153888,-0.047132977,-0.233874314,0.226505376,0.071450863,0.213112302,0.351636574,-0.221606819,0.154531019,0.260394395,0.179630812,-0.014755614,0.304495091,0.355159923,0.036563724,0.260394395,-0.128376519,-0.354446125,-0.065252932,0.123805195,0.197857911,0.310787259,0.214388985,0.168452321
1/1/19,0,0.336528837,-0.07030191,-0.129523147,-0.030706743,0.191462461,0.019171392,0.175695504,0.092114371,0.157977437,0.245618226,0.264100452,0.279446807,0.190905718,0.145189756,0.247918654,-0.072587377,0.223198315,0.219789153,0.221187957,-0.249040484,0.157977437,0.134675481,0.205060722,0.208945891,0.092114371,0.101632829,0.079259709,0.216565027,0.003070174,0.086048296,-0.105595358,0.081159629,0.213193722,0.066147263,-0.183030649,0.384930331,0.303725908,0.166499257,0.228204038,0.075518281,-0.297605399,0.221189118,-0.168139885,0.028949365,0.228204038,-0.193478815,-0.386872256,0.346594282,0.415666262,0.163721802,0.271715379,0.243609704,-0.326446969
4/1/19,0.341344746,0.065423,-0.088176654,-0.166926487,0.037404398,0,-0.144159582,-0.028792245,-0.024988567,0.046113884,0.185578151,0.262211478,0.121123406,0.168838027,0.055892176,0.164402277,-0.276320499,0.041830017,0.196579817,0.14072222,-0.254807965,0.046113884,-0.17364478,0.199797886,0.179560925,-0.024988567,0.269390813,0.102282394,0.202898015,0.0792957,0.207279533,-0.382717045,0.050808616,0.199948893,0.117360396,-0.352592913,0.132929641,0.055965971,0.195985458,0.196140915,0.190801616,-0.34614788,0.140721438,0.191462461,-0.211772643,0.196140915,-0.242851687,-0.093655668,0.081924072,0.319459466,0.182979762,0.1985156,0.221701297,-0.158618488
7/1/19,0.098706326,-0.108124628,-0.037639318,-0.146193606,-0.066896478,0,-0.397464174,-0.30127591,-0.213308747,-0.008694532,0.132356575,0.224998444,0.099521241,0.103307363,0.010781453,0.108092035,-0.21783407,-0.013706571,0.182739598,0.11365106,-0.259185329,-0.008694532,0.044235881,0.201859164,0.173889087,-0.213308747,0.224576444,0.225746882,0.182846666,0.098682176,0.373451046,-0.167842078,0.269608236,0.17910594,0.120049652,-0.39215962,0.172493337,-0.247738066,0.180469205,0.1185454,0.134044182,-0.086610726,0.113648981,0.109408525,-0.065565832,0.1185454,-0.301058065,-0.116778709,-0.094278985,0.219459776,0.249321991,0.172701332,0.191954757,-0.155761098