DATE,births,UNRATE,PCE,AAA,BAA,INDPRO,PSAVERT,HOUST,CIVPART,EXUSEU,BAA10YM,UMCSENT,INTDSRUSM193N,PPIACO,BUSLOANS,TOTALSA,DSPIC96,MICH,TCU,DPSACBM027NBOG,PI,DGORDER,DSPI,JTSJOL,USEPUINDXM,TTLCONS,PMSAVE,WPSFD49207,BUSINV
7/1/04,-0.5,0.191462461,-0.162967687,0.297671619,0.258036348,-0.030333257,0.191462461,0,0.191462461,0,0,0.156608942,-0.341344746,-0.051888775,-0.256393174,-0.05142732,-0.275204648,0.191462461,-0.028260118,-0.185160343,-0.174592972,0,-0.15498322,0,-0.12121143,-0.346410599,0.174808899,-0.045929864,-0.240026647
8/1/04,0.170581057,0,-0.110198101,0.140991806,0.148027292,-0.016194226,0.16153888,0.036824568,0,-0.052709082,0.341344746,0.108032057,-0.191462461,0,-0.118857916,-0.191462461,0,0,-0.014074986,-0.126486071,-0.076284638,-0.18330921,-0.066183833,-0.187047979,-0.145635822,0,0.158735162,-0.015340152,-0.000101139
9/1/04,0,0,0,-0.066183833,0,0,0,-0.158202743,-0.341344746,-0.029576345,0.13055866,0,0,-0.025999543,0,0.394572799,0.05142732,0,0,0,0,0.097548383,0,0.004986649,0.075868826,-0.083574698,0,0,0
10/1/04,-0.023317569,0.191462461,0.087128521,-0.055231024,-0.047758426,0.177025068,-0.033206752,0.115665997,-0.191462461,0.164871404,-0.066183833,-0.156608942,0,0.168139885,0.078288652,0.144581314,0.118841295,0.273372648,0.178931115,0.070418276,0.12080753,-0.099863402,0.13055866,0.09109287,0.162484654,0.113691331,-0.036248299,0.177793833,0.191373201
11/1/04,0.5,0,0.158900784,0,-0.055670005,0.21279077,-0.191462461,-0.32235308,0,0.40173819,-0.466623492,-0.08932402,0.191462461,0.270086101,0.306155006,0,-0.144581314,0,0.208987718,0.309888539,0.159933154,0.30964084,0.16181099,-0.229305627,0,0.401221113,-0.16153888,0.237160354,0.414112568
12/1/04,-0.157729432,0,0.245399493,-0.055231024,-0.094834872,0.321381333,0.466623492,0.066734804,-0.191462461,0.478002281,-0.49957094,0.180015426,0.341344746,0.183767728,0.441202415,0.464453116,0.5,0.191462461,0.314975443,0.404097964,0.493486694,0.349701747,0.498519347,0.178778471,-0.26040466,0.499478979,0.47430025,0.191462461,0.440119062
1/1/05,0.499881102,-0.5,0.184529217,-0.364333939,-0.412632088,0.229811829,-0.297671619,0.169290984,-0.191462461,0.154849864,-0.38342969,0.083040275,0.341344746,0.081036362,0.431259478,-0.228791399,-0.305904662,0.098706326,0.217337599,0.254209803,0.278149189,0.168946987,0.09439261,-0.008434718,-0.275433978,0.447259365,-0.275670647,0.053542011,0.237796218
2/1/05,0.245759034,,0.214979675,-0.5,-0.499229015,0.342051993,-0.360669753,0.189351139,0,0.005180923,-0.328274462,-0.007387398,0.191462461,0.281649985,0.340920603,-0.229759494,-0.120947806,0,0.339449231,0.11315509,0.222342595,0.149044651,0.295737625,0.197765846,-0.290887394,0.343183537,-0.371105547,0.323444383,0.250241232
3/1/05,0.003015466,-0.5,0.292541379,-0.124826488,-0.098706326,0.161325373,-0.13055866,-0.346042758,,0.25255112,-0.304317031,-0.109408525,0.341344746,0.378327495,0.296125476,0.01627233,0.254401363,0.433192799,0.135239027,0.236115282,0.155248286,-0.432635138,0.339425462,0.123112104,-0.180784394,0.27097213,-0.136878512,0.400728603,0.340588177
4/1/05,0.138883916,-0.341344746,0.417838449,-0.124826488,-0.015340152,0.13815663,-0.191462461,0.013532945,0.5,-0.199601877,-0.066183833,-0.382027882,0.341344746,0.494936005,0.267341041,0.146524527,0.307487458,0.477249868,0.108703308,0.494626288,0.235382705,0.107311086,0.239630623,0.156954918,0.006926224,0.223976286,-0.165361413,0.405324257,0.216336374
5/1/05,0.141272816,-0.191462461,0.242704105,-0.433192799,-0.191462461,0.086566851,0.049738225,-0.070037873,0.5,-0.392210938,0.203098571,-0.392767171,0.191462461,0.185147767,0.274702188,0.000230071,0.218022308,0.13055866,0.036777905,0.298936321,0.176888803,0.499997183,0.172350439,-0.371398652,-0.043476077,0.197132558,0.078056133,0.13055866,0.174265094
6/1/05,0.4124949,-0.341344746,0.250791768,-0.376210543,-0.477249868,0.440416383,-0.341344746,0.011731905,0.191462461,-0.491421674,0.191462461,0.104735985,0.341344746,0.044235881,0.20790282,0.345683651,0.27054352,0,0.464876612,0.213106099,0.224418645,0.499998352,0.212338816,0.080074211,0.053849008,0.386005699,-0.277058046,0.033206752,0.097796118
7/1/05,0.38760407,-0.341344746,0.388662917,-0.151320829,-0.062730127,0.258752567,-0.394350226,-0.032436226,0,-0.423241061,0.056798497,0.119697915,0.341344746,0.452209648,0.252170477,0.499999971,0.174986961,-0.5,-0.18695472,0.188277037,0.227557383,-0.033836899,0.215472719,0.362755567,-0.022880277,0.31107188,-0.424739652,0.497020237,-0.133999411
8/1/05,0.099200006,-0.191462461,0.375854786,-0.044235881,-0.098706326,0.30750631,-0.13055866,0.215472719,0.5,-0.100667855,-0.092248712,-0.083495254,0.191462461,0.49079192,0.295339651,-0.062866039,0.108909784,-0.5,-0.092420962,0.350555469,0.294652489,0.15955946,0.290289968,0.136014602,-0.199468686,0.264169701,-0.137838886,0.499968329,0.002556407
9/1/05,-0.49965001,0,0.169211854,0.087929552,0.220165536,-0.490326364,-0.098706326,0.499346153,,-0.022437861,0.079259709,-0.268811909,0.341344746,0.464069681,0.231101087,-0.151571868,-0.149684824,0.499999981,-0.5,0.334073656,0.346221593,-0.01425942,0.365359482,0.360479069,0.463088867,0.295523515,-0.094574864,0.481731893,0.499829931
10/1/05,0.499879853,,0.174080242,0.468354584,0.497696734,-0.198720161,0.341344746,-0.014592194,,-0.27551786,0.022152064,-0.293515871,0.341344746,0.433192799,0.224545336,-0.335150192,0.398826225,0.5,-0.490688175,0.322668037,0.341127635,0.33243274,0.352047729,0.043100286,0.185737735,0.315077478,0.359662522,0.37406794,0.499999984
11/1/05,0.478349609,,0.326973693,0.49079192,0.496400545,0.198095556,0.487775527,0.406024809,-0.5,-0.328482748,0.056798497,-0.077826047,0.191462461,0.197404173,0.38163617,-0.113119863,0.499994894,0.016617786,0.026323496,0.183780682,0.319601473,0.410854641,0.32486769,0.110530418,-0.062560378,0.267799357,0.489474408,0.123918846,0.44560689
12/1/05,0.251755376,-0.5,0.171767239,0.177793833,0.165117512,0.344651533,0.394350226,-0.231004445,-0.5,-0.164409715,0.056798497,0.157532333,0.341344746,0.026141414,0.328299194,0.054936369,0.455148805,-0.033206752,0.135805707,0.348432219,0.250634714,0.420864108,0.252464619,0.093326774,0.152329791,0.216396814,0.385250602,0.071423716,0.331301315
1/1/06,-0.056055733,-0.433192799,0.396841391,-0.049738225,-0.0411964,0.210852062,0.247507462,0.361120175,-0.191462461,0.055436989,-0.191462461,0.153003703,0.433192799,0.167613687,0.285713056,0.312646858,0.335905807,-0.049738225,0.104104465,0.3327102,0.331835593,-0.004530485,0.31399974,0.276433697,0.101858499,0.269104134,0.258661153,0.327528711,0.310221918
2/1/06,0.038536617,-0.341344746,0.461032102,0,-0.074365688,0.090483178,0.220165536,-0.064658384,0.191462461,-0.061477779,-0.499767371,0.070764823,0.191462461,-0.26753994,0.29559883,0.044100327,0.259152399,-0.049738225,0.050829432,0.180534719,0.38246537,0.169823709,0.358522174,0.081889937,-0.313051577,0.259112731,0.239133148,-0.104381977,0.217578191
3/1/06,-0.094345912,-0.191462461,0.235196733,0.499996602,0.364333939,0.088460489,0.165882429,-0.319808137,0.341344746,0.107685589,-0.493790335,0.045612305,0.191462461,-0.21800429,0.232720565,-0.034022188,0.193645152,-0.066183833,0.029782545,0.221420948,0.221812815,0.134534922,0.21246168,0.498261477,-0.367386751,0.168232347,0.166795292,-0.033206752,0.219674559
4/1/06,-0.004483025,-0.098706326,0.183382463,0.499606238,0.433192799,0.493972871,-0.098706326,-0.33493603,0.191462461,0.340619198,-0.167613687,-0.066183833,0.191462461,0.167613687,0.291241486,0.052049504,0.071486228,0.433192799,0.344128593,0.487771678,0.125381297,-0.458562415,0.118817203,0.478398345,0.227714638,-0.02282373,-0.05675351,0.264921069,0.33471845
5/1/06,-0.063926638,-0.191462461,0.342120291,0.446422246,0.437695765,0.385996466,-0.297671619,-0.068805288,0,0.476514363,-0.091252957,-0.40138327,0.341344746,0.247507462,0.369650714,-0.473322644,0.0374147,0.499999713,-0.132274682,0.306633833,0.222887073,-0.112200777,0.233023777,0.032311264,-0.211007552,-0.237042526,-0.287161265,0.16153888,0.356305864
6/1/06,-0.473340457,-0.5,0.258257488,0.143319877,0.174084326,0.25104989,-0.191462461,-0.181447882,0.5,0.362547565,-0.341344746,-0.215044242,0.341344746,0.165882429,0.32767847,-0.195666114,0.318588745,0.191462461,0.470862069,0.150055873,0.237537331,0.201307071,0.268560985,0.089155495,0.158289263,-0.338969128,-0.127890407,0.135386451,0.298536477
7/1/06,-0.397388444,0,0.286583773,0.005540687,0.046826342,0.16799807,-0.341344746,-0.255709515,0,0.12637777,-0.191462461,-0.155421742,0.341344746,0.135787811,0.245958536,0.479945839,0.242310647,-0.066183833,0.006132366,0.066059574,0.25408951,-0.328522541,0.297346305,-0.158701524,0.175247518,-0.264007566,-0.393184705,0.061134479,0.259686889
8/1/06,-0.149059763,0,0.290550641,-0.455434537,-0.341344746,0.321976683,-0.273372648,-0.229305627,0.191462461,0.072443289,0.341344746,-0.204378985,0.098706326,0.220165536,0.266187862,-0.365577622,0.068140425,0.493790335,0.174049764,0.30501857,0.269733027,-0.157374088,0.276094992,0.070810756,-0.146803001,-0.293612292,-0.268597004,0.469603638,0.193819021
9/1/06,-0.41540297,-0.341344746,0.203239097,-0.499663071,-0.477249868,0.131410072,-0.13055866,-0.187258808,0,0.076675665,0.341344746,0.048031573,0,-0.136830651,0.222531722,0.037034247,0.496054711,-0.079259709,-0.331314611,0.473851392,0.242881864,0.469786533,0.230430693,0.098314912,-0.312917666,-0.288955671,-0.089189328,-0.191462461,0.221170205
10/1/06,-0.499522383,-0.341344746,0.123308187,-0.290893043,-0.334123317,0.099556241,-0.098706326,-0.433192799,0.191462461,-0.229223128,0.098706326,0.437544534,,-0.47441194,0.182068213,-0.028471665,0.499999804,-0.066183833,-0.381078797,0.499516687,0.345316349,0.021019464,0.296412996,-0.018567527,-0.204500467,-0.247815997,0.013566849,-0.424712014,0.250071539
11/1/06,-0.373709981,-0.098706326,0.309316394,-0.196620719,-0.222709333,-0.123354935,0.477249868,-0.305675216,0.191462461,0.455125319,-0.369705483,0.499999865,,-0.203921986,0.167983471,-0.367505977,0.381666328,-0.191462461,-0.33839938,0.407220775,0.328170393,0.142647268,0.292563872,0.051816512,-0.159984441,-0.20704127,0.5,-0.16153888,0.198565277
12/1/06,0.409439222,-0.098706326,0.370645266,-0.211858919,-0.231595992,0.498953563,0.341344746,-0.001329805,0.341344746,0.469403132,-0.146169767,0.164827906,,0.018127498,0.432408723,0.148659337,0.218602958,-0.341344746,0.080434674,0.266299837,0.377857641,0.165920508,0.373543425,-0.041828766,-0.078732883,-0.0030103,0.498934814,0.17364478,0.217590518
1/1/07,-0.10482483,0.191462461,0.49749105,-0.120028468,-0.075532001,0.25558707,0,-0.433192799,0.341344746,0.209253362,-0.364333939,0.151014073,,-0.258036348,0.310170236,0.019498871,0.185390463,-0.191462461,-0.221544054,0.168631728,0.380308342,-0.052719826,0.380847069,0.243944935,0.482297069,0.038949678,0.130924282,0.124826488,0.196490498
2/1/07,0.281600882,0,0.307718568,-0.011080305,-0.059617692,0.449774688,0.341344746,-0.112105193,0,0.138421813,-0.210742639,-0.083371543,,0.283982554,0.295152591,0.394768546,0.211824582,0,0.168559972,0.154443119,0.297146236,-0.050072703,0.292047215,0.091252957,-0.301461421,0.056148125,0.411293839,0.41756673,0.301836726
3/1/07,0.143679633,-0.191462461,0.165137192,-0.2398416,-0.016617786,0.243440884,0.341344746,0.008864654,-0.191462461,0.24500529,0.25411615,-0.33489332,,0.429049695,0.270188624,-0.327997357,0.305945416,,0.123442514,0.186067709,0.268637159,0.375325841,0.281690028,0.477589427,0.49971912,0.145745226,0.46225888,0.42710243,0.361774407
4/1/07,-0.027425217,0,0.238529163,0.341344746,0.341344746,0.258921059,0.13055866,-0.011080305,-0.477249868,0.34642641,0.234014471,-0.497979863,,0.406278605,0.275452881,-0.122564178,0.275722688,0.5,0.126097187,0.494181773,0.235901277,0.224306454,0.258776047,-0.016899277,-0.023506402,0.459726231,0.188295844,0.378327495,0.272932231
5/1/07,0.268240307,-0.191462461,0.276207598,0.191462461,0.283982554,0.256682309,-0.049738225,-0.493790335,-0.273372648,0.327100998,-0.033206752,-0.175281858,,0.310130793,0.300756357,-0.094377861,0.076359214,0.5,0.5,0.34969454,0.153805996,-0.031644016,0.156744219,-0.111711959,0.278096105,0.402318786,-0.021233282,0.208840313,0.390269377
6/1/07,0.311382368,0.191462461,0.224584947,0.492605393,0.449118248,0.164171273,-0.273372648,-0.084466512,-0.13055866,0.080072331,-0.066183833,-0.197305566,,0.187625322,0.369213835,-0.304457466,-0.091445979,0.247507462,0.105218011,0.11445269,0.110045207,0.015090938,0.104454292,0.360169476,0.055650583,0.267467764,-0.194612887,0.149738803,0.405856008
7/1/07,0.135453837,0.341344746,0.260904312,0.447918721,0.381361074,0.010559154,-0.341344746,-0.433192799,0,0.21605476,0.019938806,0.290366134,,0.178138599,0.332480782,-0.459454849,-0.065393661,0.066183833,-0.106872432,-0.008005314,0.212075904,0.399323478,0.231397628,-0.1167892,-0.187676808,0.064504122,-0.284357754,0.191462461,0.201407108
8/1/07,-0.07304672,0.098706326,0.33993385,0.230849625,0.191462461,0.489056489,-0.273372648,-0.284261489,-0.5,0.219876352,0.497020237,-0.470259108,-0.5,-0.074365688,0.300966706,-0.026972073,0.002624601,-0.191462461,-0.031758301,0.489336863,0.230917885,0.214805323,0.289862446,-0.138315718,0.31329124,0.065563278,-0.268530307,0,0.166532106
9/1/07,0.441120707,0.191462461,0.368657737,0.006233219,-0.045929864,0.5,-0.13055866,-0.391406476,0,0.458586474,0.499767371,-0.231272694,-0.5,0.028471665,0.375981521,0.069640396,0.450406668,-0.341344746,0.256870292,0.499999962,0.435931537,-0.165878059,0.452209648,-0.010958574,0.370074399,-0.016160123,-0.145532824,0.5,0.30599448
10/1/07,0.5,0.191462461,0.251059971,-0.247507462,-0.421709796,0.136007293,-0.273372648,-0.201740081,-0.5,0.42773597,0.170457377,-0.173276811,-0.394350226,0.38493033,0.355998988,0.042862828,0.214125043,-0.191462461,-0.176738101,0.477989651,0.40083305,0.029265383,0.374697963,-0.053928567,0.179845619,-0.363745061,-0.221450518,0.40878878,0.407648286
11/1/07,-0.23350748,0,0.292416843,-0.493790335,-0.481389575,0.444111073,-0.247507462,-0.270012765,0,0.453992126,0.175281858,-0.472637464,-0.146169767,0.48486986,0.235909796,-0.018061863,-0.047221325,0.13055866,0.405718326,0.386435171,0.293485015,0.011968484,0.276869885,0.036886386,0.160089679,-0.499797698,-0.30277152,0.45848178,0.31061981
12/1/07,0.405371204,0.5,0.275119625,-0.433192799,0.070037873,0.246823472,0.191462461,-0.303276654,0,0.238926523,0.491225525,-0.442946567,-0.13055866,0.388530453,0.192812477,-0.457981031,0.41756673,0.13055866,0.211450963,0.26195644,0.300552416,0.399489099,0.278169477,-0.32841406,0.29388128,-0.499533222,0.252857885,0.335514959,0.340872711
1/1/08,-0.243527779,0.5,0.196903585,-0.245373085,-0.058457205,-0.034180725,0.341344746,-0.257264685,0.191462461,0.148530422,0.411788644,-0.067979671,-0.498650102,0.231595992,0.275354401,-0.499576002,0.265355495,0.13055866,-0.019505121,0.118734549,0.410992161,0.315767381,0.402648522,-0.023922183,0.45574499,-0.288532575,0.379576499,0.187155972,0.3624865
2/1/08,-0.162304491,0.13055866,0.038169463,0.036217587,0.398442582,-0.296910429,0.433192799,-0.138323926,,0.087929552,0.306366238,-0.285722468,-0.498650102,0.183227853,0.240682486,-0.345017176,0.1358988,0.13055866,-0.310459769,0.110211209,0.223047113,0.115773449,0.219531428,-0.5,0.141726317,-0.186306627,0.41338018,0.138644787,0.266578366
3/1/08,0.052722317,0.13055866,0.44893515,0.044235881,0.348356888,-0.18676574,0.234014471,-0.167720816,0.5,0.493362984,0.274739119,-0.372425359,-0.273372648,0.46814234,0.212715816,-0.259812975,0.025312661,0.5,-0.186054225,0.436810629,0.195213743,-0.048598135,0.167778704,-0.485821352,0.116224694,-0.10688419,0.212677745,0.325749288,0.146320858
4/1/08,0.105075666,0,0.473230981,0.165882429,0.216145417,-0.367418249,-0.117911422,-0.204669633,-0.191462461,0.5,0.178054048,-0.388194303,-0.191462461,0.409525348,0.282545629,-0.346232538,-0.491941384,0.499767371,-0.392107015,0.457628571,0.165466954,-0.173218357,0.096613954,-0.270086101,-0.31047238,-0.166981994,-0.105914671,0.306937663,0.130810785
5/1/08,-0.064460293,0.5,0.410792641,0.273372648,0.09063031,-0.411797527,0.499979342,-0.173898632,0.191462461,0.192128936,-0.012210612,-0.320341331,-0.234014471,0.343091804,0.260284166,-0.249126278,0.5,0.312968601,-0.437873083,0.128099048,0.499998464,-0.169817626,0.5,-0.052829166,-0.475940329,-0.037467848,0.499999516,0.358011614,0.278495891
6/1/08,-0.112755377,0.498650102,0.366829201,0.469603638,0.293373312,-0.281774498,0.469603638,0.082721531,0,0.010536873,-0.09063031,-0.287791147,-0.039827837,0.27884334,0.131258228,-0.178714024,0.5,0.13055866,-0.29266361,0.016984408,0.499908352,-0.178449237,0.499999999,-0.489924635,-0.26173392,-0.495461778,0.482844155,0.42647074,0.400612138
7/1/08,-0.139343479,0.309213047,0.216171056,0.433192799,0.424712014,-0.19080938,0.039827837,-0.363801879,0,0.492666044,0.057973519,-0.02876468,0,0.29928792,0.205130617,-0.451653337,-0.003646196,0.074365688,-0.197458755,-0.478891094,0.097134183,-0.457532876,0.112419884,-0.379211189,0.110335136,-0.427783689,0.047571716,0.394350226,0.397683824
8/1/08,0.151473105,0.258036348,0.075160235,0.114729251,0.2398416,-0.422674788,-0.079259709,-0.477916372,,-0.435429753,0.09063031,0.126057183,,0.049738225,0.417519104,-0.276185868,-0.070304927,-0.191462461,-0.445161948,-0.238722558,-0.056418971,-0.499952159,-0.044154674,-0.190010151,-0.082251602,-0.413331601,-0.069272775,0.132929637,0.29442439
9/1/08,-0.105897748,0.234014471,-0.192499216,0.019938806,0.247507462,-0.499981079,0.035155167,-0.302337457,-0.5,-0.498855793,0.368440088,0.447918721,,-0.106123948,0.282435701,-0.427412838,-0.029181589,-0.40878878,-0.499992296,0.5,-0.051721593,-0.285105992,-0.029778326,-0.356094753,0.499999999,-0.357036185,0.032745606,0.082515647,0.024711249
10/1/08,-0.189936723,0.258036348,-0.406621841,0.5,0.5,-0.382841834,0.141935216,-0.214266221,-0.5,-0.470263388,0.499997578,-0.213112298,-0.5,-0.459940843,0.491804472,-0.377367157,0.025987666,-0.477249868,-0.386486656,0.5,-0.072096828,-0.36476104,-0.047668064,-0.38342969,0.498989381,-0.280515377,0.138305297,-0.391274287,-0.237157955
11/1/08,-0.474433483,0.378327495,-0.487381159,0.5,0.5,-0.179355011,0.293373312,-0.324341772,-0.341344746,-0.317571118,0.494980283,-0.207568859,-0.5,-0.498976521,0.450468477,-0.357872957,0.323296215,-0.382484772,-0.181692912,0.22718032,-0.196935014,-0.485037972,-0.251714266,-0.224221997,0.084160725,-0.238940775,0.28919075,-0.498790659,-0.439898213
12/1/08,-0.490278043,0.433192799,-0.377725265,-0.245236528,0.127629455,-0.177730367,0.280158099,-0.473828289,-0.341344746,-0.097160259,0.245443989,-0.040562866,-0.309213047,-0.348904446,0.089151274,-0.232964671,0.176954725,-0.425693002,-0.183130422,0.162785712,-0.499979342,-0.299046194,-0.468089474,-0.102846684,-0.007287165,-0.48385625,0.26859585,-0.418902509,-0.428593963
1/1/09,0.024111466,0.323444383,-0.154048183,-0.234014471,-0.036792675,-0.485345909,0.081558595,-0.303493675,-0.433192799,-0.049370325,0.053099098,0.040562866,-0.146169767,-0.147325357,-0.062120144,-0.093098824,0.14911497,-0.228121945,-0.484675616,0.325962935,-0.494888827,-0.23611223,-0.321393761,-0.444118944,0.109002181,-0.45023244,0.077870637,-0.159862506,-0.349825094
2/1/09,-0.495884239,0.325749288,-0.061684255,-0.070469693,-0.093472404,-0.316119232,-0.151320829,-0.064067628,-0.098706326,-0.310103334,-0.131589291,-0.201173209,-0.191462461,-0.09743387,-0.164206,-0.381901393,-0.213963118,-0.115665997,-0.306932792,0.125700394,-0.326436066,-0.322124346,-0.259125856,-0.482392714,0.07729188,-0.211319009,-0.167024978,-0.060932292,-0.261403349
3/1/09,-0.10668437,0.258036348,-0.224346553,0.04279457,-0.002695535,-0.163361035,-0.066183833,-0.162201261,-0.341344746,-0.081925964,-0.008487493,-0.015743633,0,-0.103613664,-0.279848884,-0.166058056,-0.222165187,-0.039827837,-0.166509845,0.097357426,-0.200557109,-0.185636843,-0.174328629,-0.29779962,-0.026264378,-0.115955071,-0.093102236,-0.144146764,-0.235237573
4/1/09,0.00706924,0.225746882,-0.150972472,0.053035117,-0.020625748,-0.187038338,0.225746882,-0.202798888,-0.191462461,0.066183833,-0.341344746,0.347628621,,-0.182137443,-0.346003904,-0.125694891,0.034639776,0.40878878,-0.189414294,0.398428876,-0.070297561,-0.072669075,0.116725648,-0.257193693,-0.275917817,-0.281362679,0.217426602,-0.107468566,-0.276009309
5/1/09,0.064229586,0.229436988,0.087404646,0.154337958,-0.222165187,-0.273577446,0.477249868,0.098706326,0,0.375352172,-0.495253225,0.364891747,,0.16153888,-0.327437623,0.200485901,0.357014082,0.40878878,-0.26911193,0.486204148,0.285334155,0.086997842,0.414592436,-0.112700189,-0.205865331,-0.488868948,0.47903368,0.066183833,-0.24354946
6/1/09,0.432905991,0.216145417,0.259247335,0.183767728,-0.34902438,-0.174624256,0.109408525,0.288144601,,0.482158239,-0.484373881,0.230849625,,0.420990373,-0.319316093,0.188862621,-0.004480539,0.213112298,-0.174056599,0.39403448,0.119534636,-0.051373976,0.16493241,-0.044883677,-0.206328288,-0.243260899,0.116498093,0.496169619,-0.246531124
7/1/09,0.499133807,0.139507569,0.369962439,-0.117911422,-0.433192799,-0.034020182,-0.151320829,0.137074286,-0.5,0.273119936,-0.388272315,0.015743633,,0.326692784,-0.374557094,0.381103166,-0.106035159,0.024917669,-0.036447027,0.133596448,0.051340015,0.494112952,0.028358873,-0.499485743,-0.070901094,-0.094980798,-0.150635606,0.341344746,-0.254689516
8/1/09,0.084543257,0.079259709,0.401772488,-0.32201644,-0.297143282,0.210300759,-0.369705483,0.113135249,-0.433192799,0.148163904,-0.201861489,-0.016617786,,0.231595992,-0.330668737,0.499999963,-0.269489948,0,0.211214261,0.08699783,0.016640139,0.338330808,0.009826479,-0.135023587,0.405634678,-0.191074151,-0.376262003,0.38493033,-0.275015288
9/1/09,0.28540874,0.433192799,0.159895052,-0.324676055,-0.230194738,0.324499134,-0.191462461,0,-0.433192799,0.235300517,-0.137133222,0.394350226,,0.095774274,-0.247382054,-0.089470094,-0.207473114,-0.498650102,0.332633567,0.337420377,0.160246363,0.130049335,0.150251666,0.139893103,0.305940985,-0.42967496,-0.196508351,0.122669718,-0.22902496
10/1/09,0.049656439,0.493790335,0.222251289,-0.178778471,-0.168139885,0.228152242,-0.146169767,-0.5,-0.297671619,0.425971484,-0.154955459,0.078444868,,0.134482847,-0.226246201,0.056121616,-0.179669467,0.191462461,0.246809215,0.342004978,-0.023339389,0.204388321,-0.022391037,-0.09694775,-0.00928205,-0.446568814,-0.130136452,0.079259709,-0.09475476
11/1/09,0.198289729,0.191462461,0.124195639,-0.053542011,-0.066183833,0.154340897,0,0.433192799,-0.191462461,0.246845623,-0.022508979,-0.13055866,,0.466623492,-0.23742142,0.065165539,-0.119849196,-0.341344746,0.178331426,0.48542351,0.28702869,0.305300503,0.270632859,0.127599928,-0.275462246,-0.30510639,-0.005372798,0.499946688,0.100543553
12/1/09,-0.362238218,0.066183833,0.221294043,0.124826488,0.036886386,0.184076855,0,-0.297671619,-0.234014471,0.001437627,-0.309213047,0.210329587,,0.420595856,-0.242300819,0.048838467,0.428261243,-0.273372648,0.218374199,0.346167668,0.450920612,0.077991555,0.443130253,0.206649935,-0.170473327,-0.281418386,0.047521952,0.477249868,0.141066692
1/1/10,-0.1358999,-0.191462461,0.353890132,0.124826488,-0.220165536,0.404226516,0.079259709,0.498134187,-0.341344746,-0.237670075,-0.5,0.145257939,,0.418617655,-0.266695771,-0.041621562,0.431985212,0.066183833,0.385876161,0.112866327,0.444374192,0.499581671,0.389646506,0.464394042,0.091643581,-0.30429163,0.113063831,0.302851838,0.160741838
2/1/10,-0.084101104,-0.191462461,0.249331659,0.266470549,0.191462461,0.404464793,-0.5,0.412632088,-0.098706326,-0.466167836,-0.331859252,0.075210325,0.5,0.232598081,-0.282678712,-0.232866421,0.136414956,0,0.379559996,0.004415681,0.201173209,0.497734635,0.140627609,0.342833783,-0.043817928,-0.275641827,-0.052829166,0.077862632,0.168141544
3/1/10,0.092256405,0,0.269051249,0.028471665,-0.191462461,0.272924107,-0.341344746,0.351636578,0,-0.318327315,-0.184386303,0.072731759,0.5,0.264921069,-0.203924288,0.327711731,0.117851075,0,0.279052931,0.499999663,0.17365853,0.208937369,0.159218988,0.133256524,0.054930499,-0.112304123,-0.123645175,0.293373312,0.5
4/1/10,0.316518898,0,0.460144547,0.433192799,-0.191462461,0.178418933,0.493790335,0.444772775,0.433192799,-0.181604884,-0.19875856,-0.237730282,0.191462461,0.172695464,-0.145932825,0.201296483,0.5,0.5,0.205333491,0.17623456,0.360719985,0.083136916,0.499227109,0.485871281,0.052374036,0.072145884,0.491019918,0.13055866,0.4147029
5/1/10,0.463392262,-0.433192799,0.217364035,-0.499999881,-0.389188199,0.391186521,0.466623492,-0.185940121,0,-0.28885149,0.135386451,0,0,0.23579492,-0.180707224,0.246937698,0.498979633,0.493790335,0.365118098,-0.395382635,0.49147639,0.274277108,0.490996201,0.316872033,0.433357887,0.033982476,0.478225446,0,0.199310323
6/1/10,0.061703543,-0.477249868,0.147467921,-0.5,-0.191462461,0.333737283,0.247507462,-0.388530453,-0.5,-0.494778976,0.487035474,0.5,,0.015953437,-0.232824174,0.032641361,0.288231913,0,0.317587322,-0.194860738,0.282347696,0.164242743,0.261516379,-0.02322622,0.050199998,-0.02133498,0.270709291,-0.5,0.266439985
7/1/10,0.191933925,-0.247507462,0.304222815,-0.297671619,-0.498650102,0.212816803,0.072137292,-0.207868963,-0.5,-0.118252239,0.453697949,-0.5,,0.107468566,-0.255536267,0.208948148,0.137634156,-0.098706326,0.223314663,-0.03947274,0.161007491,0.130106478,0.138718039,0.175334782,0.499999999,-0.5,0.09047156,-0.13055866,0.440943301
8/1/10,0.091003427,-0.039827837,0.396586345,-0.226600646,-0.422921399,0.111194752,0.039827837,0.035414893,-0.13055866,0.021478308,0.140088609,-0.453382201,,0.171639357,-0.10109543,0.135221276,0.127499717,-0.098706326,0.143925011,0.235341984,0.197328204,0.39940548,0.164315882,0.00780798,0.097617559,-0.5,0.021191298,0.273372648,0.386324067
9/1/10,0.490150837,0,0.318259562,-0.267050141,-0.312289196,0.297883618,-0.341344746,0.041325485,-0.066183833,0.166188203,0.026935063,-0.164775519,,0.139507569,-0.106096678,-0.012464917,0.199242192,-0.433192799,0.274368418,0.387366467,0.307107989,0.475616596,0.316634292,-0.166711666,0.450889139,-0.130003471,-0.356195234,0.433192799,0.308296165
10/1/10,0.354601878,-0.191462461,0.282672264,-0.022784301,-0.144977209,0.072387712,-0.433192799,-0.16153888,-0.341344746,0.445526179,0.464069681,-0.044235881,,0.369705483,-0.314880349,0.494339137,0.182248361,0,0.126986871,0.409725341,0.228474436,0.199117726,0.240237879,0.436331951,0.07470715,-0.06339964,-0.441841578,0.411492009,0.320067664
11/1/10,0.353501681,0.477249868,0.337361175,0.191462461,0.112451519,0.018761998,-0.191462461,-0.003911136,,0.400771298,0.493790335,0.438881822,,0.459940843,-0.047183505,0.472128757,0.236268679,0.5,0.099694057,0.338507967,0.306174491,0.245863223,0.343846961,0.24097088,0.094906526,0.066256049,-0.263788742,0.317598228,0.277386293
12/1/10,-0.273075603,-0.341344746,0.325181627,0.31453611,0.26753994,0.5,0.341344746,-0.028471665,-0.5,0.03130946,-0.234014471,0.497905957,,0.420990373,0.418896694,0.299402418,0.499607998,0.5,0.445310807,0.272259614,0.450214392,-0.005402758,0.478762045,-0.022569586,-0.160470025,-0.488495939,0.446094248,0.323444383,0.259145451
1/1/11,0.153127271,-0.477249868,0.231953623,0.201740081,0.261624687,0.460454887,0.378327495,0.297671619,-0.341344746,0.054135271,-0.28083017,0.282131402,,0.361986045,0.490145203,0.236469896,0.493926365,0.378327495,0.499591794,0.102736251,0.448341033,0.491609915,0.392974406,0.043196718,-0.270211067,-0.5,0.479950827,0.295622617,0.274319244
2/1/11,0.310427288,-0.341344746,0.245431821,0.196620719,0.122027775,0.037857764,0.315939875,-0.108153565,-0.191462461,0.128959686,-0.235185165,0.188522497,,0.404300488,0.334040456,0.362900246,0.270092068,0.247507462,0.103521144,0.063626077,0.37153092,-0.00152902,0.296695796,0.154940217,-0.236729337,-0.427427854,0.342971725,0.351216876,0.236469726
3/1/11,-0.164990689,-0.191462461,0.336505809,0.126852832,-0.066183833,0.223902562,-0.024917669,0.499998983,-0.098706326,0.239597581,-0.081808307,-0.375990085,,0.328943874,0.292297927,0.297911255,0.062846449,0.477249868,0.19709563,0.483793359,0.174777569,0.499926657,0.160718946,0.081181917,0.108197452,-0.096529051,0.008525277,0.288144601,0.253265689
4/1/11,-0.132214802,0,0.33521987,0.207279533,-0.191462461,0.066472843,-0.098706326,0.029403496,0,0.4213242,-0.143720349,-0.275960254,,0.303020312,0.400792012,0.20754212,-0.089285927,0.433192799,0.050470611,0.497674612,0.087420058,0.142157136,0.133937407,0.077977184,-0.054541401,0.001897717,-0.05407549,0.273372648,0.35540497
5/1/11,-0.486632235,-0.191462461,0.231368298,-0.260630859,-0.486595435,0.276949372,-0.098706326,0.022877578,-0.5,0.19955201,-0.015340152,0.004243987,,0.238413358,0.408984971,-0.311680492,-0.222450281,0.114729251,0.27063681,0.401948099,0.170990664,0.10712904,0.163955961,-0.060253872,-0.284233156,0.126141452,-0.051473874,0.226726089,0.313948473
6/1/11,0.184033184,0.191462461,0.143277776,-0.220165536,-0.477249868,0.231996921,0.079259709,0.195278803,-0.341344746,0.111040667,0.419243341,-0.117911422,,0.126242519,0.31206693,-0.406412861,0.143953884,-0.049738225,0.224517694,0.199884551,0.394713616,-0.141278801,0.4094859,0.423820711,0.159250892,0.412376702,0.076879309,0.126493573,0.224940465
7/1/11,0.089864708,0,0.267578144,-0.221812815,-0.198468212,0.373918194,0.13055866,0.2498167,-0.191462461,-0.031216818,0.433192799,-0.306937663,,0.063391854,0.248578381,-0.073139108,0.241419319,-0.169125612,0.30970474,0.225864344,0.410073083,0.246138862,0.40356646,0.4999999,0.445925848,0.470116421,0.211921259,0.108341881,0.195635011
8/1/11,-0.039022377,0,0.31604802,-0.465888377,-0.290366134,0.485239164,0.13055866,-0.063391854,0,-0.003116705,0.441958433,-0.459940843,,-0.136830651,0.32000028,-0.023621168,0.190261217,-0.146169767,0.44637839,0.347552109,0.293733557,0.200522383,0.292328327,0.068858756,0.495080479,0.288091568,0.159074244,0.059617692,0.166363596
9/1/11,-0.076269736,0,0.280322378,-0.5,-0.5,0.243183149,-0.247507462,0.255370968,0.191462461,-0.499986654,0.464069681,-0.245455351,,-0.044235881,0.379941422,0.303598582,0.000604458,-0.16153888,0.204180693,0.310223188,0.124877414,0.021452603,0.122107305,0.37185509,0.217595461,0.206491617,-0.200162908,0.387680681,0.146711135
10/1/11,-0.298647298,-0.5,0.22323422,-0.289614611,-0.182606513,0.217991725,-0.247507462,0.010497269,0,-0.499999725,0.270936787,-0.048088476,,-0.499767371,0.226546305,0.399647478,0.188254627,-0.146169767,0.222161453,0.189991562,0.074308844,0.093433474,0.097998499,0.109843653,-0.159148292,0.135282334,-0.176565154,0.315939875,0.29841208
11/1/11,0.320173429,-0.5,0.186507057,-0.117003032,-0.115954091,0.207454772,-0.146169767,0.499619587,0,-0.229656599,0.030325041,0.135042309,,-0.449793753,0.219557301,0.251806706,-0.021035364,-0.191462461,0.120088902,0.194065017,0.346662132,0.472712808,0.419998771,-0.063840781,-0.13747487,0.042716808,-0.082118879,0.191462461,0.376892139
12/1/11,0.446396244,-0.394350226,0.127319361,-0.08126402,-0.208840313,0.325952115,0.369705483,0.312595117,-0.5,-0.207164405,0.169125612,0.360669753,,-0.270086101,0.345711759,0.086601704,0.5,-0.191462461,0.305197052,0.357279081,0.499998983,0.427428391,0.499788168,0.400513454,-0.044282114,0.400054601,0.405478366,0.049738225,0.341088327
1/1/12,-0.445363912,-0.234014471,0.494563108,-0.15772054,-0.072137292,0.311982542,0.415434278,0.168045946,-0.5,-0.485170067,0.056798497,0.454531555,,-0.066183833,0.312918316,0.304877496,0.5,0.191462461,0.384621804,0.331479314,0.499934083,0.249055734,0.499603459,0.262474738,-0.05768326,0.499999973,0.46757868,0.309213047,0.270356487
2/1/12,0.017961635,-0.191462461,0.49999981,-0.141935216,-0.415434278,0.383457385,0.208840313,0.032663607,-0.433192799,-0.109223723,-0.315939875,0.23805567,,0.139507569,0.361262455,0.5,0.393179011,0.191462461,0.280239654,0.19542636,0.384186265,0.122420329,0.399464111,-0.188047175,-0.232769732,0.217235475,0.236845875,0.497020237,0.298076374
3/1/12,0.037308509,-0.191462461,0.30927933,0.273372648,0,0.068155774,0.124826488,-0.104381977,-0.13055866,-0.01484554,-0.312968601,0.109785901,,0.486595435,0.297190525,0.229211317,0.201168342,0.499767371,-0.074207621,0.272001851,0.236064874,-0.106198174,0.228645594,0.381835132,-0.281133733,0.126092333,0.143772182,0.304317031,0.30791767
4/1/12,0.030288951,-0.098706326,0.128315127,0.213112298,-0.087929552,0.231124529,0.459940843,0.437146191,-0.098706326,-0.113769239,-0.045929864,0.05157027,,0.399336104,0.219278696,0.092866381,0.192420244,-0.191462461,0.117453095,0.431351105,0.218855669,-0.188519326,0.189526206,0.01701456,-0.198145192,0.363587202,0.346448059,0.117911422,0.250820743
5/1/12,0.162460231,-0.191462461,0.036612732,-0.222709333,-0.477249868,0.274051767,0.288144601,0.028471665,-0.191462461,-0.499580539,0.16153888,0.452209648,,0.019938806,0.218647032,-0.052118692,0.166958481,-0.433192799,0.005424264,0.110795363,0.143847805,-0.223806576,0.145483956,0.059198,0.04361784,0.458489369,0.285704573,-0.297671619,0.196608881
6/1/12,-0.348755512,0,-0.084837871,-0.330096194,-0.327528711,0.171943588,0.165882429,0.40138327,0.191462461,-0.350502411,0.33105265,-0.413658979,,-0.191462461,0.335222295,-0.091964271,0.147436182,-0.341344746,-0.46979611,0.210896196,0.108686995,-0.037755998,0.100920809,0.128387724,0.357768324,0.364374174,0.157873587,-0.433192799,0.249963825
7/1/12,-0.351097083,,0.259705996,-0.420175049,-0.369705483,0.184543428,-0.297671619,0.127988534,-0.191462461,-0.363682566,0.243394536,-0.461863045,,-0.165882429,0.291593596,-0.152449241,-0.217223831,-0.191462461,-0.092789978,0.474533353,-0.186229358,0.499481106,-0.230318681,-0.1641182,0.299197024,0.154417131,-0.272579399,-0.252323037,0.318698677
8/1/12,-0.161087098,-0.5,0.257667392,-0.191462461,-0.181032595,-0.214021629,-0.40878878,0.06180832,-0.341344746,-0.126690918,-0.039827837,-0.116719028,,0.044235881,0.286813194,-0.081106276,-0.336947541,0.394350226,-0.459879961,0.373227515,-0.175397181,-0.5,-0.245938986,-0.043862521,-0.026148797,0.141544944,-0.369761232,0.213112298,0.360091391
9/1/12,-0.04552491,-0.5,0.499926859,-0.092653067,-0.213112298,-0.16919649,-0.16153888,0.499606238,-0.5,0.166402179,-0.252323037,0.234014471,,0.18465974,0.199683931,0.499999999,-0.137848261,0.191462461,-0.480298033,0.320611854,0.155582311,-0.364752808,0.030035401,0.307589457,0.101390366,0.203946653,-0.165368783,0.369705483,0.313680565
10/1/12,0.499946188,-0.477249868,0.457894663,-0.024917669,-0.364333939,0.046596388,0.191462461,0.499998906,0.191462461,0.205832361,-0.477249868,0.292098886,,0.120841763,0.238225973,0.499758837,0.227509215,0,-0.183720949,0.307837875,0.405185901,0.026903034,0.304340609,-0.159448665,-0.07036581,0.459226967,0.208628584,0.295622617,0.193646685
11/1/12,-0.499999996,-0.191462461,0.284379552,0.191462461,-0.494936005,0.392963919,0.394350226,0.158584174,-0.098706326,0.121330502,-0.299800567,0.294896501,,-0.052647433,0.276149571,0.399918635,0.436774585,0,0.08265279,0.369488628,0.444959156,-0.077660116,0.45337083,0.126436485,0.126466927,0.228811991,0.391096202,0.048531174,0.2018228
12/1/12,0.5,0.066183833,0.160104436,0.499989311,-0.141349753,0.334650318,0.499229015,0.278999083,0.191462461,0.11575983,-0.111711959,-0.12752344,,-0.13793373,0.30433213,0.18525427,0.497423903,0.098706326,0.261142919,0.410265399,0.4086129,0.498619301,0.419330669,0.282761458,0.178451295,0.110229163,0.498721528,-0.044235881,0.209023139
1/1/13,0.326590223,0.341344746,0.252990613,0.5,0.076249403,0.193867301,-0.297671619,0.098706326,0.191462461,0.436892203,-0.068704518,-0.106836916,,-0.023453666,0.282459969,0.215758655,-0.177666339,0.098706326,0.108908503,0.22507819,-0.08069039,0.060702847,-0.153924394,0.12104222,-0.159742723,-0.297163894,-0.272294754,0.114729251,0.406726863
2/1/13,-0.017477991,-0.191462461,0.396687308,0.394350226,0.268322425,0.215222928,-0.341344746,0.206819741,-0.433192799,0.287276966,0.024917669,-0.01586284,,0.201740081,0.251597924,0.211527015,-0.217432478,0.098706326,0.248882783,0.089353269,-0.087779748,0.499999996,-0.164487591,0.41237969,-0.420258935,0.064479085,-0.307720353,0.273372648,0.305612954
3/1/13,0.088385694,-0.273372648,0.244107435,0.179630809,0.268322425,0.418549599,-0.165117512,0.23952831,-0.477249868,-0.099292075,0.146169767,0.022654985,,0.170457377,0.177486906,0.141602346,-0.134182328,0,0.368801985,0.135121665,-0.080672603,-0.143039869,-0.121736329,0.297160524,-0.25312854,-0.483236069,-0.156395111,0.019938806,0.148781635
4/1/13,-0.077193792,-0.098706326,0.005988516,-0.055670005,-0.124826488,0.222075213,0.005249089,-0.264726985,-0.13055866,-0.053260414,-0.247507462,-0.049738225,,0.089894161,0.243869134,0.051006679,0.002125641,-0.191462461,0.072953874,0.291920421,0.032947293,0.056344539,0.011629047,0.044235881,-0.121846954,0.2002061,0.006461897,-0.25411615,0.056044646
5/1/13,-0.264703743,-0.13055866,0.290047007,0.104381977,0,0.100688831,0.155421742,-0.072137292,0,-0.096279101,-0.220165536,0.35674059,,0.079259709,0.234408417,0.154220079,0.284375565,-0.191462461,-0.007469121,0.00281158,0.394745378,0.144468607,0.406259249,0.489523312,-0.104793675,0.324771802,0.188821449,-0.049738225,0.25366076
6/1/13,0.146578396,-0.098706326,0.228952868,0.47128344,0.472359854,0.176338214,0.191462461,-0.230678016,,0.105616769,0.225746882,0.430198727,,0.098706326,0.25485598,0.499610288,0.321115416,-0.191462461,0.442513963,0.127904217,0.447339172,0.316136753,0.466148011,0.296602086,-0.078873255,0.30088569,0.24715298,-0.098706326,0.071667613
7/1/13,0.192552146,-0.341344746,0.44860004,0.499999981,0.474904544,-0.241876979,0.049738225,-0.080530977,-0.5,0.058511444,-0.360669753,0.191462461,,0.191462461,0.381387098,0.363436632,0.116169328,0,-0.493727723,0.354726929,0.160884719,-0.266273494,0.195468586,-0.250893759,-0.494088705,0.394984006,0.070712687,-0.098706326,0.499992697
8/1/13,0.249004471,-0.5,0.344801293,0.288906145,0.232227964,0.397243459,0.066183833,0.080548434,-0.191462461,0.415618665,-0.297671619,-0.067294981,,0.066183833,0.285648206,-0.053976423,0.076591711,-0.5,0.256822471,0.458983931,0.126091037,-0.011248952,0.144840826,0.011433086,-0.159511775,0.348500875,0.051828217,0.487775527,0.499855769
9/1/13,-0.17323295,-0.273372648,0.326765086,0.159504469,0.093783367,0.435973035,0.191462461,-0.076249403,-0.341344746,0.288817676,-0.281649985,-0.415434278,,-0.273372648,0.163752315,-0.027739058,0.498165512,0.341344746,0.498183002,0.391915033,0.394780368,0.199957852,0.39303976,0.054461947,0.454726195,0.248354784,0.303961242,0.341344746,0.462146509
10/1/13,0.217481343,-0.066183833,0.345907949,0.137525315,-0.008671975,0.244397425,-0.493790335,0.131497034,-0.493790335,0.339733416,-0.082515647,-0.488421465,,-0.499989311,0.274767532,-0.183909216,0.22048055,-0.191462461,0.274482317,0.35417508,0.322294664,-0.084967889,0.322678209,0.283284303,0.497570034,0.212947804,-0.416449489,0.309213047,0.336931327
11/1/13,0.135058735,-0.433192799,0.370383351,0.098706326,0.107468566,0.210833981,-0.433192799,0.449683342,-0.433192799,0.201923276,-0.098706326,-0.202049077,,-0.499911583,0.439867727,0.216394884,0.31781016,-0.191462461,0.313962913,0.350585993,0.267499192,0.204050437,0.215956298,-0.027597034,-0.116680168,0.305330063,-0.388388014,0.262474738,0.30905659
12/1/13,0.31127089,-0.5,0.297671619,0.155421742,0,0.219936365,-0.079259709,0.327528711,-0.191462461,0.334412884,-0.49957094,0.139507569,,-0.211858919,0.360547647,-0.022608324,0.283479945,0,0.215232005,0.299788877,0.40400484,0.103897018,0.365304106,0.009276891,0.00725349,0.32314416,-0.05755057,0.419243341,0.267445097
1/1/14,-0.494671644,-0.341344746,0.135913144,-0.264921069,-0.491225525,0.003050393,0.258036348,-0.086147942,-0.066183833,0.089079328,-0.5,0.104220116,,0.133864162,0.343038957,-0.499884898,0.408858139,0.5,-0.208002887,0.227569073,0.453157679,-0.281729356,0.450847825,0.13055866,-0.053033945,0.249823877,0.309277815,0.490184671,0.231106626
2/1/14,0.008168044,-0.079259709,0.197728453,-0.302337457,-0.477249868,0.499839927,0.220165536,0.033206752,0,0.060253872,-0.273372648,0.131589291,,0.312968601,0.389086946,0.228304217,0.473049516,0.341344746,0.317433473,0.179990866,0.33214758,-0.001861867,0.355214277,0.5,-0.060959898,0.169556862,0.27944831,0.332548649,0.257269488
3/1/14,0.419685807,0,0.489922031,-0.21800429,-0.244697114,0.479411554,0.171639357,0.067035279,0.5,0.473576571,-0.102282394,-0.036773212,,0.394350226,0.358477634,0.484677577,0.351794879,0.341344746,0.441043354,0.209747546,0.299769272,0.038347328,0.313988255,0.401835142,-0.000449815,0.119419673,0.201817801,0.206599723,0.270971454
4/1/14,0.134591819,-0.5,0.409251214,-0.268919805,-0.197721027,0.337967032,0.028471665,0.23542705,-0.191462461,0.28975042,-0.262474738,0.317598228,,0.228442113,0.260232825,0.424857367,0.260857721,0.098706326,0.371091209,0.481273041,0.251417674,0.497091388,0.272797547,0.30813159,-0.128098282,0.349674786,0.080367921,0.191462461,0.254359405
5/1/14,-0.11229656,-0.477249868,0.256999232,-0.406278605,-0.404511153,0.189624489,0.433192799,0.125123669,,0.042564476,-0.378327495,0.045929864,,0.140342713,0.175932557,0.247011938,0.213723473,0.191462461,0.191783186,0.192574997,0.227821578,-0.06907405,0.245422528,0.26315098,-0.240648666,0.43622974,0.309213047,0.155421742,0.264214886
6/1/14,0.159078152,-0.234014471,0.237037346,-0.121538448,-0.242153889,0.152401342,0.433192799,-0.180198509,-0.5,-0.190247398,-0.178778471,0.2398416,,0.111261593,0.251406694,0.160493547,0.246822638,-0.5,0.11484035,0.118783683,0.243394536,0.494204744,0.24138887,0.438080774,-0.44988866,0.16590814,0.284587694,0.169125612,0.239004914
7/1/14,-0.225188904,-0.039827837,0.261019693,-0.126057183,-0.128136967,0.374470973,0.273372648,0.319299411,0,-0.261254836,-0.01424491,-0.022152064,,0,0.274434512,0.129419678,0.277968003,0.5,0.347215756,0.261682121,0.292950431,0.499999906,0.263102938,0.151721428,-0.499365761,0.093495352,0.266273339,0.139507569,0.210657376
8/1/14,0.012993729,-0.191462461,0.313561831,-0.312968601,-0.152787502,0.123045402,-0.066183833,-0.06258809,0,-0.337944855,0.499767371,0.165882429,,-0.452209648,0.324554879,0.069325631,0.271473797,0,0.030337438,0.365218939,0.275504362,0.029585324,0.249147892,0.358812636,-0.327941007,0.455233642,-0.001960396,-0.039827837,0.246661455
9/1/14,0.109689336,-0.433192799,0.237218865,-0.122669718,0.112451519,0.162622764,0.098706326,0.053928567,-0.191462461,-0.456698179,0.499767371,0.459940843,,-0.496169619,0.28154749,-0.341344746,0.261467917,-0.341344746,0.12591374,0.360223695,0.242928894,-0.401223547,0.228839105,0.057518571,0.048189716,0.357240242,0.340485172,-0.499767371,0.250125504
10/1/14,0.032632439,-0.477249868,0.236991599,-0.491802464,-0.191462461,0.291574885,-0.341344746,0.304822669,0,-0.436814638,0.412632088,0.499877134,,-0.48927589,0.191523191,-0.457736264,0.280492278,-0.273372648,-0.120932595,0.236575065,0.240963228,-0.377838715,0.242420737,0.140686401,0.39398177,0.488934807,-0.05563749,-0.38493033,0.207434741
11/1/14,-0.499982811,-0.273372648,0.229882828,-0.382484772,0.107468566,0.451739669,-0.098706326,-0.048638486,0,-0.243356053,0.412632088,0.433192799,,-0.471691111,0.240363952,-0.175795966,0.283483441,-0.273372648,0.476327078,0.384434117,0.258522892,-0.478725577,0.265296726,-0.260894748,0.188260712,0.483733227,0.142422846,-0.412632088,0.311061314
12/1/14,-0.486096552,-0.191462461,0.268117325,-0.277315382,0.019938806,0.442816331,0.273372648,0.133999794,-0.5,-0.169622666,0.360669753,0.346781594,,-0.404148129,0.408643011,0.147130994,0.352546661,-0.13055866,0.250117077,0.388327358,0.294589294,-0.284319283,0.306890574,0.242348413,0.014236533,0.232509312,0.379874365,-0.452209648,0.197355204
1/1/15,0.498958387,-0.098706326,0.054321678,-0.424712014,-0.42647074,0.041530243,0.459940843,0.166604218,0,-0.399100396,0.182137443,0.40878878,,-0.349983736,0.381676147,-0.040001175,0.347218417,-0.341344746,-0.169983717,0.317867949,0.29923535,-0.108283043,0.261691356,0.278910403,0.499923296,0.183269716,0.487085513,-0.496020995,0.05307084
2/1/15,0.075230008,-0.341344746,0.294107002,-0.38342969,-0.374928064,-0.155383425,0.378327495,-0.466623492,-0.341344746,-0.446682662,0.098706326,0.188830225,,-0.278050268,0.24324698,-0.221383546,0.287963247,0,-0.388505041,0.192805085,0.310634025,-0.240803589,0.273960886,0.353353694,0.152282534,0.445140843,0.406643597,-0.311207012,0.332905208
3/1/15,0.066748823,-0.433192799,0.496679057,-0.095584923,-0.127820717,-0.232353492,0,-0.280526503,-0.433192799,-0.310557717,-0.084837871,-0.018127498,,-0.121334963,0.28076792,0.5,0.122191524,0.5,-0.334098956,0.241887708,0.206976607,0.221328447,0.193605919,0.047949303,0.08436749,0.294586444,0.016037801,-0.085765936,0.491799712
4/1/15,0.05581593,-0.191462461,0.413852236,-0.13055866,-0.051888775,-0.25228798,-0.049738225,0.298502195,0,-0.157263122,0.066183833,0.184089967,,-0.039827837,0.292403009,0.418107342,0.070774691,-0.5,-0.247730668,0.285244093,0.160127596,0.031831351,0.192522099,0.317675492,0.11020953,0.352037299,-0.041937054,-0.078074374,0.432267076
5/1/15,-0.35911748,0.098706326,0.32804535,0.438422692,0.499229015,-0.293928163,-0.098706326,0.009573696,0.191462461,-0.045929864,0.5,-0.346547807,,0.354414342,0.236650979,0.189868639,0.233497591,0,-0.283193083,0.035496041,0.27266179,-0.4906684,0.238007768,0.16557774,-0.089080811,0.380588692,-0.104404279,0.312968601,0.287524947
6/1/15,0.351362126,-0.191462461,0.282484706,0.492168323,0.499999881,-0.28248651,-0.117911422,0.192869312,-0.098706326,0.022277798,0.497979863,0.048031573,,0.466623492,0.214417436,0.039422763,0.183501648,-0.098706326,-0.273908356,0.140343434,0.433771127,0.122160048,0.447180579,-0.190658201,0.085703117,0.297495735,-0.123418423,0.433192799,0.341390354
7/1/15,0.46652443,-0.341344746,0.276394112,0.25464789,0.307418063,-0.037691089,-0.273372648,0.057902011,-0.191462461,-0.083320708,0.355995621,-0.154150971,,0.199074012,0.269595912,0.347718897,0.419953955,0,-0.059368066,0.200555077,0.242514334,0.086517756,0.320129721,0.325494136,-0.154321918,0.141572618,-0.223388277,0.213112298,0.298225491
8/1/15,0.124616621,-0.433192799,0.233302224,0.023453666,0.100343878,-0.071042416,-0.191462461,-0.028727724,-0.098706326,0.079826356,0.263433658,-0.081954675,,-0.122669718,0.229941163,0.499971323,0.389333582,0,-0.074486937,0.488467426,0.218359018,-0.099711531,0.249137845,-0.054541061,0.438533363,0.133429868,-0.107845061,0.022152064,0.20639138
9/1/15,0.355945299,-0.273372648,0.180111928,0.035155167,0.136830651,-0.279436615,0,0.242153889,-0.273372648,0.107776857,0.353745061,-0.269590828,,-0.358812636,0.244338116,0.150445989,0.35417555,0,-0.375882356,0.386989936,0.225819082,-0.292446253,0.2194506,-0.112660329,0.457805078,0.079163838,0.221268569,-0.40878878,0.110159253
10/1/15,0.409064992,-0.191462461,0.089838414,-0.207279533,0.358011614,-0.310032789,0.191462461,-0.221286201,-0.191462461,0.132653282,0.282304562,-0.153886008,,-0.429893728,0.300256197,-0.00055563,0.236134712,-0.5,-0.339258138,0.25152403,0.20831814,-0.023041213,0.168000681,0.431145268,-0.042066343,-0.173394642,0.356107239,-0.446422246,0.37509522
11/1/15,-0.019478777,0,0.242895799,-0.018127498,0.306937663,-0.389857414,-0.341344746,0.068805288,-0.191462461,-0.496655632,0.121850627,-0.038547141,,-0.240806351,0.30200345,0.275647501,0.147975742,-0.191462461,-0.423689692,0.332135882,0.20177352,-0.058708073,0.158048466,0.140380906,-0.123389336,-0.228845471,-0.081725882,-0.168394378,0.115881754
12/1/15,-0.465396457,-0.191462461,0.499999386,-0.433192799,0.165882429,-0.363405652,0,0,0.341344746,-0.203547836,0.055231024,0.133864162,0.5,-0.237730282,0.27926575,-0.5,0.269639446,-0.341344746,-0.358241401,0.329361825,0.296139536,-0.412632088,0.336350125,0.094970872,-0.023004573,0.083460336,0.111866858,-0.116498093,-0.055201876
1/1/16,0.487665165,-0.341344746,0.356557051,-0.087929552,0.17664351,-0.080876723,0.433192799,-0.195641167,0.341344746,-0.160729277,0.445200708,0.073075849,0.5,-0.264418553,0.212478458,-0.475047906,0.49251079,-0.341344746,-0.090532767,0.101159789,0.346414581,-0.009524546,0.489127021,0.203098571,0.1047125,0.279057294,0.355029812,-0.464069681,-0.283517502
2/1/16,0.033003496,-0.5,0.318512984,-0.087929552,-0.17664351,-0.196150751,-0.191462461,0.16021262,0.273372648,0.107234341,0.492420781,0.039827837,0.191462461,-0.208840313,0.300992866,-0.224913197,0.335111413,-0.341344746,-0.197966041,0.135873107,0.251107855,-0.387023572,0.358421378,-0.004367894,0.117203686,0.352272711,-0.251878305,-0.375718376,-0.434348188
3/1/16,-0.118496238,0,0.267657996,-0.469603638,-0.40878878,-0.308018191,0.13055866,-0.091685967,0.273372648,0.19737921,-0.042662176,-0.191462461,0,-0.08932402,0.469641643,-0.418866795,0.138458604,0.098706326,-0.319406448,0.49194831,0.158660058,-0.415866924,0.170913486,0.491185827,0.016921701,0.362241948,0.153344652,-0.180375828,0.034476034
4/1/16,0.306065075,0.191462461,0.29426396,-0.499993928,-0.497020237,-0.226759524,-0.13055866,0.0411964,0.341344746,0.332510882,-0.323444383,-0.473107956,,0.084837871,0.346283053,-0.110988583,0.022083974,0.191462461,-0.239795194,0.470842134,0.421489565,0.089908445,0.184017216,-0.034575559,-0.242924004,0.232896173,-0.100677856,-0.053035117,0.261942308
5/1/16,0.332633877,-0.341344746,0.305714042,-0.349276033,-0.348788201,-0.182881652,-0.247507462,-0.067673661,-0.098706326,0.173276811,-0.406820748,0.433192799,,0.390139949,0.206322469,0.001477561,-0.081780921,-0.191462461,-0.207301169,0.175608867,0.395845317,-0.045621839,0.327078446,-0.064614577,-0.265680765,0.181741792,-0.228147103,0.136830651,0.37564456
6/1/16,-0.338374627,0,0.392563343,-0.197117854,-0.207279533,0.089325603,-0.309213047,0.283506615,-0.098706326,0.088126113,-0.177430757,0.315939875,,0.48847869,0.131424127,0.023167096,-0.001356944,0.098706326,0.061200332,0.133388681,0.255314621,-0.249483009,0.238478684,-0.051632618,0.331976168,0.216549088,-0.30928038,0.341344746,0.210772522
7/1/16,0.412025418,-0.191462461,0.232326011,-0.322517046,-0.236742005,0.255551944,-0.247507462,0.23579492,0,-0.19047282,-0.144840826,-0.133071736,,0.259011073,0.16561562,0.499989311,0.494389088,0.098706326,0.265167627,0.433040615,0.360669753,0.000311743,0.385109617,0.497468754,0.115082467,0.485189486,-0.259509121,0.279121836,0.077686942
8/1/16,0.033616469,0,0.208221848,-0.341344746,-0.301266537,0.222034607,-0.146169767,-0.008671975,0.098706326,-0.0279926,-0.330096194,-0.068056605,,0.058720996,0.032008972,0.482447401,0.411865371,-0.341344746,0.188089348,0.363148337,0.362491235,0.123162663,0.38493033,-0.133275251,-0.065092389,0.199536653,-0.095643106,0.069460183,0.123091762
9/1/16,0.127193194,0.191462461,0.223159342,-0.059617692,-0.098706326,0.065558051,-0.066183833,-0.330351588,0.098706326,-0.026576464,-0.211858919,0.064410922,,0.025999543,0.498741763,0.22537023,0.360366452,-0.191462461,0.001900541,0.283946133,0.281412324,-0.123147725,0.299482086,0.272136583,-0.063307133,0.089034839,-0.020705007,0.120841763,0.445717554
10/1/16,-0.233194068,0,0.36191932,0.109408525,0.048031573,0.225939464,0.341344746,0.385492209,0,-0.499977482,-0.103785559,-0.216145417,,-0.039827837,0.493085804,0.065565136,0.273516569,-0.098706326,0.412141528,0.157081381,0.301004552,0.488096438,0.314076928,-0.269771711,0.003442142,0.499999996,0.469357149,0.360669753,0.246208356
11/1/16,0.10001562,-0.5,0.230772668,0.394350226,0.423436274,0.006518375,0.191462461,-0.109408525,-0.191462461,-0.398492068,-0.415434278,0.412632088,,-0.13055866,0.314938763,-0.392461627,0.333696345,-0.098706326,-0.202265606,0.197662873,0.296345502,0.013834605,0.296330785,0.225572392,0.398885945,0.497257609,0.451254702,0.487775527,0.4978495
12/1/16,0.223221598,-0.341344746,0.329046415,0.456415704,0.468354584,0.499999885,-0.433192799,0.22222822,-0.191462461,-0.406789911,-0.497696734,0.498297382,0.5,0.493790335,0.118228426,0.472432333,0.219473182,-0.341344746,0.489994674,0.5,0.237752125,0.342166775,0.232495516,0.066873976,0.146369628,0.339713047,-0.24034084,0.40878878,0.494888324
1/1/17,0.325489164,-0.191462461,0.438720083,0.175645195,0.136830651,0.492954404,0.191462461,0.086265466,0,-0.176030238,-0.461863045,0.319247215,0.5,0.5,-0.009386542,-0.481647988,0.349372955,0.5,0.49484323,0.331712488,0.352552083,0.2035511,0.363045641,-0.150532899,0.318043104,0.072065613,0.207904311,0.413658979,0.269839413
2/1/17,0.124934824,-0.098706326,0.250684229,0.043698595,-0.01208731,0.090023056,0.433192799,0.127328602,0,-0.074301045,-0.234014471,0.070862885,0.191462461,0.441403687,-0.049846361,-0.173056749,0.411834746,0.5,0.062728184,0.126389986,0.389534562,-0.102582862,0.413010929,0.039453336,0.084969932,0.224370302,0.356967542,0.334123317,0.133834356
3/1/17,0.057108704,-0.5,0.163205959,0.191462461,0.056798497,0.195465821,0.433192799,-0.202946776,0.341344746,0.051943547,-0.081558595,0.02717955,0.191462461,0.16001351,-0.5,-0.463719339,0.347530851,0.098706326,0.216666788,0.245809282,0.247478573,0.17883047,0.254585152,-0.073595124,-0.134478324,0.128064957,0.499917758,0.156837073,0.307856637
4/1/17,0.098177556,-0.341344746,0.226790993,-0.171639357,-0.364333939,0.458081108,0.247507462,-0.135208021,0.341344746,0.216145417,0.066183833,0.010497269,0.5,0.136261955,-0.5,-0.455097627,0.231301327,0,0.426209009,0.498129577,0.183083005,0.197615113,0.183526978,0.21550392,-0.151585369,-0.069339708,0.249439593,0.17364478,0.166416087
5/1/17,0.025617215,-0.191462461,0.215884758,-0.210742639,-0.415434278,0.451401026,0.341344746,-0.195795449,0,0.49982248,0.079259709,0.015340152,0.191462461,0.264921069,-0.137886965,-0.177709549,0.28439303,0.191462461,0.478661792,0.177126852,0.294612239,0.064200287,0.307322756,-0.155665597,-0.239498917,0.174701523,0.374507293,-0.169125612,0.251349317
6/1/17,0.5,-0.191462461,0.187336589,-0.433192799,-0.433192799,0.192373735,0.477249868,0.194598854,0,0.499988541,-0.297671619,-0.499999713,0.191462461,0.279121836,0.015472425,-0.046569099,0.245882569,0,0.196712534,0.018343052,0.307103702,0.498006097,0.285658173,0.484336438,-0.299946022,-0.13790327,0.425903818,-0.122669718,0.365786864
7/1/17,0.5,-0.191462461,0.4122039,-0.302337457,-0.341344746,0.05031626,0.191462461,0.044946361,0.098706326,0.372124278,-0.433192799,-0.493790335,0.5,0.098706326,0.164469085,-0.035706454,0.218755659,0,0.043040777,0.499947615,0.235164283,-0.371363367,0.203267859,0.180452858,-0.102288545,-0.116939338,0.181284979,-0.16153888,0.389961885
8/1/17,0.245278383,0,0.365668172,-0.241203063,-0.247507462,-0.250214942,0.098706326,-0.079945629,0,0.268850788,-0.262474738,-0.009972518,0.191462461,0.216145417,0.390926352,-0.499995089,0.128084319,0,-0.322206493,0.499999386,0.245892602,0.017661982,0.203890945,0.099697464,-0.020127874,-0.244637381,0.096788235,0.320341331,0.386047603
9/1/17,-0.245451428,-0.341344746,0.396746286,-0.081558595,-0.098706326,-0.24862764,-0.191462461,0.03843478,0.191462461,0.260630859,-0.10513709,-0.164581663,0,0.360669753,0.499500889,0.5,0.34022968,0.5,-0.334208489,0.384324339,0.398890062,0.499859703,0.409251214,0.076478773,-0.327405733,-0.284812562,-0.121983234,0.372097796,0.270369151
10/1/17,0.182371925,-0.341344746,0.429727015,-0.216145417,-0.122669718,0.391457174,-0.098706326,0.324284752,-0.341344746,0.076898559,-0.309213047,0.440093093,,0.48486986,0.432119438,0.5,0.263183993,-0.5,0.361123056,0.251984201,0.339620101,0.074392347,0.335160811,0.19868374,-0.03842807,0.218975419,-0.010375941,0.406278605,0.184218677
11/1/17,0.499994203,-0.191462461,0.274099374,-0.225746882,-0.16153888,0.438609089,-0.477249868,0.2498167,-0.341344746,-0.008457507,-0.498650102,0.327528711,,0.309213047,0.163095595,0.118537574,0.301629952,-0.5,0.410748426,0.29350371,0.266611579,0.06576434,0.250701752,-0.064991292,-0.143605877,0.499999912,-0.398052298,0.270350003,0.177436834
12/1/17,0.032085201,-0.191462461,0.25940893,-0.477249868,-0.487775527,0.236107407,-0.477249868,-0.019452884,-0.191462461,0.218560806,-0.31403316,-0.052647433,0.5,0.252323037,0.043155575,-0.028078589,0.222404675,0.191462461,0.224371063,0.303617046,0.209277674,0.188581017,0.199755238,0.466623492,0.146409338,0.499997813,-0.494147747,0.247507462,0.495388692
1/1/18,0.499993242,-0.341344746,0.299519275,-0.16153888,-0.191462461,0.059061666,0.098706326,0.258416983,0,0.491114863,-0.281649985,-0.083766438,0.5,0.413658979,0.222550984,-0.110918339,0.429925729,0.098706326,0.045185768,0.126597651,0.280683516,-0.107016638,0.392242178,0.474681628,0.306385691,0.410009114,0.201429763,0.214037046,0.405820092
2/1/18,0.202647015,0,0.150278539,0.493790335,0.498650102,0.137755388,0.234014471,0.062935434,0.5,0.444636805,-0.332548649,0.251295274,0.191462461,0.387680681,0.316442949,-0.104587277,0.487856264,0,0.108796708,-0.006925096,0.328426059,0.15778102,0.44709588,0.376601292,-0.108896717,0.34670068,0.342720872,0.136830651,0.294293851
3/1/18,0.13333984,-0.5,0.188733582,0.498650102,0.498976521,0.424768909,0.155421742,0.20336068,0.5,0.213401172,-0.016617786,0.148613149,0.191462461,0.273372648,0.459381068,-0.008671975,0.274393792,0.098706326,0.3996671,0.419921082,0.262217921,0.206822383,0.269065377,0.340811184,0.342469624,0.176843628,0.1954293,0.358011614,0.238048461
4/1/18,0.050106736,-0.191462461,0.453213319,0.197951729,0.288144601,0.487455746,0.049738225,-0.224463772,0.191462461,0.029213588,0,0.015743633,0.5,0.155421742,0.499825754,0.112623559,0.163696286,,0.490958629,0.231482748,0.19808233,0.09467532,0.172856834,0.248386676,-0.02244752,0.063021131,0.079569812,0.135386451,0.14932695
5/1/18,0.293433472,-0.341344746,0.370675648,0.117911422,0.163141675,0.192960789,0,0.195363372,0,-0.448595642,0.082515647,-0.041916502,0.191462461,0.418168503,0.463551689,0.007526766,0.257477816,0.5,0.118751068,0.026557385,0.259654631,0.26682816,0.271488618,0.282709461,0.168319006,0.054224204,0.007671494,0.264921069,0.153039145
6/1/18,0.119459075,,0.241777651,0.364333939,0.223660332,0.237705666,0.341344746,-0.411142837,0.5,-0.484494608,0.191462461,-0.070037873,0.191462461,0.492857189,0.216067564,-0.070955747,0.241399365,0.433192799,0.240200647,0.212168218,0.30307523,0.159261886,0.272556835,0.260756418,-0.173359516,-0.491709752,0.499861743,0.499767371,0.370221353
7/1/18,0.050845694,-0.5,0.228347368,0,0.123918846,0.258338711,0.191462461,-0.262814292,0.191462461,-0.216476878,0.341344746,-0.117911422,0.5,0.19596156,0.151658647,-0.494483733,0.323842293,0.191462461,0.234594338,0.392674416,0.337644957,-0.34983996,0.276113788,0.334170884,0.267701412,-0.499379017,0.499999994,0.280158099,0.31652614
8/1/18,0.072957641,-0.191462461,0.242026718,0.022152064,-0.024917669,0.284832452,0,0.015781368,-0.341344746,-0.093243871,0.059617692,-0.394350226,0.191462461,0.010228168,0.301770103,-0.499439657,0.289057195,0.341344746,0.230034325,0.276790141,0.284221806,0.41109928,0.246699564,0.141651337,-0.201055025,-0.228314461,0.223273081,0.112451519,0.455556544
9/1/18,-0.22353111,-0.098706326,0.23392774,0.210742639,0.273372648,0.434355467,0.098706326,-0.053810332,-0.341344746,-0.024917669,0,0.499767371,0.191462461,0.039827837,0.194089695,0.095906381,0.160945907,-0.191462461,0.327291561,0.252060408,0.190576825,0.422447916,0.190133118,0.13055866,-0.070801043,-0.167570831,0.075479001,0.247507462,0.365597621
10/1/18,-0.421622534,,0.241822451,0.315939875,0.498650102,0.179744433,-0.433192799,-0.090725553,-0.066183833,-0.499999944,0.341344746,0.341344746,0.5,0.234014471,0.349737252,0.286464052,0.145883154,0,0.141908569,0.261832083,0.149756149,-0.078360322,0.193652587,0.239495568,0.025816688,-0.471052785,-0.427309766,0.482135579,0.265132094
11/1/18,-0.12656892,,0.390495338,0.403199515,0.48486986,0.184406462,-0.493790335,-0.011731905,0.066183833,-0.374459416,0.493790335,-0.191462461,0.191462461,-0.412632088,0.463788396,0.094854156,0.237916302,-0.191462461,0.124637453,0.375833535,0.198476671,-0.084829621,0.267898761,0.460933907,0.388732247,-0.401987626,-0.49878919,0.155421742,0.209152177
12/1/18,0.467420186,0.5,0.048873833,0.03065763,0.172356151,0.368328611,0.48486986,-0.358011614,0.191462461,-0.17956418,0.499999713,0.072137292,0.191462461,-0.425693002,0.386145281,0.067069791,0.49810458,-0.341344746,0.495137684,0.462300817,0.486028899,0.120469728,0.46008578,0.188996177,0.339790007,-0.167550172,0.499965692,-0.447918721,0.281238973
1/1/19,-0.403541807,0.5,0.206529712,-0.110740671,0.039827837,0.048322166,0.378327495,0.28047828,0.273372648,-0.083002582,0.36728239,-0.499375119,0.5,-0.450920612,0.308592967,-0.464592866,0.485079479,-0.098706326,-0.283243869,0.336354699,0.459488799,0.013677535,0.361229219,0.172493337,0.44779791,0.094824149,0.47044588,-0.499422975,0.383715084
2/1/19,0.25849295,0,0.09004633,-0.263852515,-0.421709796,-0.181007679,0.151320829,-0.297671619,0.191462461,-0.125305244,0.088498484,-0.479594967,0.191462461,-0.224463772,0.206747734,-0.493612845,0.200380401,-0.191462461,-0.476687901,0.16141906,0.254575037,-0.282288001,0.203634867,-0.433192799,-0.084298689,0.173220891,0.187867957,-0.203921986,0.382876544
3/1/19,0.190089683,0,0.458123581,-0.224157835,-0.490184671,-0.144514513,-0.098706326,-0.002849563,0.098706326,-0.281649985,0,0.039827837,0,-0.012866874,0.138612173,-0.004909935,0.024131771,-0.341344746,-0.334513401,0.183999104,0.143456379,0.236867406,0.083845315,-0.111853436,0.036451745,0.262447371,-0.084868407,0.213112298,0.149255897
4/1/19,-0.050824801,-0.191462461,0.499965931,-0.199074012,-0.378327495,-0.253065801,-0.297671619,0.183536785,-0.341344746,-0.481993215,-0.452209648,-0.013295614,,0.140991806,0.057100232,-0.232953843,-0.240219331,-0.341344746,-0.231586335,0.487410111,0.265795425,-0.309030226,0.29819795,-0.230066359,-0.217533932,0.225014991,-0.247458344,0.355995621,0.157173364
5/1/19,-0.262053738,-0.191462461,0.310025544,-0.146169767,-0.216145417,-0.158856611,-0.341344746,0.098706326,-0.341344746,-0.332548649,-0.247507462,0.122141923,,0.098706326,0.002512672,0.160271695,-0.302488501,0.273372648,-0.207820837,0.191994051,0.163812098,-0.290759036,0.143319877,-0.058846251,-0.059261551,0.234415773,-0.309714588,0.265773985,0.285861479
6/1/19,-0.186632197,-0.341344746,0.173131069,-0.459940843,-0.276372708,-0.123301449,-0.17364478,-0.097218429,-0.191462461,-0.001734526,0.433192799,0.043278055,,-0.039827837,0.482890744,0.127100624,-0.072646846,0.098706326,-0.20223678,0.157597408,0.178706682,-0.103822259,0.269266723,-0.276372708,0.16038139,0.113756374,-0.186327487,-0.006434274,0.249842074
7/1/19,-0.321142158,-0.191462461,0.253571665,-0.477249868,-0.341344746,-0.112337767,-0.139507569,-0.071301046,0.191462461,-0.250930039,-0.234014471,0.033206752,,-0.01424491,0.43688639,-0.063360768,0.069587738,0,-0.115148603,0.458481573,0.275742999,0.094480556,0.491178247,-0.200665593,0.159590909,0.154156725,-0.146958689,0.066183833,0.132949797
8/1/19,-0.047244126,0,0.258396708,-0.399336104,-0.443327245,0.448813303,0,0.401632399,0.273372648,-0.234014471,0.039827837,-0.5,-0.5,-0.288144601,0.420887581,-0.092333847,0.468045478,0.098706326,0.140197627,0.318217065,0.421540045,0.123506387,0.468508208,-0.180571765,0.319958639,0.499966658,0.037949922,-0.107468566,0.075422393
9/1/19,0.160941555,-0.341344746,0.189238205,-0.196079562,-0.283982554,0.238984729,0,0.042232867,0.191462461,-0.483317341,-0.191462461,-0.481389575,-0.5,-0.294298903,0.345448844,0.039827837,0.489602567,0.191462461,-0.449189019,0.255850721,0.383456183,0.048259637,0.343558521,-0.119336369,-0.111425137,0.440464622,0.116115395,-0.146169767,-0.17654001
10/1/19,0.460691703,0,0.230074693,-0.140192864,-0.128269191,-0.194531458,-0.098706326,0.32201644,0.098706326,-0.284237686,-0.191462461,-0.102419766,-0.433192799,-0.214529664,0.116664253,-0.401865319,0.212316057,-0.341344746,-0.335920065,0.406909692,0.275753287,-0.00522266,0.219682904,0.499654161,-0.341150385,0.161935794,0.005631939,0.273372648,-0.145162042
11/1/19,0.193001233,,0.297057878,0.02136169,0.010780911,0.337186178,0.273372648,0.17792519,0.191462461,-0.100600589,-0.433192799,0.051716787,-0.191462461,-0.023453666,0.071148622,-0.254794469,0.175246801,-0.341344746,0.100383781,0.401305762,0.274296127,-0.494129663,0.225416859,-0.499986442,-0.218468973,0.238526306,0.2389137,0.433192799,-0.288651774
12/1/19,0.499996881,,0.286160638,-0.079259709,-0.247507462,0.046629372,-0.191462461,0.398525728,0.191462461,0.140192864,-0.5,0.201173209,-0.098706326,0,0.049046336,-0.269590828,0.211858919,-0.273372648,-0.314104092,0.348183317,0.343534481,0.021566519,0.313652695,-0.499976493,0.098646379,0.292999619,-0.006676547,0.273372648,-0.276555001
1/1/20,-0.253123945,-0.5,0.330153968,-0.459940843,-0.459940843,-0.230110839,0.433192799,0.499556835,0.5,0.124552827,-0.394350226,0.224820488,0,0.146169767,-0.498178926,-0.081409883,0.494112174,0,-0.256311212,0.183210798,0.335617912,-0.192058929,0.341768142,0.045735278,-0.050439936,0.38269826,0.498826395,0.133864162,-0.42819937
2/1/20,0.285126703,-0.191462461,0.320920582,-0.499999996,-0.499911583,-0.074501734,0.452209648,0.154228193,0.191462461,-0.441071227,-0.020987272,0.209742143,,-0.497979863,-0.3708642,-0.12632958,0.451443756,-0.5,-0.107856773,0.104967257,0.437445351,0.5,0.44710365,-0.073032661,0.499999356,0.353226982,0.4849149,-0.141935216,-0.498053294
3/1/20,-0.486249283,0.499968329,-0.499884741,0.028471665,0.414135095,-0.499999829,0.5,-0.254844675,-0.499767371,-0.050790808,0.499999999,-0.455434537,-0.5,-0.5,0.5,-0.5,-0.086179194,-0.433192799,-0.5,0.487629244,-0.039827837,-0.5,-0.02368164,-0.495344492,0.5,0.159373815,0.5,-0.494613854,-0.4222727
4/1/20,-0.440112855,0.5,-0.5,-0.499855519,0.268919805,-0.5,0.5,-0.428577427,-0.5,-0.458253534,0.5,-0.499997712,-0.5,-0.498331093,0.5,-0.5,0.5,-0.273372648,-0.5,0.5,0.5,-0.499999988,0.5,-0.499974546,0.485199044,-0.312907138,0.5,-0.499999975,-0.377626225
5/1/20,0.080990004,0.499999965,-0.292849431,-0.330595647,0.03872504,-0.463528966,0.439088848,-0.297228071,-0.462927234,-0.144926159,0.161974216,-0.396468426,-0.191462461,-0.25378237,0.44079913,-0.167735877,0.499683706,0.487775527,-0.463343913,0.454603158,0.478091531,-0.246216327,0.496722017,-0.197104261,0.27603523,-0.390077724,0.46353488,-0.217513837,-0.498415246
6/1/20,0.338436807,0.133763119,0.015853315,-0.150386311,-0.166604218,-0.077785257,0.073768056,-0.001508285,-0.094834872,0.394678363,-0.056152469,-0.079259709,0,-0.046682479,0.118950361,0.034501753,0.139389667,0.341344746,-0.076983926,0.216700352,0.140588771,0.01002726,0.145348605,0.043630613,-0.06052971,-0.203022567,0.081712734,-0.032663607,-0.437474633
7/1/20,0.496730044,-0.020162648,0.080760306,-0.201740081,-0.243141596,0.065443302,-0.010141508,0.184570973,0.011080305,0.481031722,-0.218513541,-0.066183833,,0.079259709,-0.037293389,0.289401938,0.008312627,0.146169767,0.0661336,0.113718088,0.024911062,0.317098998,0.01653448,0.262009653,0.140533855,0.041323229,-0.008795505,0.098706326,-0.166700935
8/1/20,0.273191363,-0.168394378,0.119971176,-0.412632088,-0.256120498,0.101902214,-0.1365328,0.092416768,0.084837871,0.367586963,-0.241203063,0.054852539,,0.13768313,-0.265207959,0.334332547,-0.325012929,0.024917669,0.102499427,0.07662891,-0.401078726,0.32603981,-0.37851775,0.195948073,-0.284110004,0.398383532,-0.141484744,0.13793373,-0.038107551
9/1/20,0.068273766,-0.202726364,0.105707599,-0.123918846,-0.086577601,0.100222243,-0.151320829,0.101301152,0,0.17460602,-0.077270354,0.485898263,,0.187450418,-0.359186742,0.242527848,-0.289515573,-0.477249868,0.10133759,0.135871453,-0.332632519,0.150088926,-0.324474467,0.098128527,-0.132465638,0.380395923,-0.154842734,0.191462461,0.148196743
10/1/20,-0.04568169,-0.229436988,0.200512674,0.041916502,0.048238488,0.078745122,-0.226503694,0.175947145,0.341344746,0.104941889,-0.034646964,0.25411615,,0.213798537,-0.261032039,0.163159304,-0.221929912,-0.477249868,0.080436161,0.485655509,-0.188162472,0.079262781,-0.207286301,0.163796076,0.043736108,0.271737264,-0.224977191,0.273372648,0.287070081
11/1/20,-0.118037489,-0.138393009,0.075104646,-0.019938806,-0.091252957,0.349749766,-0.096456633,0.194543951,0,0.038892149,-0.499110975,-0.037937144,,0.288144601,-0.28709657,0.07469119,-0.138935146,-0.098706326,0.347061898,0.430471936,-0.179114034,0.352804004,-0.16592676,0.114609468,0.122518555,0.34016373,-0.097784316,0.405324257,0.343872858
12/1/20,-0.241285328,-0.143066163,-0.087148389,-0.13055866,-0.394350226,0.415820083,-0.079259709,0.33741052,0,0.499519537,-0.499767371,0.118516655,,0.376790434,-0.226413754,0.082174758,-0.321273167,-0.146169767,0.416580386,0.394127296,-0.19082391,0.217008347,-0.236749206,0.044946361,-0.004682867,0.383372221,-0.102687392,0.364333939,0.258957197
1/1/21,0.338949597,-0.107468566,0.43866864,0.433192799,-0.13055866,0.279095405,0.499183648,0.185366433,-0.191462461,0.499934902,-0.352093531,-0.073075849,,0.418168503,-0.203385384,0.202117025,0.498205259,0.341344746,0.271097814,0.263381949,0.5,0.344917855,0.499998936,0.368505605,-0.304429308,0.246709256,0.499962404,0.420175049,0.241455311
2/1/21,0.084179264,-0.394350226,0.364264621,0.499951904,0.191462461,-0.074036786,0.019938806,-0.165882429,-0.191462461,0.136781663,-0.126057183,-0.355159922,,0.393232264,-0.117331217,-0.457151195,0.06277931,0.459940843,-0.076914745,0.156875616,0.220693253,0.261602623,0.176847687,0.493494555,-0.449849539,0.141904833,0.090282811,0.438642611,0.239909464
,,,,,,,,,,,,,,,,,,,,,,,,,,,,,